Referencia;Nº de cuenta;Importe;Moneda;Fecha valor;Concepto
OP-2026000001;ES2620850000170000000012;1.010,97;EUR;23/09/2026;Mantenimiento
OP-2026000002;ES8020850000110000000013;5.359.116,93;COP;20/09/2026;Comisiones
OP-2026000003;ES1800810000550000000225;1.056,51;USD;13/09/2026;Proveedor
OP-2026000004;ES3101280000140000000056;1.255,68;USD;25/09/2026;Mantenimiento
OP-2026000005;ES7900810000560000000048;19.815,98;MXN;19/09/2026;Seguros
OP-2026000006;ES7701820000960000000107;1.088,03;EUR;26/09/2026;Alquiler
OP-2026000007;ES8321000000620000000119;900,62;EUR;20/09/2026;Formación
OP-2026000008;ES7500810000510000000074;18.288,24;MXN;20/09/2026;Proveedor
OP-2026000009;ES5800490000060000000204;743,18;EUR;21/09/2026;Formación
OP-2026000010;ES9100810000580000000025;862,10;EUR;26/09/2026;Suministros
OP-2026000011;ES5900810000550000000166;1.268,05;EUR;18/09/2026;Material de oficina
OP-2026000012;ES7521000000630000000214;724,76;EUR;26/09/2026;Comisiones
OP-2026000013;ES4801280000140000000041;1.127,90;USD;18/09/2026;Mantenimiento
OP-2026000014;ES0700490000010000000203;868,29;USD;21/09/2026;Suministros
OP-2026000015;ES7501820000900000000146;792,63;EUR;24/09/2026;Suministros
OP-2026000016;ES8620850000160000000145;585,43;EUR;17/09/2026;Licencias de software
OP-2026000017;ES2420850000110000000245;983,62;EUR;19/09/2026;Proveedor
OP-2026000018;ES4220850000150000000016;948,96;EUR;25/09/2026;Transporte
OP-2026000019;ES9600810000560000000130;1.047,90;USD;18/09/2026;Seguros
OP-2026000020;ES6200810000510000000017;1.125,41;EUR;17/09/2026;Transporte
OP-2026000021;ES8021000000610000000222;848,63;EUR;27/09/2026;Formación
OP-2026000022;ES5001280000130000000248;885,49;EUR;13/09/2026;Nómina
OP-2026000023;ES7920850000120000000176;957,75;EUR;21/09/2026;Publicidad
OP-2026000024;ES9201280000120000000220;3.564.503,75;COP;18/09/2026;Transporte
OP-2026000025;ES7400490000070000000158;657,91;USD;13/09/2026;Material de oficina
OP-2026000026;ES3101280000140000000056;656,61;EUR;22/09/2026;Servicios profesionales
OP-2026000027;ES8001280000130000000096;801,89;EUR;26/09/2026;Mantenimiento
OP-2026000028;ES5900490000010000000237;816,34;USD;17/09/2026;Material de oficina
OP-2026000029;ES2401280000100000000184;879,84;EUR;19/09/2026;Nómina
OP-2026000030;ES7620850000110000000085;783,14;EUR;17/09/2026;Viajes
OP-2026000031;ES9601280000110000000197;3.637.701,09;COP;19/09/2026;Transporte
OP-2026000032;ES4621000000680000000006;746,73;EUR;21/09/2026;Transporte
OP-2026000033;ES9401820000990000000042;1.532,44;EUR;22/09/2026;Alquiler
OP-2026000034;ES3801820000960000000033;1.101,25;EUR;21/09/2026;Transporte
OP-2026000035;ES9001280000150000000109;1.027,75;EUR;22/09/2026;Proveedor
OP-2026000036;ES4201280000170000000099;819,91;EUR;19/09/2026;Suministros
OP-2026000037;ES6701820000910000000047;712,66;USD;21/09/2026;Nómina
OP-2026000038;ES9100490000070000000240;581,20;USD;21/09/2026;Licencias de software
OP-2026000039;ES4600810000580000000059;1.136,50;EUR;13/09/2026;Nómina
OP-2026000040;ES4800810000520000000123;610,39;EUR;19/09/2026;Seguros
OP-2026000041;ES2501820000990000000023;4.291.021,49;COP;26/09/2026;Proveedor
OP-2026000042;ES9320850000110000000167;1.078,27;EUR;26/09/2026;Comisiones
OP-2026000043;ES9420850000180000000194;821,27;EUR;24/09/2026;Transporte
OP-2026000044;ES5900810000520000000216;1.149,51;EUR;13/09/2026;Licencias de software
OP-2026000045;ES7120850000130000000174;1.220.268,26;COP;21/09/2026;Comisiones
OP-2026000046;ES3520850000140000000191;953,65;EUR;27/09/2026;Comisiones
OP-2026000047;ES7300810000540000000060;1.366,06;EUR;21/09/2026;Comisiones
OP-2026000048;ES4101820000970000000221;772,15;EUR;16/09/2026;Transporte
OP-2026000049;ES9820850000180000000122;675,26;EUR;27/09/2026;Formación
OP-2026000050;ES0620850000190000000080;699,93;USD;16/09/2026;Proveedor
OP-2026000051;ES8700810000550000000244;1.196,86;USD;18/09/2026;Comisiones
OP-2026000052;ES1500810000540000000134;5.024.566,91;COP;24/09/2026;Material de oficina
OP-2026000053;ES8001280000130000000096;858,10;USD;21/09/2026;Viajes
OP-2026000054;ES6201820000960000000183;781,64;EUR;24/09/2026;Alquiler
OP-2026000055;ES9121000000610000000218;4.108.158,07;COP;24/09/2026;Publicidad
OP-2026000056;ES2620850000170000000012;867,11;EUR;19/09/2026;Material de oficina
OP-2026000057;ES5520850000150000000170;1.232,15;EUR;15/09/2026;Mantenimiento
OP-2026000058;ES5901280000140000000037;779,81;EUR;24/09/2026;Material de oficina
OP-2026000059;ES3021000000610000000152;845,55;EUR;23/09/2026;Formación
OP-2026000060;ES3921000000640000000231;911,78;EUR;17/09/2026;Seguros
OP-2026000061;ES5600490000000000000049;494,12;EUR;24/09/2026;Licencias de software
OP-2026000062;ES8501820000980000000156;1.295,79;EUR;23/09/2026;Servicios profesionales
OP-2026000063;ES0201820000900000000199;2.572.403,87;COP;27/09/2026;Mantenimiento
OP-2026000064;ES3400810000510000000133;1.137,95;EUR;13/09/2026;Proveedor
OP-2026000065;ES7601820000920000000030;881,34;EUR;21/09/2026;Licencias de software
OP-2026000066;ES3221000000600000000165;16.758,00;MXN;25/09/2026;Nómina
OP-2026000067;ES9821000000680000000137;19.128,72;MXN;15/09/2026;Publicidad
OP-2026000068;ES3801820000960000000033;995,98;USD;14/09/2026;Transporte
OP-2026000069;ES4400810000520000000098;1.090,44;EUR;17/09/2026;Publicidad
OP-2026000070;ES1100490000070000000031;606,45;EUR;18/09/2026;Servicios profesionales
OP-2026000071;ES9400810000590000000213;19.507,95;MXN;18/09/2026;Licencias de software
OP-2026000072;ES3820850000120000000235;19.333,34;MXN;22/09/2026;Transporte
OP-2026000073;ES8400490000000000000127;866,54;EUR;25/09/2026;Seguros
OP-2026000074;ES5520850000150000000170;760,38;EUR;16/09/2026;Proveedor
OP-2026000075;ES2300810000530000000233;659,36;EUR;27/09/2026;Viajes
OP-2026000076;ES8400490000000000000127;911,86;USD;19/09/2026;Transporte
OP-2026000077;ES6501820000970000000177;901,98;EUR;27/09/2026;Transporte
OP-2026000078;ES1200810000560000000090;767,87;USD;19/09/2026;Comisiones
OP-2026000079;ES3520850000140000000191;14.295,26;MXN;22/09/2026;Licencias de software
OP-2026000080;ES7101280000160000000111;1.010,18;USD;17/09/2026;Transporte
OP-2026000081;ES6200810000510000000114;12.731,36;MXN;17/09/2026;Proveedor
OP-2026000082;ES6620850000150000000069;1.218,81;EUR;16/09/2026;Transporte
OP-2026000083;ES1000810000590000000076;3.084.115,81;COP;22/09/2026;Servicios profesionales
OP-2026000084;ES6101820000980000000103;875,68;USD;13/09/2026;Mantenimiento
OP-2026000085;ES7120850000130000000174;824,33;USD;25/09/2026;Servicios profesionales
OP-2026000086;ES3721000000670000000217;12.778,93;MXN;23/09/2026;Comisiones
OP-2026000087;ES6600810000500000000091;768,78;USD;23/09/2026;Transporte
OP-2026000088;ES6101820000980000000103;808,06;EUR;24/09/2026;Proveedor
OP-2026000089;ES6701280000160000000086;698,98;EUR;22/09/2026;Licencias de software
OP-2026000090;ES7521000000630000000214;856,56;USD;25/09/2026;Formación
OP-2026000091;ES1820850000180000000010;998,29;EUR;25/09/2026;Suministros
OP-2026000092;ES5520850000150000000170;785,83;USD;26/09/2026;Seguros
OP-2026000093;ES1420850000150000000132;919,90;EUR;17/09/2026;Publicidad
OP-2026000094;ES7521000000610000000021;520,29;USD;21/09/2026;Viajes
OP-2026000095;ES4721000000610000000040;921,80;EUR;18/09/2026;Suministros
OP-2026000096;ES3220850000100000000053;1.027.163,55;COP;22/09/2026;Licencias de software
OP-2026000097;ES6201820000960000000183;749,59;EUR;21/09/2026;Licencias de software
OP-2026000098;ES4601820000950000000035;1.106,21;EUR;14/09/2026;Nómina
OP-2026000099;ES3701280000190000000188;730,99;EUR;21/09/2026;Suministros
OP-2026000100;ES8120850000180000000234;3.771.268,18;COP;20/09/2026;Licencias de software
OP-2026000101;ES4800810000520000000123;808,44;USD;17/09/2026;Servicios profesionales
OP-2026000102;ES2921000000680000000215;18.911,14;MXN;17/09/2026;Nómina
OP-2026000103;ES4800490000040000000094;1.096,30;USD;17/09/2026;Comisiones
OP-2026000104;ES6101280000110000000051;1.115,56;USD;18/09/2026;Seguros
OP-2026000105;ES9500810000540000000149;829,74;EUR;13/09/2026;Comisiones
OP-2026000106;ES6200810000510000000017;670,20;EUR;24/09/2026;Viajes
OP-2026000107;ES9201280000120000000220;636,91;USD;17/09/2026;Servicios profesionales
OP-2026000108;ES6001820000960000000219;904,04;USD;21/09/2026;Mantenimiento
OP-2026000109;ES4700810000510000000093;538,34;EUR;15/09/2026;Alquiler
OP-2026000110;ES8021000000610000000222;3.586.937,20;COP;25/09/2026;Proveedor
OP-2026000111;ES6701280000130000000136;1.489,77;USD;21/09/2026;Comisiones
OP-2026000112;ES5600810000510000000028;728,70;EUR;27/09/2026;Publicidad
OP-2026000113;ES8020850000110000000110;4.138.980,19;COP;21/09/2026;Comisiones
OP-2026000114;ES1420850000150000000132;878,47;EUR;16/09/2026;Formación
OP-2026000115;ES4601820000950000000035;17.024,30;MXN;21/09/2026;Licencias de software
OP-2026000116;ES5901280000170000000084;9.732,98;MXN;18/09/2026;Licencias de software
OP-2026000117;ES6701280000130000000039;651,87;EUR;22/09/2026;Mantenimiento
OP-2026000118;ES4721000000610000000040;730,37;USD;24/09/2026;Proveedor
OP-2026000119;ES4220850000150000000016;975,05;EUR;25/09/2026;Licencias de software
OP-2026000120;ES0420850000100000000072;10.642,89;MXN;25/09/2026;Seguros
OP-2026000121;ES2401820000970000000139;3.797.973,29;COP;24/09/2026;Transporte
OP-2026000122;ES7020850000180000000044;1.001,27;EUR;15/09/2026;Viajes
OP-2026000123;ES3221000000600000000165;898,34;EUR;22/09/2026;Servicios profesionales
OP-2026000124;ES1800490000040000000246;18.125,96;MXN;13/09/2026;Seguros
OP-2026000125;ES0600490000090000000120;675,26;EUR;23/09/2026;Viajes
OP-2026000126;ES3921000000640000000231;1.050,34;EUR;18/09/2026;Proveedor
OP-2026000127;ES9100810000580000000025;947,44;USD;18/09/2026;Publicidad
OP-2026000128;ES7801280000160000000179;16.123,41;MXN;26/09/2026;Comisiones
OP-2026000129;ES5600490000000000000049;855,39;EUR;26/09/2026;Comisiones
OP-2026000130;ES5520850000150000000170;723,00;EUR;19/09/2026;Suministros
OP-2026000131;ES5001280000130000000248;17.364,14;MXN;20/09/2026;Suministros
OP-2026000132;ES7001820000920000000138;983,15;EUR;26/09/2026;Material de oficina
OP-2026000133;ES1801820000950000000054;708,57;USD;17/09/2026;Licencias de software
OP-2026000134;ES9100490000070000000240;975,16;USD;21/09/2026;Publicidad
OP-2026000135;ES6101280000110000000051;955,85;EUR;14/09/2026;Formación
OP-2026000136;ES6201820000960000000183;748,98;EUR;23/09/2026;Publicidad
OP-2026000137;ES7101280000160000000111;1.036,31;USD;16/09/2026;Material de oficina
OP-2026000138;ES8121000000680000000249;944,91;EUR;15/09/2026;Licencias de software
OP-2026000139;ES6700490000010000000190;13.896,40;MXN;18/09/2026;Material de oficina
OP-2026000140;ES1500810000540000000134;724,40;EUR;20/09/2026;Seguros
OP-2026000141;ES5800490000060000000204;13.826,56;MXN;15/09/2026;Mantenimiento
OP-2026000142;ES4000490000050000000092;858,60;EUR;20/09/2026;Material de oficina
OP-2026000143;ES7600490000040000000172;476,78;USD;21/09/2026;Transporte
OP-2026000144;ES5001280000130000000248;626,71;USD;23/09/2026;Alquiler
OP-2026000145;ES7320850000190000000135;624,70;EUR;26/09/2026;Mantenimiento
OP-2026000146;ES0800810000590000000209;4.847.834,21;COP;17/09/2026;Seguros
OP-2026000147;ES5900490000010000000237;781,58;EUR;20/09/2026;Publicidad
OP-2026000148;ES0220850000100000000205;806,45;EUR;23/09/2026;Formación
OP-2026000149;ES4621000000680000000006;616,28;EUR;15/09/2026;Transporte
OP-2026000150;ES4601280000170000000027;914,78;EUR;19/09/2026;Alquiler
OP-2026000151;ES2620850000170000000012;876,08;EUR;24/09/2026;Alquiler
OP-2026000152;ES1500810000540000000134;886,08;USD;14/09/2026;Viajes
OP-2026000153;ES9621000000620000000079;4.650.664,62;COP;20/09/2026;Suministros
OP-2026000154;ES7301820000910000000230;660,30;EUR;20/09/2026;Viajes
OP-2026000155;ES7300490000030000000081;880,67;EUR;19/09/2026;Nómina
OP-2026000156;ES3101280000140000000153;1.271,18;EUR;15/09/2026;Servicios profesionales
OP-2026000157;ES4400810000520000000098;1.032,58;EUR;20/09/2026;Mantenimiento
OP-2026000158;ES7501820000900000000243;1.008,37;EUR;16/09/2026;Material de oficina
OP-2026000159;ES1000810000590000000076;523,89;USD;16/09/2026;Comisiones
OP-2026000160;ES6620850000150000000069;781,29;EUR;25/09/2026;Material de oficina
OP-2026000161;ES3421000000660000000223;12.730,18;MXN;21/09/2026;Proveedor
OP-2026000162;ES4500810000510000000032;3.104.757,40;COP;22/09/2026;Transporte
OP-2026000163;ES2921000000680000000118;11.646,40;MXN;19/09/2026;Formación
OP-2026000164;ES5600810000510000000028;710,13;EUR;25/09/2026;Material de oficina
OP-2026000165;ES1520850000100000000068;990,53;EUR;25/09/2026;Formación
OP-2026000166;ES6620850000150000000069;855,10;EUR;27/09/2026;Transporte
OP-2026000167;ES3101280000140000000056;1.081,52;EUR;24/09/2026;Comisiones
OP-2026000168;ES6201820000960000000183;1.360,17;USD;21/09/2026;Alquiler
OP-2026000169;ES1800490000040000000246;14.975,45;MXN;27/09/2026;Viajes
OP-2026000170;ES8700810000550000000244;832,43;EUR;21/09/2026;Licencias de software
OP-2026000171;ES5001280000130000000248;5.317.924,69;COP;16/09/2026;Licencias de software
OP-2026000172;ES0920850000170000000124;787,56;USD;13/09/2026;Seguros
OP-2026000173;ES2101820000910000000002;750,58;EUR;17/09/2026;Publicidad
OP-2026000174;ES8401280000130000000121;768,18;USD;27/09/2026;Seguros
OP-2026000175;ES8721000000680000000141;768,54;EUR;23/09/2026;Mantenimiento
OP-2026000176;ES5121000000690000000061;595,47;EUR;20/09/2026;Comisiones
OP-2026000177;ES8321000000620000000119;692,36;EUR;14/09/2026;Suministros
OP-2026000178;ES3101280000110000000106;1.061,30;EUR;19/09/2026;Mantenimiento
OP-2026000179;ES5121000000690000000061;789,41;EUR;15/09/2026;Mantenimiento
OP-2026000180;ES9420850000180000000194;731,33;EUR;18/09/2026;Material de oficina
OP-2026000181;ES6421000000630000000024;771,51;EUR;13/09/2026;Transporte
OP-2026000182;ES3600810000530000000193;747,29;EUR;15/09/2026;Publicidad
OP-2026000183;ES9820850000180000000122;17.346,52;MXN;26/09/2026;Viajes
OP-2026000184;ES0220850000100000000205;461,22;EUR;18/09/2026;Proveedor
OP-2026000185;ES4400810000520000000098;858,74;EUR;14/09/2026;Viajes
OP-2026000186;ES0220850000100000000108;857,74;EUR;23/09/2026;Publicidad
OP-2026000187;ES4221000000680000000175;932,88;EUR;22/09/2026;Nómina
OP-2026000188;ES5121000000690000000061;886,16;USD;14/09/2026;Material de oficina
OP-2026000189;ES3700490000010000000148;21.038,94;MXN;23/09/2026;Publicidad
OP-2026000190;ES0200490000090000000192;750,53;EUR;21/09/2026;Nómina
OP-2026000191;ES6201820000960000000183;2.715.313,35;COP;20/09/2026;Publicidad
OP-2026000192;ES9500490000010000000171;1.139,91;EUR;20/09/2026;Formación
OP-2026000193;ES5520850000150000000170;2.692.143,53;COP;20/09/2026;Alquiler
OP-2026000194;ES2101820000910000000002;693,22;EUR;22/09/2026;Mantenimiento
OP-2026000195;ES6200810000510000000114;714,52;EUR;22/09/2026;Seguros
OP-2026000196;ES4400810000520000000098;3.865.383,10;COP;23/09/2026;Licencias de software
OP-2026000197;ES9400810000590000000213;768,42;EUR;18/09/2026;Servicios profesionales
OP-2026000198;ES3721000000670000000217;15.062,11;MXN;19/09/2026;Seguros
OP-2026000199;ES7120850000130000000077;376,49;EUR;17/09/2026;Servicios profesionales
OP-2026000200;ES3101280000110000000106;1.108,13;USD;20/09/2026;Seguros
OP-2026000201;ES8721000000680000000141;16.768,27;MXN;13/09/2026;Suministros
OP-2026000202;ES7801280000160000000179;760,47;EUR;17/09/2026;Viajes
OP-2026000203;ES2701280000110000000178;4.124.214,07;COP;23/09/2026;Transporte
OP-2026000204;ES7221000000620000000026;845,38;EUR;16/09/2026;Material de oficina
OP-2026000205;ES1801820000950000000054;715,52;EUR;22/09/2026;Mantenimiento
OP-2026000206;ES2401820000970000000139;1.076,63;EUR;21/09/2026;Material de oficina
OP-2026000207;ES4220850000180000000063;620,78;USD;15/09/2026;Mantenimiento
OP-2026000208;ES9101280000130000000189;1.242,65;EUR;22/09/2026;Comisiones
OP-2026000209;ES9500810000540000000149;958,84;EUR;15/09/2026;Servicios profesionales
OP-2026000210;ES2421000000610000000163;4.313.184,41;COP;20/09/2026;Licencias de software
OP-2026000211;ES3101280000140000000153;829,74;EUR;21/09/2026;Transporte
OP-2026000212;ES2921000000680000000215;904,00;EUR;19/09/2026;Suministros
OP-2026000213;ES9400810000590000000213;2.756.104,52;COP;21/09/2026;Seguros
OP-2026000214;ES9400810000590000000213;12.404,21;MXN;22/09/2026;Mantenimiento
OP-2026000215;ES7320850000190000000135;1.203,77;EUR;16/09/2026;Nómina
OP-2026000216;ES8020850000110000000110;827,72;EUR;19/09/2026;Publicidad
OP-2026000217;ES4220850000180000000063;9.661,74;MXN;21/09/2026;Publicidad
OP-2026000218;ES8021000000610000000222;1.235,80;EUR;24/09/2026;Comisiones
OP-2026000219;ES4901820000960000000126;18.179,41;MXN;22/09/2026;Material de oficina
OP-2026000220;ES0800810000590000000209;942,15;EUR;15/09/2026;Material de oficina
OP-2026000221;ES7221000000620000000026;662,53;EUR;14/09/2026;Suministros
OP-2026000222;ES2921000000680000000118;1.039,85;EUR;22/09/2026;Transporte
OP-2026000223;ES7701820000960000000107;1.242,42;USD;16/09/2026;Transporte
OP-2026000224;ES7621000000650000000001;837,92;EUR;14/09/2026;Alquiler
OP-2026000225;ES3101280000110000000106;781,48;USD;14/09/2026;Licencias de software
OP-2026000226;ES5500490000050000000210;651,44;EUR;16/09/2026;Comisiones
OP-2026000227;ES6701820000910000000047;1.053,72;USD;14/09/2026;Alquiler
OP-2026000228;ES6701280000130000000039;700,39;EUR;20/09/2026;Servicios profesionales
OP-2026000229;ES8721000000680000000141;5.190.283,58;COP;25/09/2026;Material de oficina
OP-2026000230;ES9201820000900000000034;660,38;USD;14/09/2026;Nómina
OP-2026000231;ES6200810000510000000114;291,00;USD;20/09/2026;Nómina
OP-2026000232;ES1200810000560000000090;1.155,16;EUR;24/09/2026;Alquiler
OP-2026000233;ES6300490000040000000018;2.726.321,18;COP;17/09/2026;Viajes
OP-2026000234;ES9620850000120000000064;973,17;EUR;19/09/2026;Alquiler
OP-2026000235;ES9200810000530000000155;1.054,31;EUR;22/09/2026;Formación
OP-2026000236;ES0201820000900000000199;1.215,55;EUR;25/09/2026;Material de oficina
OP-2026000237;ES3600810000530000000193;845,59;USD;14/09/2026;Material de oficina
OP-2026000238;ES5621000000640000000022;12.415,03;MXN;22/09/2026;Formación
OP-2026000239;ES8021000000610000000222;728,73;USD;22/09/2026;Seguros
OP-2026000240;ES6300490000040000000212;1.230,73;EUR;22/09/2026;Mantenimiento
OP-2026000241;ES2721000000620000000157;801,14;EUR;17/09/2026;Mantenimiento
OP-2026000242;ES3101280000110000000106;877,24;EUR;24/09/2026;Comisiones
OP-2026000243;ES3900810000540000000187;18.425,76;MXN;22/09/2026;Servicios profesionales
OP-2026000244;ES0800810000590000000209;1.326,13;EUR;21/09/2026;Seguros
OP-2026000245;ES9620850000120000000064;2.833.209,66;COP;13/09/2026;Suministros
OP-2026000246;ES0421000000600000000087;1.352,39;USD;24/09/2026;Transporte
OP-2026000247;ES0421000000600000000087;1.034,04;USD;19/09/2026;Licencias de software
OP-2026000248;ES8321000000620000000119;822,99;EUR;22/09/2026;Material de oficina
OP-2026000249;ES7101280000160000000111;1.378,65;USD;25/09/2026;Licencias de software
OP-2026000250;ES5901280000170000000084;784,76;EUR;22/09/2026;Material de oficina
OP-2026000251;ES1200810000560000000090;864,01;EUR;25/09/2026;Seguros
OP-2026000252;ES6720850000140000000003;693,21;USD;18/09/2026;Material de oficina
OP-2026000253;ES1000810000590000000076;511,86;EUR;21/09/2026;Mantenimiento
OP-2026000254;ES7601820000920000000030;642,72;USD;25/09/2026;Transporte
OP-2026000255;ES8700810000550000000244;498,60;EUR;24/09/2026;Seguros
OP-2026000256;ES3101280000140000000056;1.164,02;EUR;13/09/2026;Alquiler
OP-2026000257;ES3421000000660000000223;1.043,42;EUR;22/09/2026;Mantenimiento
OP-2026000258;ES7120850000130000000174;912,48;EUR;22/09/2026;Mantenimiento
OP-2026000259;ES5600810000510000000028;720,10;EUR;26/09/2026;Material de oficina
OP-2026000260;ES2701280000110000000178;731,93;EUR;14/09/2026;Alquiler
OP-2026000261;ES9101280000130000000189;1.196,12;USD;24/09/2026;Material de oficina
OP-2026000262;ES3500810000550000000113;973,64;EUR;26/09/2026;Mantenimiento
OP-2026000263;ES3000810000570000000105;938,48;USD;27/09/2026;Transporte
OP-2026000264;ES7521000000630000000214;427,32;EUR;25/09/2026;Servicios profesionales
OP-2026000265;ES6620850000150000000069;1.024,27;EUR;23/09/2026;Mantenimiento
OP-2026000266;ES7520850000130000000102;907,92;EUR;24/09/2026;Nómina
OP-2026000267;ES4800810000520000000123;1.064,12;EUR;20/09/2026;Licencias de software
OP-2026000268;ES7600810000520000000201;869,21;USD;13/09/2026;Seguros
OP-2026000269;ES0701280000170000000050;1.020,09;USD;17/09/2026;Viajes
OP-2026000270;ES3500810000580000000160;912,44;EUR;15/09/2026;Suministros
OP-2026000271;ES3720850000170000000008;876,45;EUR;27/09/2026;Alquiler
OP-2026000272;ES4201280000170000000099;525,97;EUR;14/09/2026;Transporte
OP-2026000273;ES4800490000040000000094;1.460,07;EUR;22/09/2026;Licencias de software
OP-2026000274;ES2000810000520000000142;1.159,36;EUR;16/09/2026;Suministros
OP-2026000275;ES5401280000160000000029;1.070,74;EUR;26/09/2026;Mantenimiento
OP-2026000276;ES3401820000930000000058;995,66;EUR;20/09/2026;Mantenimiento
OP-2026000277;ES6701280000130000000039;874,50;EUR;16/09/2026;Mantenimiento
OP-2026000278;ES1100490000070000000031;736,96;EUR;19/09/2026;Seguros
OP-2026000279;ES6400490000020000000195;713,93;EUR;15/09/2026;Transporte
OP-2026000280;ES2300810000530000000233;875,16;EUR;23/09/2026;Publicidad
OP-2026000281;ES0220850000100000000205;1.229,86;EUR;21/09/2026;Nómina
OP-2026000282;ES6520850000110000000089;3.428.314,74;COP;26/09/2026;Suministros
OP-2026000283;ES3820850000120000000235;407,74;USD;17/09/2026;Proveedor
OP-2026000284;ES5801280000190000000101;928,79;EUR;27/09/2026;Formación
OP-2026000285;ES4500810000510000000032;3.364.990,32;COP;17/09/2026;Licencias de software
OP-2026000286;ES2121000000690000000019;13.340,24;MXN;20/09/2026;Transporte
OP-2026000287;ES8120850000180000000234;1.194,63;EUR;26/09/2026;Nómina
OP-2026000288;ES6320850000140000000075;5.029.305,11;COP;25/09/2026;Material de oficina
OP-2026000289;ES2401820000970000000139;892,92;EUR;13/09/2026;Nómina
OP-2026000290;ES1501280000160000000052;4.061.591,81;COP;13/09/2026;Licencias de software
OP-2026000291;ES1500810000540000000134;19.909,29;MXN;26/09/2026;Material de oficina
OP-2026000292;ES2401820000970000000139;1.070,26;USD;24/09/2026;Publicidad
OP-2026000293;ES2401280000100000000184;649,87;EUR;20/09/2026;Licencias de software
OP-2026000294;ES8020850000110000000110;1.098,51;EUR;13/09/2026;Licencias de software
OP-2026000295;ES2800810000510000000241;1.028,39;USD;17/09/2026;Mantenimiento
OP-2026000296;ES6520850000110000000089;809,98;USD;25/09/2026;Material de oficina
OP-2026000297;ES1901820000990000000228;874,91;EUR;25/09/2026;Formación
OP-2026000298;ES0600490000090000000120;548,72;EUR;27/09/2026;Licencias de software
OP-2026000299;ES3421000000660000000223;654,17;EUR;23/09/2026;Servicios profesionales
OP-2026000300;ES6201820000960000000183;710,71;EUR;27/09/2026;Licencias de software
OP-2026000301;ES4220850000180000000063;19.022,03;MXN;19/09/2026;Suministros
OP-2026000302;ES0420850000100000000072;872,39;USD;16/09/2026;Servicios profesionales
OP-2026000303;ES8121000000680000000249;3.744.470,35;COP;21/09/2026;Servicios profesionales
OP-2026000304;ES5801280000190000000101;853,34;EUR;27/09/2026;Formación
OP-2026000305;ES9200810000530000000155;3.892.845,52;COP;17/09/2026;Proveedor
OP-2026000306;ES7101280000160000000111;954,54;EUR;17/09/2026;Material de oficina
OP-2026000307;ES7520850000130000000102;13.486,15;MXN;19/09/2026;Comisiones
OP-2026000308;ES3101280000140000000056;800,78;EUR;22/09/2026;Mantenimiento
OP-2026000309;ES4901820000960000000126;597,73;USD;17/09/2026;Formación
OP-2026000310;ES6201820000960000000183;703,32;EUR;16/09/2026;Viajes
OP-2026000311;ES8721000000680000000141;15.576,10;MXN;14/09/2026;Comisiones
OP-2026000312;ES6620850000150000000069;478,29;EUR;15/09/2026;Alquiler
OP-2026000313;ES5420850000100000000239;917,26;EUR;17/09/2026;Publicidad
OP-2026000314;ES5900810000520000000216;1.210,12;EUR;20/09/2026;Nómina
OP-2026000315;ES6920850000110000000211;4.352.742,16;COP;17/09/2026;Viajes
OP-2026000316;ES2620850000170000000012;581,16;EUR;17/09/2026;Comisiones
OP-2026000317;ES6300490000040000000018;9.986,39;MXN;25/09/2026;Material de oficina
OP-2026000318;ES5300810000500000000131;17.368,55;MXN;19/09/2026;Viajes
OP-2026000319;ES0420850000100000000072;1.126,35;EUR;14/09/2026;Viajes
OP-2026000320;ES8021000000610000000222;1.029,07;EUR;15/09/2026;Suministros
OP-2026000321;ES7501820000900000000243;4.212.385,56;COP;16/09/2026;Seguros
OP-2026000322;ES8600810000510000000070;446,20;USD;13/09/2026;Licencias de software
OP-2026000323;ES0201820000900000000199;1.085,60;EUR;20/09/2026;Seguros
OP-2026000324;ES3400810000510000000133;1.279,92;EUR;25/09/2026;Viajes
OP-2026000325;ES6620850000150000000069;4.486.576,48;COP;25/09/2026;Seguros
OP-2026000326;ES1301820000970000000046;970,88;EUR;19/09/2026;Alquiler
OP-2026000327;ES2101820000910000000002;677,89;USD;24/09/2026;Mantenimiento
OP-2026000328;ES8100810000500000000015;1.004,34;EUR;27/09/2026;Nómina
OP-2026000329;ES9201820000900000000034;4.231.469,59;COP;13/09/2026;Nómina
OP-2026000330;ES9601280000110000000197;899,12;EUR;13/09/2026;Publicidad
OP-2026000331;ES3600810000530000000193;3.234.758,53;COP;25/09/2026;Publicidad
OP-2026000332;ES1501280000160000000052;873,79;EUR;16/09/2026;Nómina
OP-2026000333;ES7320850000190000000135;906,47;EUR;21/09/2026;Servicios profesionales
OP-2026000334;ES6701280000130000000136;861,84;EUR;24/09/2026;Formación
OP-2026000335;ES6001820000960000000219;556,24;EUR;14/09/2026;Alquiler
OP-2026000336;ES8100810000530000000062;1.010,28;EUR;18/09/2026;Alquiler
OP-2026000337;ES8100810000530000000062;912,62;EUR;13/09/2026;Nómina
OP-2026000338;ES2101820000910000000002;18.760,04;MXN;23/09/2026;Suministros
OP-2026000339;ES6101280000110000000051;978,19;EUR;25/09/2026;Servicios profesionales
OP-2026000340;ES1800810000550000000225;3.523.132,36;COP;19/09/2026;Servicios profesionales
OP-2026000341;ES3021000000610000000152;961,69;EUR;16/09/2026;Nómina
OP-2026000342;ES3400810000510000000036;777,49;EUR;19/09/2026;Servicios profesionales
OP-2026000343;ES0201820000900000000199;745,19;EUR;22/09/2026;Comisiones
OP-2026000344;ES9820850000180000000122;9.298,99;MXN;13/09/2026;Comisiones
OP-2026000345;ES6901280000100000000150;509,87;EUR;24/09/2026;Publicidad
OP-2026000346;ES3101280000140000000153;852,39;EUR;26/09/2026;Mantenimiento
OP-2026000347;ES4901820000960000000126;949,07;EUR;13/09/2026;Comisiones
OP-2026000348;ES5600810000510000000125;753,84;EUR;23/09/2026;Comisiones
OP-2026000349;ES7120850000100000000224;671,98;EUR;14/09/2026;Proveedor
OP-2026000350;ES4101820000970000000221;17.855,93;MXN;27/09/2026;Publicidad
OP-2026000351;ES5900490000010000000237;1.380,64;EUR;13/09/2026;Licencias de software
OP-2026000352;ES6920850000110000000211;536,16;EUR;18/09/2026;Transporte
OP-2026000353;ES7520850000130000000102;909,72;EUR;16/09/2026;Comisiones
OP-2026000354;ES7520850000130000000102;808,90;EUR;20/09/2026;Material de oficina
OP-2026000355;ES0800810000590000000209;244,00;USD;18/09/2026;Publicidad
OP-2026000356;ES2421000000610000000066;778,23;EUR;21/09/2026;Viajes
OP-2026000357;ES3400810000530000000229;826,16;EUR;23/09/2026;Licencias de software
OP-2026000358;ES3401280000180000000097;1.172,17;USD;17/09/2026;Suministros
OP-2026000359;ES8020850000110000000207;15.983,09;MXN;15/09/2026;Mantenimiento
OP-2026000360;ES8700810000550000000147;11.912,73;MXN;13/09/2026;Licencias de software
OP-2026000361;ES6701280000130000000136;16.654,69;MXN;24/09/2026;Viajes
OP-2026000362;ES3500490000070000000181;2.978.571,93;COP;24/09/2026;Seguros
OP-2026000363;ES4601820000950000000035;1.048,49;EUR;19/09/2026;Proveedor
OP-2026000364;ES8620850000160000000242;1.141,12;EUR;20/09/2026;Viajes
OP-2026000365;ES3101280000140000000153;3.782.828,41;COP;23/09/2026;Viajes
OP-2026000366;ES4400810000520000000098;535,43;EUR;13/09/2026;Licencias de software
OP-2026000367;ES1801280000170000000143;1.131,84;EUR;20/09/2026;Nómina
OP-2026000368;ES7300490000030000000081;824,68;EUR;14/09/2026;Servicios profesionales
OP-2026000369;ES7300810000540000000060;17.776,70;MXN;24/09/2026;Licencias de software
OP-2026000370;ES8021000000610000000222;883,68;EUR;15/09/2026;Material de oficina
OP-2026000371;ES7501820000900000000243;1.024,33;EUR;16/09/2026;Licencias de software
OP-2026000372;ES2800810000510000000241;703,35;EUR;26/09/2026;Formación
OP-2026000373;ES3221000000600000000165;529,21;EUR;21/09/2026;Proveedor
OP-2026000374;ES6001820000960000000219;915,85;EUR;22/09/2026;Material de oficina
OP-2026000375;ES1800490000040000000246;987,99;USD;18/09/2026;Material de oficina
OP-2026000376;ES6500810000520000000011;973,00;EUR;13/09/2026;Proveedor
OP-2026000377;ES6501820000970000000177;172,75;EUR;22/09/2026;Material de oficina
OP-2026000378;ES6701280000160000000086;713,54;USD;16/09/2026;Seguros
OP-2026000379;ES3421000000660000000223;482,77;EUR;18/09/2026;Comisiones
OP-2026000380;ES6200810000510000000017;871,44;EUR;16/09/2026;Comisiones
OP-2026000381;ES3500490000070000000181;3.314.622,94;COP;25/09/2026;Nómina
OP-2026000382;ES1800810000550000000225;903,11;EUR;27/09/2026;Viajes
OP-2026000383;ES1800810000550000000225;1.154,83;EUR;25/09/2026;Servicios profesionales
OP-2026000384;ES5900810000550000000166;995,89;EUR;14/09/2026;Proveedor
OP-2026000385;ES4300810000570000000162;1.024,56;USD;18/09/2026;Alquiler
OP-2026000386;ES2000810000520000000142;732,29;EUR;18/09/2026;Nómina
OP-2026000387;ES1200810000530000000140;646,35;EUR;13/09/2026;Formación
OP-2026000388;ES4300810000570000000065;774,97;EUR;16/09/2026;Alquiler
OP-2026000389;ES5420850000100000000239;1.309,21;EUR;13/09/2026;Proveedor
OP-2026000390;ES7621000000650000000001;973,42;EUR;15/09/2026;Alquiler
OP-2026000391;ES2401280000100000000184;960,83;EUR;14/09/2026;Alquiler
OP-2026000392;ES7301820000910000000230;1.020,71;EUR;15/09/2026;Publicidad
OP-2026000393;ES3021000000610000000055;1.100,51;USD;17/09/2026;Alquiler
OP-2026000394;ES4101820000970000000221;502,01;EUR;21/09/2026;Proveedor
OP-2026000395;ES2421000000610000000163;20.054,48;MXN;14/09/2026;Comisiones
OP-2026000396;ES0220850000100000000205;837,91;EUR;15/09/2026;Viajes
OP-2026000397;ES8620850000160000000242;824,47;EUR;16/09/2026;Viajes
OP-2026000398;ES1500810000540000000134;13.488,72;MXN;27/09/2026;Licencias de software
OP-2026000399;ES2800810000510000000241;1.034,50;USD;25/09/2026;Mantenimiento
OP-2026000400;ES7520850000130000000102;1.212,07;EUR;13/09/2026;Seguros
OP-2026000401;ES7500810000510000000074;599,88;USD;26/09/2026;Material de oficina
OP-2026000402;ES5901280000170000000084;1.209,42;EUR;17/09/2026;Licencias de software
OP-2026000403;ES6620850000150000000069;997,12;EUR;26/09/2026;Alquiler
OP-2026000404;ES4801280000140000000041;1.113,31;USD;22/09/2026;Formación
OP-2026000405;ES2421000000610000000066;12.780,45;MXN;24/09/2026;Licencias de software
OP-2026000406;ES6101820000980000000103;672,24;EUR;13/09/2026;Seguros
OP-2026000407;ES3401820000930000000058;19.939,53;MXN;22/09/2026;Suministros
OP-2026000408;ES7101280000160000000014;735,84;EUR;23/09/2026;Transporte
OP-2026000409;ES7501820000900000000243;804,06;EUR;20/09/2026;Nómina
OP-2026000410;ES8020850000110000000013;1.057,70;EUR;18/09/2026;Material de oficina
OP-2026000411;ES0600490000090000000120;876,82;EUR;27/09/2026;Formación
OP-2026000412;ES9200810000530000000155;18.649,38;MXN;15/09/2026;Material de oficina
OP-2026000413;ES3500810000580000000160;748,28;EUR;25/09/2026;Publicidad
OP-2026000414;ES2421000000610000000066;860,16;EUR;17/09/2026;Material de oficina
OP-2026000415;ES1800810000550000000225;13.501,17;MXN;16/09/2026;Servicios profesionales
OP-2026000416;ES7300490000030000000081;1.217,61;EUR;19/09/2026;Mantenimiento
OP-2026000417;ES0220850000100000000108;917,86;EUR;19/09/2026;Licencias de software
OP-2026000418;ES4800810000520000000123;14.347,10;MXN;18/09/2026;Material de oficina
OP-2026000419;ES3000810000570000000105;1.036,18;EUR;24/09/2026;Seguros
OP-2026000420;ES5701820000950000000128;780,80;EUR;21/09/2026;Mantenimiento
OP-2026000421;ES8700810000550000000147;614,24;EUR;19/09/2026;Proveedor
OP-2026000422;ES9120850000110000000009;8.867,76;MXN;22/09/2026;Licencias de software
OP-2026000423;ES9620850000120000000064;591,05;EUR;24/09/2026;Viajes
OP-2026000424;ES2501820000990000000023;1.027,89;USD;14/09/2026;Nómina
OP-2026000425;ES5701820000950000000128;589,27;EUR;19/09/2026;Licencias de software
OP-2026000426;ES1301820000970000000046;729,84;EUR;25/09/2026;Mantenimiento
OP-2026000427;ES8400490000000000000127;16.315,14;MXN;13/09/2026;Alquiler
OP-2026000428;ES8501820000950000000206;951,60;USD;19/09/2026;Publicidad
OP-2026000429;ES7900810000560000000048;727,90;EUR;20/09/2026;Mantenimiento
OP-2026000430;ES0301820000920000000180;738,53;EUR;19/09/2026;Viajes
OP-2026000431;ES3101280000140000000056;4.481.492,14;COP;14/09/2026;Comisiones
OP-2026000432;ES3500810000550000000113;1.192,66;EUR;17/09/2026;Material de oficina
OP-2026000433;ES1200490000020000000161;3.049.495,98;COP;16/09/2026;Alquiler
OP-2026000434;ES9820850000180000000122;946,55;EUR;27/09/2026;Servicios profesionales
OP-2026000435;ES7801280000160000000179;945,15;EUR;18/09/2026;Comisiones
OP-2026000436;ES9201280000120000000220;4.102.884,16;COP;25/09/2026;Seguros
OP-2026000437;ES4521000000690000000169;668,88;EUR;19/09/2026;Servicios profesionales
OP-2026000438;ES1200810000560000000090;624,40;EUR;26/09/2026;Proveedor
OP-2026000439;ES0220850000100000000205;1.094,37;EUR;16/09/2026;Suministros
OP-2026000440;ES3801820000960000000033;717,11;EUR;24/09/2026;Material de oficina
OP-2026000441;ES4801280000140000000041;367,11;USD;27/09/2026;Proveedor
OP-2026000442;ES2501820000990000000023;817,49;EUR;16/09/2026;Mantenimiento
OP-2026000443;ES8620850000160000000145;866,13;EUR;17/09/2026;Viajes
OP-2026000444;ES6421000000630000000024;2.966.713,83;COP;18/09/2026;Licencias de software
OP-2026000445;ES0200490000090000000192;957,68;EUR;25/09/2026;Publicidad
OP-2026000446;ES7400490000070000000158;824,00;EUR;15/09/2026;Nómina
OP-2026000447;ES8521000000620000000083;949,73;EUR;20/09/2026;Publicidad
OP-2026000448;ES8401280000130000000121;1.034,39;EUR;14/09/2026;Servicios profesionales
OP-2026000449;ES7101280000160000000111;961,88;USD;26/09/2026;Formación
OP-2026000450;ES8020850000110000000110;1.034,84;EUR;27/09/2026;Viajes
OP-2026000451;ES3120850000150000000020;1.269,69;EUR;17/09/2026;Transporte
OP-2026000452;ES9420850000180000000194;930,92;USD;17/09/2026;Material de oficina
OP-2026000453;ES4700810000510000000093;1.035,81;EUR;26/09/2026;Licencias de software
OP-2026000454;ES7620850000110000000085;722,48;EUR;24/09/2026;Formación
OP-2026000455;ES6201820000960000000183;21.564,77;MXN;21/09/2026;Transporte
OP-2026000456;ES8701820000950000000073;902,48;EUR;21/09/2026;Alquiler
OP-2026000457;ES6200810000510000000017;4.704.472,55;COP;25/09/2026;Formación
OP-2026000458;ES6500810000520000000011;1.096,65;EUR;17/09/2026;Formación
OP-2026000459;ES7301820000910000000230;509,82;USD;20/09/2026;Mantenimiento
OP-2026000460;ES2121000000690000000019;774,58;USD;22/09/2026;Transporte
OP-2026000461;ES0220850000100000000108;17.631,50;MXN;14/09/2026;Nómina
OP-2026000462;ES7601820000920000000030;368,37;EUR;22/09/2026;Viajes
OP-2026000463;ES7501820000900000000243;4.178.360,21;COP;17/09/2026;Seguros
OP-2026000464;ES6200810000510000000017;557,87;EUR;18/09/2026;Alquiler
OP-2026000465;ES7600490000040000000172;4.248.025,48;COP;16/09/2026;Publicidad
OP-2026000466;ES4601820000950000000035;838,30;USD;25/09/2026;Alquiler
OP-2026000467;ES9201280000120000000220;933,14;EUR;24/09/2026;Nómina
OP-2026000468;ES2721000000620000000157;18.922,99;MXN;25/09/2026;Comisiones
OP-2026000469;ES3221000000600000000165;804,44;EUR;21/09/2026;Publicidad
OP-2026000470;ES9101280000130000000189;14.792,23;MXN;13/09/2026;Seguros
OP-2026000471;ES0700490000010000000203;635,89;EUR;17/09/2026;Proveedor
OP-2026000472;ES1200490000020000000161;1.232,75;EUR;16/09/2026;Suministros
OP-2026000473;ES8620850000160000000145;684,17;USD;18/09/2026;Comisiones
OP-2026000474;ES7701820000960000000107;2.332.001,61;COP;21/09/2026;Transporte
OP-2026000475;ES2520850000180000000078;15.241,42;MXN;17/09/2026;Viajes
OP-2026000476;ES6701280000160000000086;1.013,19;EUR;22/09/2026;Seguros
OP-2026000477;ES0621000000690000000095;2.078.690,14;COP;18/09/2026;Mantenimiento
OP-2026000478;ES3820850000120000000235;15.940,83;MXN;19/09/2026;Viajes
OP-2026000479;ES9821000000680000000137;18.312,36;MXN;17/09/2026;Transporte
OP-2026000480;ES8100810000500000000112;4.093.953,60;COP;14/09/2026;Mantenimiento
OP-2026000481;ES3720850000170000000008;13.552,53;MXN;23/09/2026;Transporte
OP-2026000482;ES3101280000140000000056;919,87;EUR;18/09/2026;Servicios profesionales
OP-2026000483;ES7500810000510000000074;1.222,14;USD;15/09/2026;Material de oficina
OP-2026000484;ES5900810000550000000166;963,89;USD;22/09/2026;Mantenimiento
OP-2026000485;ES9620850000120000000064;716,49;USD;14/09/2026;Servicios profesionales
OP-2026000486;ES8120850000180000000234;652,30;USD;14/09/2026;Seguros
OP-2026000487;ES3601820000990000000116;1.017,31;EUR;20/09/2026;Material de oficina
OP-2026000488;ES1901820000990000000228;880,05;EUR;25/09/2026;Mantenimiento
OP-2026000489;ES7001820000920000000138;623,40;EUR;13/09/2026;Seguros
OP-2026000490;ES9201280000120000000220;1.088,54;USD;24/09/2026;Seguros
OP-2026000491;ES6300490000040000000212;777,88;EUR;16/09/2026;Licencias de software
OP-2026000492;ES4300810000570000000065;3.637.409,50;COP;13/09/2026;Comisiones
OP-2026000493;ES4600810000580000000059;702,14;EUR;14/09/2026;Seguros
OP-2026000494;ES6901280000100000000150;683,16;EUR;23/09/2026;Comisiones
OP-2026000495;ES6400490000020000000195;22.172,80;MXN;14/09/2026;Mantenimiento
OP-2026000496;ES6300490000040000000115;746,28;EUR;27/09/2026;Formación
OP-2026000497;ES8400490000000000000127;753,67;EUR;15/09/2026;Viajes
OP-2026000498;ES6000810000540000000100;889,36;EUR;19/09/2026;Seguros
OP-2026000499;ES7301820000910000000230;1.301,00;EUR;27/09/2026;Nómina
OP-2026000500;ES7521000000630000000214;348,90;EUR;17/09/2026;Mantenimiento
OP-2026000501;ES2000810000520000000142;757,06;EUR;13/09/2026;Formación
OP-2026000502;ES0621000000690000000095;683,21;EUR;27/09/2026;Licencias de software
OP-2026000503;ES9821000000680000000137;610,48;EUR;14/09/2026;Comisiones
OP-2026000504;ES3400810000510000000133;638,80;EUR;21/09/2026;Servicios profesionales
OP-2026000505;ES8320850000120000000104;595,50;EUR;25/09/2026;Licencias de software
OP-2026000506;ES3101280000140000000153;727,19;EUR;20/09/2026;Mantenimiento
OP-2026000507;ES0421000000600000000087;13.906,55;MXN;19/09/2026;Material de oficina
OP-2026000508;ES8001280000130000000096;701,69;EUR;18/09/2026;Formación
OP-2026000509;ES6520850000110000000186;389,49;EUR;27/09/2026;Licencias de software
OP-2026000510;ES2300810000530000000233;827,42;USD;24/09/2026;Viajes
OP-2026000511;ES1200810000530000000140;852,12;USD;24/09/2026;Servicios profesionales
OP-2026000512;ES5600490000000000000049;889,28;EUR;14/09/2026;Material de oficina
OP-2026000513;ES3400810000510000000133;15.757,83;MXN;20/09/2026;Alquiler
OP-2026000514;ES5100810000560000000067;1.030,48;EUR;21/09/2026;Suministros
OP-2026000515;ES3400810000510000000036;779,93;EUR;13/09/2026;Alquiler
OP-2026000516;ES6200810000510000000114;1.237,75;EUR;15/09/2026;Comisiones
OP-2026000517;ES9001820000930000000117;1.191,52;EUR;18/09/2026;Nómina
OP-2026000518;ES6500810000520000000011;972,07;EUR;20/09/2026;Comisiones
OP-2026000519;ES0421000000600000000087;170,00;EUR;24/09/2026;Seguros
OP-2026000520;ES7600810000550000000151;820,08;EUR;14/09/2026;Nómina
OP-2026000521;ES3400810000530000000229;1.044,83;EUR;22/09/2026;Proveedor
OP-2026000522;ES3021000000610000000055;14.545,78;MXN;24/09/2026;Viajes
OP-2026000523;ES2420850000110000000245;3.844.417,48;COP;20/09/2026;Comisiones
OP-2026000524;ES7300490000030000000081;20.051,67;MXN;25/09/2026;Alquiler
OP-2026000525;ES1100490000070000000031;3.380.220,28;COP;14/09/2026;Transporte
OP-2026000526;ES5701820000950000000128;1.034,17;EUR;23/09/2026;Mantenimiento
OP-2026000527;ES8501820000950000000206;649,56;EUR;25/09/2026;Viajes
OP-2026000528;ES0920850000170000000124;4.067.265,51;COP;14/09/2026;Seguros
OP-2026000529;ES3621000000630000000043;3.709.607,27;COP;25/09/2026;Seguros
OP-2026000530;ES8620850000160000000242;992,52;EUR;25/09/2026;Mantenimiento
OP-2026000531;ES2720850000120000000045;14.028,95;MXN;24/09/2026;Servicios profesionales
OP-2026000532;ES7120850000100000000224;857,92;EUR;26/09/2026;Formación
OP-2026000533;ES4621000000680000000200;860,27;EUR;19/09/2026;Seguros
OP-2026000534;ES4801280000140000000041;909,51;EUR;17/09/2026;Comisiones
OP-2026000535;ES3021000000610000000055;979,16;EUR;16/09/2026;Transporte
OP-2026000536;ES8401820000910000000226;974,52;EUR;25/09/2026;Mantenimiento
OP-2026000537;ES7521000000660000000164;17.281,43;MXN;17/09/2026;Viajes
OP-2026000538;ES6701280000160000000086;1.184,47;USD;25/09/2026;Servicios profesionales
OP-2026000539;ES7600810000520000000201;853,94;EUR;25/09/2026;Transporte
OP-2026000540;ES4400810000520000000098;2.772.752,86;COP;19/09/2026;Proveedor
OP-2026000541;ES4800490000040000000094;5.171,52;MXN;24/09/2026;Proveedor
OP-2026000542;ES3820850000150000000185;954,60;EUR;24/09/2026;Seguros
OP-2026000543;ES7521000000610000000021;537,73;USD;26/09/2026;Licencias de software
OP-2026000544;ES7001280000140000000227;1.214,81;USD;24/09/2026;Material de oficina
OP-2026000545;ES0421000000600000000087;1.095,65;EUR;21/09/2026;Suministros
OP-2026000546;ES5420850000100000000239;682,59;EUR;24/09/2026;Publicidad
OP-2026000547;ES8020850000110000000013;4.203.727,79;COP;24/09/2026;Transporte
OP-2026000548;ES5900810000520000000216;1.197,15;EUR;25/09/2026;Material de oficina
OP-2026000549;ES8521000000620000000083;652,95;EUR;18/09/2026;Alquiler
OP-2026000550;ES4300810000570000000162;3.051.573,76;COP;21/09/2026;Suministros
OP-2026000551;ES3601820000990000000116;1.146,07;EUR;14/09/2026;Seguros
OP-2026000552;ES5901280000170000000084;15.241,03;MXN;26/09/2026;Transporte
OP-2026000553;ES7020850000180000000044;2.978.561,24;COP;16/09/2026;Comisiones
OP-2026000554;ES7001820000920000000138;891,60;EUR;21/09/2026;Suministros
OP-2026000555;ES2401280000100000000184;853,83;EUR;18/09/2026;Seguros
OP-2026000556;ES9120850000110000000009;789,31;USD;21/09/2026;Publicidad
OP-2026000557;ES6620850000150000000069;897,25;EUR;16/09/2026;Nómina
OP-2026000558;ES7501280000150000000088;1.186,97;USD;26/09/2026;Formación
OP-2026000559;ES7601820000920000000030;917,21;EUR;27/09/2026;Publicidad
OP-2026000560;ES5400810000540000000208;530,14;EUR;20/09/2026;Transporte
OP-2026000561;ES7521000000630000000214;978,58;EUR;16/09/2026;Formación
OP-2026000562;ES5701820000950000000128;719,02;EUR;17/09/2026;Seguros
OP-2026000563;ES8620850000160000000145;1.431,73;USD;18/09/2026;Formación
OP-2026000564;ES4700810000510000000093;1.200,31;USD;22/09/2026;Licencias de software
OP-2026000565;ES7301820000910000000230;750,75;EUR;21/09/2026;Alquiler
OP-2026000566;ES6400490000020000000195;769,22;EUR;24/09/2026;Suministros
OP-2026000567;ES1801280000170000000143;1.045,69;USD;20/09/2026;Suministros
OP-2026000568;ES9620850000120000000064;924,94;EUR;20/09/2026;Transporte
OP-2026000569;ES7300490000030000000081;1.066,30;EUR;20/09/2026;Mantenimiento
OP-2026000570;ES7101280000160000000014;775,86;USD;18/09/2026;Viajes
OP-2026000571;ES2000810000520000000142;1.331,16;USD;16/09/2026;Formación
OP-2026000572;ES5520850000150000000170;860,33;USD;20/09/2026;Material de oficina
OP-2026000573;ES1801280000170000000143;697,40;EUR;25/09/2026;Viajes
OP-2026000574;ES7501280000150000000088;1.085,21;EUR;20/09/2026;Transporte
OP-2026000575;ES8401280000130000000121;564,49;USD;16/09/2026;Nómina
OP-2026000576;ES7501820000900000000146;947,36;EUR;13/09/2026;Mantenimiento
OP-2026000577;ES9201820000900000000034;981,99;EUR;19/09/2026;Seguros
OP-2026000578;ES5901280000170000000084;19.737,50;MXN;15/09/2026;Servicios profesionales
OP-2026000579;ES0201820000900000000199;894,41;EUR;13/09/2026;Seguros
OP-2026000580;ES2620850000170000000012;1.148,46;EUR;17/09/2026;Viajes
OP-2026000581;ES4000810000560000000071;686,00;USD;23/09/2026;Licencias de software
OP-2026000582;ES6701280000160000000086;863,88;EUR;14/09/2026;Transporte
OP-2026000583;ES0421000000600000000087;1.433,08;EUR;20/09/2026;Material de oficina
OP-2026000584;ES5800490000060000000204;1.150,77;EUR;18/09/2026;Licencias de software
OP-2026000585;ES4800490000040000000094;4.006.707,15;COP;21/09/2026;Licencias de software
OP-2026000586;ES2501820000990000000023;19.369,12;MXN;21/09/2026;Mantenimiento
OP-2026000587;ES0701280000170000000050;627,84;USD;21/09/2026;Suministros
OP-2026000588;ES7600810000550000000151;14.713,03;MXN;22/09/2026;Viajes
OP-2026000589;ES9200810000530000000155;1.076,93;EUR;14/09/2026;Suministros
OP-2026000590;ES6300490000040000000115;3.160.264,00;COP;18/09/2026;Servicios profesionales
OP-2026000591;ES1100490000070000000031;1.059,53;EUR;19/09/2026;Publicidad
OP-2026000592;ES0920850000170000000124;826,39;EUR;19/09/2026;Seguros
OP-2026000593;ES2800810000510000000241;20.820,76;MXN;21/09/2026;Suministros
OP-2026000594;ES9600810000560000000130;723,65;EUR;22/09/2026;Licencias de software
OP-2026000595;ES9321000000610000000182;1.195,43;USD;19/09/2026;Viajes
OP-2026000596;ES2300810000530000000233;1.085,75;EUR;17/09/2026;Proveedor
OP-2026000597;ES0220850000100000000108;720,02;EUR;24/09/2026;Material de oficina
OP-2026000598;ES8100810000500000000112;1.156,02;EUR;23/09/2026;Mantenimiento
OP-2026000599;ES2921000000680000000118;694,87;EUR;17/09/2026;Alquiler
OP-2026000600;ES8701820000950000000073;912,83;EUR;20/09/2026;Servicios profesionales
OP-2026000601;ES8701820000950000000073;949,74;USD;25/09/2026;Licencias de software
OP-2026000602;ES9001280000150000000109;1.065,33;USD;23/09/2026;Material de oficina
OP-2026000603;ES7600810000520000000201;1.139,22;USD;17/09/2026;Seguros
OP-2026000604;ES7201280000110000000144;1.353,39;EUR;27/09/2026;Alquiler
OP-2026000605;ES3021000000610000000055;452,59;EUR;14/09/2026;Servicios profesionales
OP-2026000606;ES6600810000590000000232;834,61;EUR;13/09/2026;Transporte
OP-2026000607;ES0620850000190000000080;621,53;EUR;22/09/2026;Alquiler
OP-2026000608;ES6701820000910000000047;451,69;EUR;14/09/2026;Material de oficina
OP-2026000609;ES9321000000610000000182;663,75;USD;25/09/2026;Seguros
OP-2026000610;ES8700810000550000000244;877,99;EUR;23/09/2026;Suministros
OP-2026000611;ES7300810000540000000060;3.276.243,36;COP;19/09/2026;Formación
OP-2026000612;ES2501820000990000000023;779,39;EUR;25/09/2026;Proveedor
OP-2026000613;ES8001280000130000000096;21.773,34;MXN;18/09/2026;Licencias de software
OP-2026000614;ES7120850000130000000174;748,31;EUR;19/09/2026;Transporte
OP-2026000615;ES3900810000540000000187;758,08;EUR;19/09/2026;Comisiones
OP-2026000616;ES8620850000160000000242;1.082,09;EUR;14/09/2026;Proveedor
OP-2026000617;ES7501820000900000000243;937,91;EUR;15/09/2026;Servicios profesionales
OP-2026000618;ES1801820000950000000054;658,29;EUR;19/09/2026;Servicios profesionales
OP-2026000619;ES0920850000170000000124;730,96;USD;14/09/2026;Material de oficina
OP-2026000620;ES0920850000170000000124;990,59;EUR;25/09/2026;Suministros
OP-2026000621;ES7221000000620000000026;811,60;EUR;22/09/2026;Mantenimiento
OP-2026000622;ES9720850000160000000238;1.214,91;USD;13/09/2026;Publicidad
OP-2026000623;ES0201820000900000000199;17.609,88;MXN;20/09/2026;Publicidad
OP-2026000624;ES3820850000120000000235;1.289,01;USD;26/09/2026;Servicios profesionales
OP-2026000625;ES2520850000180000000078;760,86;EUR;18/09/2026;Viajes
OP-2026000626;ES6720850000140000000003;1.016,11;USD;13/09/2026;Seguros
OP-2026000627;ES5900810000550000000166;1.111,60;EUR;26/09/2026;Viajes
OP-2026000628;ES3720850000170000000008;3.242.419,85;COP;20/09/2026;Formación
OP-2026000629;ES6520850000110000000089;355,28;EUR;18/09/2026;Nómina
OP-2026000630;ES3101280000140000000153;1.158,26;EUR;25/09/2026;Servicios profesionales
OP-2026000631;ES2420850000110000000245;3.988.887,07;COP;15/09/2026;Transporte
OP-2026000632;ES7501820000900000000146;716,73;EUR;19/09/2026;Nómina
OP-2026000633;ES9001280000150000000109;1.093,30;EUR;18/09/2026;Suministros
OP-2026000634;ES2701280000110000000178;750,28;EUR;22/09/2026;Nómina
OP-2026000635;ES3601820000990000000116;1.209,70;EUR;19/09/2026;Comisiones
OP-2026000636;ES5121000000690000000061;960,67;EUR;20/09/2026;Transporte
OP-2026000637;ES3700490000010000000148;1.127,11;EUR;20/09/2026;Viajes
OP-2026000638;ES5600810000510000000028;14.607,59;MXN;19/09/2026;Proveedor
OP-2026000639;ES6701820000910000000047;4.076.570,23;COP;17/09/2026;Publicidad
OP-2026000640;ES5520850000150000000170;1.007,96;EUR;20/09/2026;Formación
OP-2026000641;ES3900810000540000000187;458,31;USD;20/09/2026;Seguros
OP-2026000642;ES1520850000100000000068;982,76;EUR;22/09/2026;Licencias de software
OP-2026000643;ES8020850000110000000207;9.677,42;MXN;27/09/2026;Seguros
OP-2026000644;ES3801820000960000000033;809,71;USD;15/09/2026;Proveedor
OP-2026000645;ES2421000000610000000066;3.391.021,90;COP;16/09/2026;Formación
OP-2026000646;ES8120850000180000000234;890,24;EUR;27/09/2026;Publicidad
OP-2026000647;ES7500810000510000000074;916,68;EUR;16/09/2026;Mantenimiento
OP-2026000648;ES6200810000510000000114;694,73;EUR;15/09/2026;Formación
OP-2026000649;ES3500810000580000000160;961,37;EUR;25/09/2026;Transporte
OP-2026000650;ES9720850000160000000238;766,96;EUR;27/09/2026;Alquiler
OP-2026000651;ES3120850000150000000020;1.535,05;USD;27/09/2026;Nómina
OP-2026000652;ES5401280000160000000029;824,80;EUR;13/09/2026;Suministros
OP-2026000653;ES1420850000150000000132;17.305,75;MXN;20/09/2026;Transporte
OP-2026000654;ES9120850000110000000009;690,56;EUR;18/09/2026;Nómina
OP-2026000655;ES1200490000020000000161;776,08;EUR;26/09/2026;Viajes
OP-2026000656;ES5900490000010000000237;614,36;EUR;18/09/2026;Servicios profesionales
OP-2026000657;ES1820850000180000000010;589,75;EUR;24/09/2026;Alquiler
OP-2026000658;ES7221000000620000000026;795,99;EUR;13/09/2026;Proveedor
OP-2026000659;ES6520850000110000000186;4.304.367,02;COP;16/09/2026;Nómina
OP-2026000660;ES0700490000010000000203;1.067,44;EUR;17/09/2026;Servicios profesionales
OP-2026000661;ES5121000000690000000061;13.920,31;MXN;20/09/2026;Formación
OP-2026000662;ES8401820000910000000226;850,47;EUR;26/09/2026;Mantenimiento
OP-2026000663;ES2720850000120000000045;1.181,15;USD;13/09/2026;Viajes
OP-2026000664;ES9201280000120000000220;429,84;EUR;26/09/2026;Suministros
OP-2026000665;ES6701280000130000000136;1.043,18;EUR;21/09/2026;Alquiler
OP-2026000666;ES0520850000170000000196;755,26;EUR;17/09/2026;Comisiones
OP-2026000667;ES1501280000130000000005;487,79;EUR;13/09/2026;Alquiler
OP-2026000668;ES5621000000640000000022;18.527,95;MXN;15/09/2026;Licencias de software
OP-2026000669;ES7601820000920000000030;522,93;EUR;15/09/2026;Comisiones
OP-2026000670;ES5901280000170000000084;1.160,07;EUR;18/09/2026;Publicidad
OP-2026000671;ES8721000000680000000141;1.094,17;USD;15/09/2026;Transporte
OP-2026000672;ES4621000000680000000006;2.301.973,25;COP;20/09/2026;Licencias de software
OP-2026000673;ES4800490000040000000094;1.087,15;USD;20/09/2026;Material de oficina
OP-2026000674;ES1800490000040000000246;897,87;EUR;27/09/2026;Material de oficina
OP-2026000675;ES1501280000160000000052;1.034,18;EUR;23/09/2026;Licencias de software
OP-2026000676;ES4500810000510000000032;1.057,35;EUR;17/09/2026;Viajes
OP-2026000677;ES6400490000020000000195;2.117.353,36;COP;15/09/2026;Nómina
OP-2026000678;ES0700490000010000000203;1.154,14;EUR;27/09/2026;Transporte
OP-2026000679;ES4220850000180000000063;1.298,01;USD;23/09/2026;Proveedor
OP-2026000680;ES3401280000180000000097;785,01;EUR;25/09/2026;Viajes
OP-2026000681;ES7001820000920000000138;17.508,67;MXN;18/09/2026;Alquiler
OP-2026000682;ES8020850000110000000013;1.117,79;EUR;15/09/2026;Publicidad
OP-2026000683;ES2520850000180000000078;273,16;EUR;15/09/2026;Alquiler
OP-2026000684;ES9620850000120000000064;7.054,72;MXN;14/09/2026;Formación
OP-2026000685;ES4721000000610000000040;1.169,81;EUR;14/09/2026;Nómina
OP-2026000686;ES8721000000680000000141;2.980.688,07;COP;26/09/2026;Suministros
OP-2026000687;ES3600810000530000000193;17.007,00;MXN;22/09/2026;Formación
OP-2026000688;ES8120850000180000000234;623,72;EUR;26/09/2026;Material de oficina
OP-2026000689;ES0701280000170000000050;597,55;EUR;13/09/2026;Publicidad
OP-2026000690;ES4700810000510000000093;11.994,94;MXN;15/09/2026;Alquiler
OP-2026000691;ES5401280000160000000029;17.330,49;MXN;19/09/2026;Mantenimiento
OP-2026000692;ES3400810000510000000036;902,59;EUR;21/09/2026;Licencias de software
OP-2026000693;ES3400810000530000000229;1.174,41;EUR;19/09/2026;Servicios profesionales
OP-2026000694;ES7120850000100000000224;922,74;EUR;19/09/2026;Comisiones
OP-2026000695;ES7221000000620000000026;4.001.199,11;COP;25/09/2026;Viajes
OP-2026000696;ES0500490000070000000236;910,33;EUR;27/09/2026;Material de oficina
OP-2026000697;ES1200490000020000000161;808,62;EUR;24/09/2026;Seguros
OP-2026000698;ES3500810000580000000160;1.128,06;USD;18/09/2026;Servicios profesionales
OP-2026000699;ES3720850000170000000008;878,31;EUR;22/09/2026;Mantenimiento
OP-2026000700;ES3820850000120000000235;682,17;EUR;22/09/2026;Comisiones
OP-2026000701;ES3021000000610000000152;3.100.772,72;COP;17/09/2026;Publicidad
OP-2026000702;ES4300810000570000000162;1.136,87;EUR;27/09/2026;Alquiler
OP-2026000703;ES1520850000100000000068;770,81;EUR;20/09/2026;Mantenimiento
OP-2026000704;ES0220850000100000000205;855,44;EUR;22/09/2026;Licencias de software
OP-2026000705;ES3720850000170000000008;1.016,28;EUR;25/09/2026;Seguros
OP-2026000706;ES3021000000610000000152;854,98;USD;14/09/2026;Mantenimiento
OP-2026000707;ES7001280000140000000227;780,40;EUR;24/09/2026;Nómina
OP-2026000708;ES4601280000170000000027;711,85;EUR;26/09/2026;Publicidad
OP-2026000709;ES9620850000120000000064;888,02;USD;23/09/2026;Seguros
OP-2026000710;ES4000810000560000000071;917,77;EUR;15/09/2026;Nómina
OP-2026000711;ES4400810000520000000098;13.504,57;MXN;17/09/2026;Alquiler
OP-2026000712;ES7120850000130000000077;1.178,07;EUR;22/09/2026;Servicios profesionales
OP-2026000713;ES4201280000170000000099;18.865,65;MXN;18/09/2026;Material de oficina
OP-2026000714;ES4221000000680000000175;872,42;EUR;25/09/2026;Viajes
OP-2026000715;ES2000810000520000000142;922,80;EUR;26/09/2026;Servicios profesionales
OP-2026000716;ES3401820000930000000058;911,72;EUR;13/09/2026;Servicios profesionales
OP-2026000717;ES2401280000100000000184;3.562.133,15;COP;23/09/2026;Alquiler
OP-2026000718;ES3101280000140000000056;476,71;EUR;20/09/2026;Publicidad
OP-2026000719;ES3601820000990000000116;16.489,57;MXN;15/09/2026;Servicios profesionales
OP-2026000720;ES0600490000090000000120;827,40;EUR;15/09/2026;Proveedor
OP-2026000721;ES3700490000010000000148;732,44;EUR;17/09/2026;Publicidad
OP-2026000722;ES8100810000500000000015;20.799,05;MXN;17/09/2026;Transporte
OP-2026000723;ES7401280000170000000202;780,80;EUR;16/09/2026;Alquiler
OP-2026000724;ES8121000000680000000249;548,71;EUR;13/09/2026;Nómina
OP-2026000725;ES3701280000190000000188;874,54;USD;17/09/2026;Nómina
OP-2026000726;ES7601820000920000000030;681,46;USD;21/09/2026;Material de oficina
OP-2026000727;ES8120850000180000000234;765,13;USD;19/09/2026;Comisiones
OP-2026000728;ES9301280000190000000247;692,61;EUR;14/09/2026;Suministros
OP-2026000729;ES7600810000520000000201;815,83;EUR;19/09/2026;Licencias de software
OP-2026000730;ES7801280000160000000179;1.189,31;EUR;26/09/2026;Material de oficina
OP-2026000731;ES4700810000510000000093;830,04;USD;23/09/2026;Alquiler
OP-2026000732;ES4000810000560000000071;585,26;EUR;19/09/2026;Seguros
OP-2026000733;ES5701820000950000000128;1.086,82;EUR;26/09/2026;Servicios profesionales
OP-2026000734;ES3801820000960000000033;4.507.556,93;COP;24/09/2026;Comisiones
OP-2026000735;ES4221000000680000000175;472,92;EUR;13/09/2026;Publicidad
OP-2026000736;ES6920850000110000000211;887,07;EUR;25/09/2026;Mantenimiento
OP-2026000737;ES8600810000510000000070;1.010,15;EUR;22/09/2026;Suministros
OP-2026000738;ES5501280000110000000159;777,63;EUR;27/09/2026;Servicios profesionales
OP-2026000739;ES6101280000110000000051;4.448.160,04;COP;22/09/2026;Seguros
OP-2026000740;ES1501280000130000000005;913,28;EUR;18/09/2026;Alquiler
OP-2026000741;ES3700490000010000000148;871,58;EUR;19/09/2026;Seguros
OP-2026000742;ES6700490000010000000190;3.898.050,67;COP;14/09/2026;Nómina
OP-2026000743;ES8401280000130000000121;801,86;EUR;18/09/2026;Alquiler
OP-2026000744;ES8401820000910000000226;1.189,52;EUR;27/09/2026;Mantenimiento
OP-2026000745;ES4101820000970000000221;713,59;USD;19/09/2026;Licencias de software
OP-2026000746;ES6001820000960000000219;882,90;USD;13/09/2026;Suministros
OP-2026000747;ES0621000000690000000095;18.121,72;MXN;17/09/2026;Material de oficina
OP-2026000748;ES7600490000040000000172;13.482,93;MXN;19/09/2026;Mantenimiento
OP-2026000749;ES2401280000100000000184;2.323.768,41;COP;20/09/2026;Proveedor
OP-2026000750;ES7101280000160000000014;1.320,18;EUR;18/09/2026;Alquiler
OP-2026000751;ES3000810000570000000105;1.152,14;EUR;20/09/2026;Material de oficina
OP-2026000752;ES2101820000910000000002;12.359,81;MXN;18/09/2026;Viajes
OP-2026000753;ES3500810000550000000113;805,77;EUR;13/09/2026;Suministros
OP-2026000754;ES2421000000610000000163;930,45;EUR;19/09/2026;Publicidad
OP-2026000755;ES3400810000510000000133;797,20;USD;19/09/2026;Seguros
OP-2026000756;ES5600490000000000000049;685,75;EUR;20/09/2026;Material de oficina
OP-2026000757;ES3101280000140000000056;995,10;EUR;17/09/2026;Comisiones
OP-2026000758;ES5701820000950000000128;532,88;EUR;18/09/2026;Formación
OP-2026000759;ES1801820000950000000054;10.694,88;MXN;25/09/2026;Comisiones
OP-2026000760;ES7701820000960000000107;1.080,77;EUR;26/09/2026;Comisiones
OP-2026000761;ES4901820000960000000126;1.040,71;USD;27/09/2026;Proveedor
OP-2026000762;ES0301820000920000000180;858,57;USD;22/09/2026;Material de oficina
OP-2026000763;ES7001820000920000000138;17.663,66;MXN;18/09/2026;Licencias de software
OP-2026000764;ES7301820000910000000230;895,20;EUR;13/09/2026;Seguros
OP-2026000765;ES6620850000150000000069;658,39;EUR;20/09/2026;Mantenimiento
OP-2026000766;ES5900810000550000000166;663,53;EUR;15/09/2026;Formación
OP-2026000767;ES3400810000510000000036;1.024,35;USD;25/09/2026;Mantenimiento
OP-2026000768;ES5600490000000000000049;546,63;EUR;22/09/2026;Transporte
OP-2026000769;ES5900490000010000000237;556,34;EUR;24/09/2026;Proveedor
OP-2026000770;ES3401280000180000000097;825,78;EUR;22/09/2026;Formación
OP-2026000771;ES5520850000150000000170;1.033,49;EUR;14/09/2026;Servicios profesionales
OP-2026000772;ES6720850000140000000003;912,76;EUR;24/09/2026;Proveedor
OP-2026000773;ES5901280000140000000037;1.146,78;EUR;14/09/2026;Material de oficina
OP-2026000774;ES6421000000630000000024;1.963.310,07;COP;17/09/2026;Seguros
OP-2026000775;ES6600810000590000000232;1.072,71;USD;16/09/2026;Viajes
OP-2026000776;ES2921000000680000000215;17.870,94;MXN;23/09/2026;Comisiones
OP-2026000777;ES3721000000670000000217;886,18;USD;22/09/2026;Transporte
OP-2026000778;ES4400810000520000000098;621,13;USD;18/09/2026;Seguros
OP-2026000779;ES9120850000110000000009;464,62;USD;18/09/2026;Transporte
OP-2026000780;ES8721000000680000000141;20.403,20;MXN;22/09/2026;Transporte
OP-2026000781;ES5901280000140000000037;12.848,14;MXN;15/09/2026;Suministros
OP-2026000782;ES1801280000170000000143;917,50;USD;19/09/2026;Alquiler
OP-2026000783;ES8700810000550000000147;921,75;EUR;19/09/2026;Viajes
OP-2026000784;ES7120850000130000000077;673,39;EUR;24/09/2026;Publicidad
OP-2026000785;ES8120850000180000000234;979,66;USD;25/09/2026;Alquiler
OP-2026000786;ES8100810000530000000062;363,29;EUR;24/09/2026;Seguros
OP-2026000787;ES8320850000120000000104;854,41;EUR;16/09/2026;Material de oficina
OP-2026000788;ES9001820000930000000117;1.330,80;USD;24/09/2026;Mantenimiento
OP-2026000789;ES8321000000620000000119;19.278,81;MXN;16/09/2026;Licencias de software
OP-2026000790;ES8620850000160000000145;3.736.494,96;COP;19/09/2026;Seguros
OP-2026000791;ES6701280000130000000136;1.094,20;EUR;14/09/2026;Licencias de software
OP-2026000792;ES3900810000540000000187;1.177,12;EUR;14/09/2026;Proveedor
OP-2026000793;ES7400490000070000000158;698,95;EUR;20/09/2026;Alquiler
OP-2026000794;ES4601280000170000000027;999,19;USD;13/09/2026;Nómina
OP-2026000795;ES7501820000900000000146;1.082,80;EUR;13/09/2026;Nómina
OP-2026000796;ES9601280000110000000197;1.162,43;EUR;14/09/2026;Seguros
OP-2026000797;ES7420850000140000000168;1.016,32;USD;22/09/2026;Proveedor
OP-2026000798;ES2501820000990000000023;18.475,50;MXN;13/09/2026;Mantenimiento
OP-2026000799;ES8701820000950000000073;1.084,68;EUR;17/09/2026;Seguros
OP-2026000800;ES6701280000130000000136;3.806.067,60;COP;19/09/2026;Nómina
OP-2026000801;ES4201280000170000000099;1.311,17;EUR;17/09/2026;Material de oficina
OP-2026000802;ES9601280000110000000197;500,27;EUR;21/09/2026;Formación
OP-2026000803;ES9620850000120000000064;680,52;EUR;24/09/2026;Viajes
OP-2026000804;ES9100810000580000000025;894,25;USD;17/09/2026;Transporte
OP-2026000805;ES7120850000130000000077;1.043,64;EUR;14/09/2026;Licencias de software
OP-2026000806;ES5800490000060000000204;858,96;EUR;14/09/2026;Servicios profesionales
OP-2026000807;ES4000810000560000000071;876,14;USD;18/09/2026;Mantenimiento
OP-2026000808;ES8020850000110000000207;1.049,99;EUR;13/09/2026;Seguros
OP-2026000809;ES5600810000510000000125;1.065,36;EUR;22/09/2026;Licencias de software
OP-2026000810;ES0200490000090000000192;904,29;EUR;14/09/2026;Proveedor
OP-2026000811;ES8121000000680000000249;775,59;EUR;26/09/2026;Mantenimiento
OP-2026000812;ES7521000000660000000164;726,67;USD;23/09/2026;Comisiones
OP-2026000813;ES5100810000560000000067;839,56;EUR;13/09/2026;Proveedor
OP-2026000814;ES9820850000180000000122;19.878,36;MXN;14/09/2026;Mantenimiento
OP-2026000815;ES5100810000560000000067;1.486,50;USD;14/09/2026;Licencias de software
OP-2026000816;ES3400810000510000000133;470,28;EUR;26/09/2026;Transporte
OP-2026000817;ES4600810000580000000059;607,27;USD;13/09/2026;Servicios profesionales
OP-2026000818;ES3500810000580000000160;681,08;EUR;22/09/2026;Alquiler
OP-2026000819;ES4621000000680000000006;833,24;USD;24/09/2026;Transporte
OP-2026000820;ES5901280000170000000084;802,03;EUR;22/09/2026;Mantenimiento
OP-2026000821;ES9621000000620000000079;26.111,46;MXN;27/09/2026;Licencias de software
OP-2026000822;ES5621000000640000000022;623,53;USD;22/09/2026;Transporte
OP-2026000823;ES6101280000110000000051;925,49;EUR;15/09/2026;Servicios profesionales
OP-2026000824;ES5901280000170000000084;602,86;EUR;16/09/2026;Mantenimiento
OP-2026000825;ES8100810000530000000062;958,46;EUR;17/09/2026;Servicios profesionales
OP-2026000826;ES3500810000580000000160;1.037,72;EUR;21/09/2026;Material de oficina
OP-2026000827;ES5500490000050000000210;1.138,17;EUR;14/09/2026;Comisiones
OP-2026000828;ES5100810000560000000067;3.970.627,32;COP;27/09/2026;Mantenimiento
OP-2026000829;ES8600810000510000000070;1.128,58;EUR;25/09/2026;Comisiones
OP-2026000830;ES4800490000040000000094;1.098,91;USD;25/09/2026;Servicios profesionales
OP-2026000831;ES9321000000610000000182;1.049,47;EUR;23/09/2026;Publicidad
OP-2026000832;ES6701820000910000000047;343,59;EUR;26/09/2026;Servicios profesionales
OP-2026000833;ES8501820000950000000206;737,49;EUR;14/09/2026;Publicidad
OP-2026000834;ES6700490000010000000190;746,59;EUR;27/09/2026;Comisiones
OP-2026000835;ES9820850000180000000122;1.089,17;EUR;15/09/2026;Comisiones
OP-2026000836;ES7300810000540000000060;701,22;EUR;26/09/2026;Licencias de software
OP-2026000837;ES3400810000510000000133;1.141,87;EUR;24/09/2026;Publicidad
OP-2026000838;ES7521000000660000000164;823,46;EUR;23/09/2026;Mantenimiento
OP-2026000839;ES6000810000540000000100;1.152,31;EUR;17/09/2026;Proveedor
OP-2026000840;ES1820850000180000000010;993,99;USD;18/09/2026;Servicios profesionales
OP-2026000841;ES2501820000990000000023;15.640,20;MXN;27/09/2026;Publicidad
OP-2026000842;ES0421000000600000000087;961,04;USD;27/09/2026;Nómina
OP-2026000843;ES0800810000590000000209;753,75;EUR;15/09/2026;Suministros
OP-2026000844;ES7601820000920000000030;760,30;EUR;16/09/2026;Alquiler
OP-2026000845;ES8020850000110000000013;1.312,11;EUR;26/09/2026;Viajes
OP-2026000846;ES9121000000610000000218;967,64;EUR;17/09/2026;Comisiones
OP-2026000847;ES5520850000150000000170;1.114,54;USD;19/09/2026;Mantenimiento
OP-2026000848;ES6620850000150000000069;637,78;EUR;22/09/2026;Licencias de software
OP-2026000849;ES5900810000520000000216;741,45;USD;16/09/2026;Seguros
OP-2026000850;ES1800810000550000000225;1.180,67;USD;16/09/2026;Nómina
OP-2026000851;ES6701280000130000000136;980,19;EUR;20/09/2026;Licencias de software
OP-2026000852;ES4000490000050000000092;784,87;USD;22/09/2026;Proveedor
OP-2026000853;ES7521000000610000000021;807,16;EUR;15/09/2026;Alquiler
OP-2026000854;ES3601820000990000000116;683,91;USD;23/09/2026;Formación
OP-2026000855;ES8020850000110000000013;908,93;EUR;14/09/2026;Alquiler
OP-2026000856;ES2701280000110000000178;968,00;EUR;23/09/2026;Comisiones
OP-2026000857;ES0621000000690000000095;3.350.666,45;COP;14/09/2026;Proveedor
OP-2026000858;ES2721000000620000000157;1.158,66;USD;15/09/2026;Transporte
OP-2026000859;ES8321000000620000000119;721,04;USD;16/09/2026;Comisiones
OP-2026000860;ES6421000000630000000024;666,69;EUR;21/09/2026;Seguros
OP-2026000861;ES3400810000530000000229;24.309,54;MXN;18/09/2026;Formación
OP-2026000862;ES5100810000560000000067;10.380,45;MXN;21/09/2026;Viajes
OP-2026000863;ES9320850000110000000167;1.201,11;USD;27/09/2026;Comisiones
OP-2026000864;ES6701280000130000000039;966,00;USD;24/09/2026;Proveedor
OP-2026000865;ES6101280000110000000051;881,44;USD;15/09/2026;Viajes
OP-2026000866;ES8401820000910000000226;546,04;EUR;19/09/2026;Transporte
OP-2026000867;ES1520850000100000000068;3.256.649,48;COP;17/09/2026;Proveedor
OP-2026000868;ES9100810000580000000025;987,79;EUR;25/09/2026;Proveedor
OP-2026000869;ES5900810000550000000166;1.176,03;EUR;14/09/2026;Proveedor
OP-2026000870;ES3021000000610000000055;791,91;EUR;15/09/2026;Viajes
OP-2026000871;ES7520850000130000000102;796,07;EUR;18/09/2026;Suministros
OP-2026000872;ES5600490000000000000049;19.347,91;MXN;24/09/2026;Mantenimiento
OP-2026000873;ES9401820000990000000042;3.886.867,49;COP;21/09/2026;Suministros
OP-2026000874;ES7120850000130000000077;1.185,31;EUR;25/09/2026;Mantenimiento
OP-2026000875;ES8901280000110000000129;916,89;EUR;15/09/2026;Proveedor
OP-2026000876;ES9600810000560000000130;736,53;EUR;17/09/2026;Publicidad
OP-2026000877;ES1501280000130000000005;549,79;EUR;17/09/2026;Material de oficina
OP-2026000878;ES8521000000620000000083;1.009,11;USD;15/09/2026;Suministros
OP-2026000879;ES2120850000190000000004;857,49;EUR;25/09/2026;Mantenimiento
OP-2026000880;ES4221000000680000000175;655,58;EUR;17/09/2026;Servicios profesionales
OP-2026000881;ES4300810000570000000065;884,04;EUR;16/09/2026;Suministros
OP-2026000882;ES5121000000690000000061;671,68;EUR;22/09/2026;Publicidad
OP-2026000883;ES2800810000510000000241;722,07;USD;19/09/2026;Seguros
OP-2026000884;ES8121000000680000000249;15.829,09;MXN;27/09/2026;Seguros
OP-2026000885;ES6200810000510000000114;880,37;EUR;19/09/2026;Transporte
OP-2026000886;ES6000810000540000000100;1.060,69;USD;17/09/2026;Material de oficina
OP-2026000887;ES3101280000110000000106;579,45;EUR;27/09/2026;Formación
OP-2026000888;ES2921000000680000000215;801,67;EUR;21/09/2026;Seguros
OP-2026000889;ES7400490000070000000158;1.302,75;EUR;17/09/2026;Material de oficina
OP-2026000890;ES3101280000110000000106;846,54;EUR;18/09/2026;Seguros
OP-2026000891;ES0701280000170000000050;517,55;EUR;18/09/2026;Suministros
OP-2026000892;ES4201280000170000000099;846,20;EUR;25/09/2026;Alquiler
OP-2026000893;ES1100490000070000000031;1.154,46;USD;27/09/2026;Formación
OP-2026000894;ES7101280000160000000014;730,50;USD;23/09/2026;Formación
OP-2026000895;ES3021000000610000000055;1.066,33;EUR;14/09/2026;Alquiler
OP-2026000896;ES5100810000560000000067;1.235,61;EUR;18/09/2026;Seguros
OP-2026000897;ES3700490000010000000148;851,50;USD;25/09/2026;Publicidad
OP-2026000898;ES7221000000620000000026;1.112,09;USD;21/09/2026;Alquiler
OP-2026000899;ES6720850000140000000003;713,85;EUR;25/09/2026;Mantenimiento
OP-2026000900;ES1800810000550000000225;898,49;EUR;17/09/2026;Suministros
OP-2026000901;ES4300810000570000000065;796,54;EUR;19/09/2026;Transporte
OP-2026000902;ES5121000000690000000061;737,30;USD;20/09/2026;Nómina
OP-2026000903;ES4721000000610000000040;1.279,16;EUR;26/09/2026;Nómina
OP-2026000904;ES3220850000100000000053;3.592.042,18;COP;22/09/2026;Viajes
OP-2026000905;ES8100810000530000000062;15.214,11;MXN;15/09/2026;Licencias de software
OP-2026000906;ES8100810000500000000015;954,86;EUR;14/09/2026;Viajes
OP-2026000907;ES5121000000690000000061;5.919.780,79;COP;23/09/2026;Proveedor
OP-2026000908;ES4201280000170000000099;14.233,26;MXN;23/09/2026;Viajes
OP-2026000909;ES7401280000170000000202;966,06;EUR;24/09/2026;Material de oficina
OP-2026000910;ES9001820000930000000117;1.162,56;EUR;27/09/2026;Licencias de software
OP-2026000911;ES3400810000530000000229;750,95;EUR;26/09/2026;Nómina
OP-2026000912;ES6101820000980000000103;1.096,02;EUR;24/09/2026;Viajes
OP-2026000913;ES5701820000950000000128;940,66;EUR;26/09/2026;Servicios profesionales
OP-2026000914;ES5400810000540000000208;3.145.331,48;COP;22/09/2026;Seguros
OP-2026000915;ES9201820000900000000034;716,42;EUR;21/09/2026;Transporte
OP-2026000916;ES4800810000520000000123;4.037.775,08;COP;19/09/2026;Licencias de software
OP-2026000917;ES7300810000540000000060;642,28;EUR;17/09/2026;Seguros
OP-2026000918;ES4500810000510000000032;853,88;EUR;13/09/2026;Proveedor
OP-2026000919;ES9601280000110000000197;773,40;USD;23/09/2026;Viajes
OP-2026000920;ES2401820000970000000139;785,96;EUR;23/09/2026;Material de oficina
OP-2026000921;ES9001280000150000000109;722,37;EUR;17/09/2026;Seguros
OP-2026000922;ES6101280000110000000051;18.410,07;MXN;16/09/2026;Proveedor
OP-2026000923;ES4220850000180000000063;786,00;EUR;13/09/2026;Seguros
OP-2026000924;ES1901820000990000000228;513,41;EUR;17/09/2026;Comisiones
OP-2026000925;ES9400810000590000000213;867,61;EUR;18/09/2026;Servicios profesionales
OP-2026000926;ES4521000000690000000169;13.037,03;MXN;15/09/2026;Nómina
OP-2026000927;ES8121000000680000000249;3.726.492,01;COP;16/09/2026;Material de oficina
OP-2026000928;ES7020850000180000000044;3.722.035,06;COP;20/09/2026;Nómina
OP-2026000929;ES0620850000190000000080;17.012,30;MXN;19/09/2026;Formación
OP-2026000930;ES2121000000690000000019;2.159.754,73;COP;24/09/2026;Formación
OP-2026000931;ES0620850000190000000080;684,63;USD;14/09/2026;Transporte
OP-2026000932;ES7521000000630000000214;812,15;EUR;25/09/2026;Comisiones
OP-2026000933;ES5800490000060000000204;906,03;USD;27/09/2026;Comisiones
OP-2026000934;ES0421000000600000000087;530,13;USD;17/09/2026;Publicidad
OP-2026000935;ES0500490000070000000236;772,87;EUR;19/09/2026;Proveedor
OP-2026000936;ES5520850000150000000170;20.636,91;MXN;27/09/2026;Transporte
OP-2026000937;ES7221000000620000000026;663,27;USD;26/09/2026;Formación
OP-2026000938;ES8400490000000000000127;893,97;EUR;23/09/2026;Viajes
OP-2026000939;ES7501820000900000000243;969,88;EUR;14/09/2026;Nómina
OP-2026000940;ES3801820000960000000033;826,50;EUR;25/09/2026;Publicidad
OP-2026000941;ES5800490000060000000204;1.300,58;USD;21/09/2026;Mantenimiento
OP-2026000942;ES8021000000610000000222;413,90;EUR;18/09/2026;Alquiler
OP-2026000943;ES6701280000130000000039;589,29;EUR;27/09/2026;Transporte
OP-2026000944;ES9301280000190000000247;854,01;USD;17/09/2026;Comisiones
OP-2026000945;ES9100490000070000000240;13.150,24;MXN;26/09/2026;Comisiones
OP-2026000946;ES1000810000590000000076;873,85;USD;22/09/2026;Alquiler
OP-2026000947;ES1800490000040000000246;788,99;EUR;21/09/2026;Suministros
OP-2026000948;ES4621000000680000000200;746,24;EUR;16/09/2026;Comisiones
OP-2026000949;ES9621000000620000000079;1.146,48;EUR;25/09/2026;Viajes
OP-2026000950;ES4400810000520000000098;990,01;EUR;23/09/2026;Licencias de software
OP-2026000951;ES6200810000510000000017;917,15;USD;18/09/2026;Formación
OP-2026000952;ES5420850000100000000239;1.022,16;EUR;21/09/2026;Viajes
OP-2026000953;ES9120850000140000000250;344,79;EUR;13/09/2026;Viajes
OP-2026000954;ES7120850000130000000174;653,02;EUR;20/09/2026;Licencias de software
OP-2026000955;ES9321000000610000000182;945,94;EUR;23/09/2026;Comisiones
OP-2026000956;ES0621000000690000000095;911,99;EUR;19/09/2026;Comisiones
OP-2026000957;ES5100810000560000000067;734,86;EUR;18/09/2026;Transporte
OP-2026000958;ES7701820000960000000107;836,67;USD;15/09/2026;Nómina
OP-2026000959;ES3721000000670000000217;1.425,06;USD;16/09/2026;Servicios profesionales
OP-2026000960;ES0800810000590000000209;670,21;EUR;22/09/2026;Proveedor
OP-2026000961;ES3401820000930000000058;4.633.153,22;COP;26/09/2026;Proveedor
OP-2026000962;ES2000810000520000000142;3.910.508,08;COP;16/09/2026;Mantenimiento
OP-2026000963;ES3101280000140000000056;21.903,94;MXN;17/09/2026;Mantenimiento
OP-2026000964;ES1420850000150000000132;1.221,71;USD;19/09/2026;Seguros
OP-2026000965;ES3820850000120000000235;725,51;USD;24/09/2026;Mantenimiento
OP-2026000966;ES0620850000190000000080;1.310,88;EUR;15/09/2026;Publicidad
OP-2026000967;ES4621000000680000000200;8.239,81;MXN;20/09/2026;Suministros
OP-2026000968;ES1801280000170000000143;14.240,18;MXN;16/09/2026;Material de oficina
OP-2026000969;ES2120850000190000000004;1.139,05;EUR;26/09/2026;Proveedor
OP-2026000970;ES7020850000180000000044;392,60;EUR;24/09/2026;Nómina
OP-2026000971;ES1801280000170000000143;1.016,90;EUR;27/09/2026;Alquiler
OP-2026000972;ES4800810000520000000123;1.092,47;EUR;21/09/2026;Transporte
OP-2026000973;ES2120850000190000000004;825,20;EUR;26/09/2026;Formación
OP-2026000974;ES8321000000620000000119;939,22;EUR;21/09/2026;Transporte
OP-2026000975;ES5901280000140000000037;569,99;EUR;24/09/2026;Comisiones
OP-2026000976;ES5001280000130000000248;897,85;EUR;13/09/2026;Formación
OP-2026000977;ES4521000000690000000169;4.341.329,09;COP;20/09/2026;Alquiler
OP-2026000978;ES1901820000990000000228;664,15;USD;21/09/2026;Seguros
OP-2026000979;ES6201820000960000000183;1.011,69;USD;16/09/2026;Transporte
OP-2026000980;ES7120850000100000000224;702,91;USD;13/09/2026;Seguros
OP-2026000981;ES2921000000680000000118;388,39;EUR;15/09/2026;Transporte
OP-2026000982;ES3720850000170000000008;1.143,21;EUR;19/09/2026;Viajes
OP-2026000983;ES8400490000000000000127;852,28;EUR;17/09/2026;Viajes
OP-2026000984;ES6701280000160000000086;877,73;EUR;16/09/2026;Mantenimiento
OP-2026000985;ES7521000000610000000021;684,81;EUR;16/09/2026;Seguros
OP-2026000986;ES2620850000170000000012;1.038,17;EUR;16/09/2026;Comisiones
OP-2026000987;ES1000810000590000000076;537,63;EUR;22/09/2026;Comisiones
OP-2026000988;ES3400810000510000000036;4.220.762,39;COP;20/09/2026;Publicidad
OP-2026000989;ES7920850000120000000176;919,98;EUR;24/09/2026;Viajes
OP-2026000990;ES3500810000550000000113;16.227,81;MXN;19/09/2026;Comisiones
OP-2026000991;ES0600490000090000000120;17.977,44;MXN;18/09/2026;Transporte
OP-2026000992;ES2401820000970000000139;14.268,28;MXN;26/09/2026;Publicidad
OP-2026000993;ES2421000000610000000163;960,02;EUR;15/09/2026;Seguros
OP-2026000994;ES3220850000100000000053;1.080,65;USD;15/09/2026;Formación
OP-2026000995;ES6920850000110000000211;1.876.070,22;COP;26/09/2026;Seguros
OP-2026000996;ES4300810000570000000162;3.425.077,36;COP;20/09/2026;Mantenimiento
OP-2026000997;ES9621000000620000000079;13.932,92;MXN;14/09/2026;Transporte
OP-2026000998;ES7101280000160000000111;1.322,41;USD;21/09/2026;Proveedor
OP-2026000999;ES7500810000510000000074;769,32;EUR;13/09/2026;Transporte
OP-2026001000;ES3220850000100000000053;663,05;EUR;20/09/2026;Comisiones
OP-2026001001;ES7621000000650000000001;3.544.932,20;COP;15/09/2026;Seguros
OP-2026001002;ES7701820000990000000154;809,16;EUR;27/09/2026;Formación
OP-2026001003;ES3500490000070000000181;585,63;USD;23/09/2026;Servicios profesionales
OP-2026001004;ES6421000000630000000024;528,26;EUR;16/09/2026;Publicidad
OP-2026001005;ES9600490000020000000007;807,99;EUR;23/09/2026;Transporte
OP-2026001006;ES4500810000510000000032;19.424,74;MXN;20/09/2026;Licencias de software
OP-2026001007;ES6701280000160000000086;1.038,54;EUR;24/09/2026;Licencias de software
OP-2026001008;ES3900810000540000000187;988,75;EUR;13/09/2026;Comisiones
OP-2026001009;ES7501280000150000000088;839,17;EUR;18/09/2026;Proveedor
OP-2026001010;ES5520850000150000000170;1.115,25;USD;25/09/2026;Material de oficina
OP-2026001011;ES3101280000140000000056;906,65;USD;24/09/2026;Servicios profesionales
OP-2026001012;ES3520850000140000000191;1.070,26;EUR;21/09/2026;Suministros
OP-2026001013;ES2000810000520000000142;1.076,53;EUR;23/09/2026;Comisiones
OP-2026001014;ES5900490000010000000237;906,86;USD;27/09/2026;Proveedor
OP-2026001015;ES0220850000100000000205;1.205,51;EUR;20/09/2026;Proveedor
OP-2026001016;ES9500810000540000000149;559,53;USD;18/09/2026;Mantenimiento
OP-2026001017;ES8100810000500000000015;1.046,43;EUR;25/09/2026;Proveedor
OP-2026001018;ES8100810000500000000112;2.874.967,38;COP;18/09/2026;Seguros
OP-2026001019;ES7221000000620000000026;978,75;EUR;18/09/2026;Transporte
OP-2026001020;ES4201280000170000000099;991,37;EUR;13/09/2026;Seguros
OP-2026001021;ES3820850000120000000235;13.548,02;MXN;15/09/2026;Formación
OP-2026001022;ES4901820000960000000126;814,96;USD;20/09/2026;Comisiones
OP-2026001023;ES8700810000550000000147;3.034.350,02;COP;23/09/2026;Licencias de software
OP-2026001024;ES8600810000510000000070;1.011,70;EUR;20/09/2026;Proveedor
OP-2026001025;ES6920850000110000000211;532,88;EUR;22/09/2026;Suministros
OP-2026001026;ES5900810000520000000216;795,92;EUR;24/09/2026;Material de oficina
OP-2026001027;ES2401820000970000000139;667,08;EUR;25/09/2026;Suministros
OP-2026001028;ES7320850000190000000135;1.104,34;EUR;17/09/2026;Servicios profesionales
OP-2026001029;ES2921000000680000000118;998,70;USD;16/09/2026;Licencias de software
OP-2026001030;ES5600490000000000000049;1.061,16;USD;26/09/2026;Viajes
OP-2026001031;ES3101280000140000000056;14.314,97;MXN;14/09/2026;Proveedor
OP-2026001032;ES4000490000050000000092;1.053,64;USD;18/09/2026;Licencias de software
OP-2026001033;ES9201820000900000000034;18.163,50;MXN;15/09/2026;Publicidad
OP-2026001034;ES5701820000950000000128;3.228.514,71;COP;23/09/2026;Servicios profesionales
OP-2026001035;ES6600810000590000000232;690,13;EUR;18/09/2026;Viajes
OP-2026001036;ES2921000000680000000118;996,44;EUR;24/09/2026;Proveedor
OP-2026001037;ES2921000000680000000118;892,94;EUR;15/09/2026;Alquiler
OP-2026001038;ES3400810000510000000133;627,68;EUR;23/09/2026;Comisiones
OP-2026001039;ES5900810000520000000216;1.313,17;EUR;18/09/2026;Formación
OP-2026001040;ES4721000000610000000040;915,16;EUR;26/09/2026;Publicidad
OP-2026001041;ES1800810000550000000225;964,80;EUR;18/09/2026;Alquiler
OP-2026001042;ES4400810000520000000098;530,25;EUR;21/09/2026;Servicios profesionales
OP-2026001043;ES6300490000040000000212;781,71;EUR;23/09/2026;Formación
OP-2026001044;ES5621000000640000000022;652,24;EUR;21/09/2026;Transporte
OP-2026001045;ES8501820000980000000156;561,21;EUR;21/09/2026;Alquiler
OP-2026001046;ES5401280000160000000029;960,05;USD;22/09/2026;Alquiler
OP-2026001047;ES3101280000140000000153;1.053,20;USD;22/09/2026;Suministros
OP-2026001048;ES7501280000150000000088;902,14;EUR;16/09/2026;Alquiler
OP-2026001049;ES0600490000090000000120;969,37;USD;14/09/2026;Servicios profesionales
OP-2026001050;ES0621000000690000000095;1.050,77;EUR;23/09/2026;Viajes
OP-2026001051;ES4201280000170000000099;976,30;USD;19/09/2026;Proveedor
OP-2026001052;ES6101280000110000000051;16.863,10;MXN;16/09/2026;Comisiones
OP-2026001053;ES7920850000120000000176;638,99;EUR;20/09/2026;Formación
OP-2026001054;ES0701280000170000000050;1.183,36;EUR;13/09/2026;Proveedor
OP-2026001055;ES3400810000510000000133;731,85;EUR;26/09/2026;Servicios profesionales
OP-2026001056;ES1501280000130000000005;19.966,81;MXN;20/09/2026;Seguros
OP-2026001057;ES6701820000910000000047;324,10;EUR;21/09/2026;Proveedor
OP-2026001058;ES8020850000110000000207;12.636,06;MXN;18/09/2026;Comisiones
OP-2026001059;ES5121000000690000000061;918,24;EUR;14/09/2026;Proveedor
OP-2026001060;ES7520850000130000000102;1.087,21;EUR;27/09/2026;Nómina
OP-2026001061;ES2420850000110000000245;827,01;EUR;18/09/2026;Servicios profesionales
OP-2026001062;ES7101280000160000000111;1.021,51;EUR;21/09/2026;Mantenimiento
OP-2026001063;ES7521000000660000000164;15.458,98;MXN;19/09/2026;Servicios profesionales
OP-2026001064;ES3720850000170000000008;1.097,54;EUR;18/09/2026;Servicios profesionales
OP-2026001065;ES2620850000170000000012;884,10;EUR;13/09/2026;Suministros
OP-2026001066;ES0800810000590000000209;752,31;EUR;22/09/2026;Servicios profesionales
OP-2026001067;ES4700810000510000000093;16.064,54;MXN;19/09/2026;Licencias de software
OP-2026001068;ES7601820000920000000030;737,82;EUR;27/09/2026;Transporte
OP-2026001069;ES0600490000090000000120;895,03;EUR;18/09/2026;Servicios profesionales
OP-2026001070;ES6000810000540000000100;829,19;EUR;25/09/2026;Proveedor
OP-2026001071;ES6520850000110000000186;17.202,86;MXN;19/09/2026;Servicios profesionales
OP-2026001072;ES3220850000100000000053;1.059,85;EUR;20/09/2026;Nómina
OP-2026001073;ES9201820000900000000034;791,68;USD;13/09/2026;Seguros
OP-2026001074;ES3400810000510000000133;906,44;EUR;14/09/2026;Servicios profesionales
OP-2026001075;ES7120850000100000000224;804,63;EUR;25/09/2026;Publicidad
OP-2026001076;ES4901820000960000000126;768,02;USD;15/09/2026;Seguros
OP-2026001077;ES8100810000500000000112;734,15;USD;20/09/2026;Suministros
OP-2026001078;ES2420850000110000000245;1.009,26;EUR;21/09/2026;Licencias de software
OP-2026001079;ES8700810000550000000244;901,98;USD;15/09/2026;Servicios profesionales
OP-2026001080;ES2620850000170000000012;889,75;EUR;22/09/2026;Licencias de software
OP-2026001081;ES3701280000190000000188;4.158.026,58;COP;17/09/2026;Alquiler
OP-2026001082;ES0701280000170000000050;22.624,22;MXN;23/09/2026;Transporte
OP-2026001083;ES6600810000500000000091;762,39;EUR;18/09/2026;Material de oficina
OP-2026001084;ES1420850000150000000132;690,41;EUR;25/09/2026;Proveedor
OP-2026001085;ES7521000000610000000021;1.149,09;EUR;24/09/2026;Licencias de software
OP-2026001086;ES2420850000110000000245;874,83;EUR;27/09/2026;Nómina
OP-2026001087;ES4221000000680000000175;12.536,31;MXN;13/09/2026;Mantenimiento
OP-2026001088;ES2101820000910000000002;927,80;EUR;21/09/2026;Mantenimiento
OP-2026001089;ES4800490000040000000094;913,64;EUR;15/09/2026;Material de oficina
OP-2026001090;ES8020850000110000000207;3.797.590,54;COP;24/09/2026;Viajes
OP-2026001091;ES8100810000530000000062;4.161.536,77;COP;14/09/2026;Formación
OP-2026001092;ES6101820000980000000103;542,01;EUR;22/09/2026;Mantenimiento
OP-2026001093;ES4000810000560000000071;993,96;EUR;15/09/2026;Nómina
OP-2026001094;ES3500810000550000000113;905,08;EUR;19/09/2026;Material de oficina
OP-2026001095;ES2701280000110000000178;587,77;EUR;18/09/2026;Publicidad
OP-2026001096;ES9100810000580000000025;1.121,45;EUR;20/09/2026;Licencias de software
OP-2026001097;ES5901280000170000000084;841,91;EUR;20/09/2026;Servicios profesionales
OP-2026001098;ES3421000000660000000223;14.293,80;MXN;16/09/2026;Viajes
OP-2026001099;ES6600810000500000000091;1.324,51;USD;23/09/2026;Alquiler
OP-2026001100;ES6201820000960000000183;821,75;EUR;19/09/2026;Proveedor
OP-2026001101;ES6400490000020000000195;12.811,66;MXN;16/09/2026;Suministros
OP-2026001102;ES5600810000510000000125;713,79;EUR;22/09/2026;Transporte
OP-2026001103;ES8620850000160000000242;820,53;EUR;20/09/2026;Servicios profesionales
OP-2026001104;ES8401280000130000000121;835,60;EUR;27/09/2026;Proveedor
OP-2026001105;ES7020850000180000000044;846,82;EUR;13/09/2026;Transporte
OP-2026001106;ES0421000000600000000087;923,11;EUR;26/09/2026;Seguros
OP-2026001107;ES2121000000690000000019;805,15;EUR;15/09/2026;Transporte
OP-2026001108;ES8100810000530000000062;812,71;USD;26/09/2026;Material de oficina
OP-2026001109;ES1200810000560000000090;702,02;EUR;17/09/2026;Comisiones
OP-2026001110;ES7320850000190000000038;470,04;EUR;13/09/2026;Mantenimiento
OP-2026001111;ES3600810000530000000193;933,01;EUR;16/09/2026;Proveedor
OP-2026001112;ES3500810000580000000160;733,02;EUR;25/09/2026;Material de oficina
OP-2026001113;ES9201280000120000000220;1.243,71;USD;17/09/2026;Formación
OP-2026001114;ES9100810000580000000025;919,43;EUR;21/09/2026;Servicios profesionales
OP-2026001115;ES1800810000550000000225;747,16;EUR;15/09/2026;Comisiones
OP-2026001116;ES5520850000150000000170;1.165,03;USD;25/09/2026;Seguros
OP-2026001117;ES9121000000610000000218;747,54;EUR;25/09/2026;Publicidad
OP-2026001118;ES8120850000180000000234;708,99;EUR;16/09/2026;Viajes
OP-2026001119;ES6700490000010000000190;1.140,67;EUR;20/09/2026;Formación
OP-2026001120;ES7101280000160000000111;838,74;EUR;16/09/2026;Seguros
OP-2026001121;ES5801280000190000000101;1.199,07;EUR;17/09/2026;Mantenimiento
OP-2026001122;ES5520850000150000000170;17.151,34;MXN;25/09/2026;Viajes
OP-2026001123;ES8020850000110000000013;1.080,05;EUR;18/09/2026;Publicidad
OP-2026001124;ES8521000000620000000083;663,73;EUR;19/09/2026;Transporte
OP-2026001125;ES7620850000110000000085;726,32;EUR;26/09/2026;Viajes
OP-2026001126;ES3900810000540000000187;849,21;EUR;14/09/2026;Viajes
OP-2026001127;ES5900810000550000000166;17.135,83;MXN;20/09/2026;Seguros
OP-2026001128;ES8721000000680000000141;716,84;EUR;23/09/2026;Comisiones
OP-2026001129;ES9120850000110000000009;1.327,20;EUR;15/09/2026;Suministros
OP-2026001130;ES5121000000690000000061;1.207,14;USD;15/09/2026;Nómina
OP-2026001131;ES7101280000160000000111;17.339,07;MXN;19/09/2026;Seguros
OP-2026001132;ES8321000000620000000119;994,29;USD;15/09/2026;Material de oficina
OP-2026001133;ES6700490000010000000190;1.118,37;EUR;13/09/2026;Material de oficina
OP-2026001134;ES5900490000010000000237;746,02;EUR;13/09/2026;Seguros
OP-2026001135;ES9301280000190000000247;1.216,66;USD;16/09/2026;Proveedor
OP-2026001136;ES0520850000170000000196;967,02;EUR;21/09/2026;Proveedor
OP-2026001137;ES6400490000020000000195;736,91;EUR;25/09/2026;Seguros
OP-2026001138;ES3421000000660000000223;1.080,39;EUR;21/09/2026;Suministros
OP-2026001139;ES5901280000140000000037;3.296.801,15;COP;25/09/2026;Transporte
OP-2026001140;ES4400810000520000000098;10.505,11;MXN;20/09/2026;Comisiones
OP-2026001141;ES0220850000100000000205;587,32;EUR;25/09/2026;Licencias de software
OP-2026001142;ES2620850000170000000012;2.959.721,70;COP;24/09/2026;Licencias de software
OP-2026001143;ES7600490000040000000172;740,06;EUR;23/09/2026;Licencias de software
OP-2026001144;ES9600490000020000000007;444,88;EUR;24/09/2026;Licencias de software
OP-2026001145;ES4221000000680000000175;21.043,16;MXN;21/09/2026;Servicios profesionales
OP-2026001146;ES7601820000920000000030;764,14;EUR;14/09/2026;Transporte
OP-2026001147;ES2720850000120000000045;836,28;EUR;27/09/2026;Proveedor
OP-2026001148;ES0600490000090000000120;788,64;EUR;23/09/2026;Nómina
OP-2026001149;ES3000810000570000000105;852,04;EUR;23/09/2026;Viajes
OP-2026001150;ES3820850000150000000185;3.266.216,72;COP;26/09/2026;Seguros
OP-2026001151;ES3600810000530000000193;1.016,55;EUR;14/09/2026;Seguros
OP-2026001152;ES6600810000500000000091;844,18;USD;13/09/2026;Transporte
OP-2026001153;ES9620850000120000000064;724,99;EUR;16/09/2026;Nómina
OP-2026001154;ES4300810000570000000162;834,23;USD;16/09/2026;Licencias de software
OP-2026001155;ES7501820000900000000243;24.304,37;MXN;16/09/2026;Proveedor
OP-2026001156;ES3421000000690000000173;721,41;EUR;19/09/2026;Viajes
OP-2026001157;ES5701820000950000000128;1.156,34;USD;23/09/2026;Suministros
OP-2026001158;ES7801280000160000000179;755,41;EUR;14/09/2026;Alquiler
OP-2026001159;ES5600810000510000000125;837,08;EUR;13/09/2026;Comisiones
OP-2026001160;ES6920850000110000000211;13.693,21;MXN;19/09/2026;Transporte
OP-2026001161;ES9500810000540000000149;3.006.776,42;COP;17/09/2026;Publicidad
OP-2026001162;ES7620850000110000000085;713,91;EUR;23/09/2026;Mantenimiento
OP-2026001163;ES9720850000160000000238;14.758,10;MXN;21/09/2026;Publicidad
OP-2026001164;ES5600810000510000000125;977,35;USD;26/09/2026;Transporte
OP-2026001165;ES3801820000960000000033;528,60;EUR;26/09/2026;Seguros
OP-2026001166;ES0420850000100000000072;813,62;USD;13/09/2026;Servicios profesionales
OP-2026001167;ES7900810000560000000048;938,02;EUR;13/09/2026;Mantenimiento
OP-2026001168;ES5121000000690000000061;945,86;USD;25/09/2026;Alquiler
OP-2026001169;ES7600490000040000000172;825,05;EUR;25/09/2026;Proveedor
OP-2026001170;ES0301820000920000000180;797,89;EUR;23/09/2026;Material de oficina
OP-2026001171;ES9621000000620000000079;1.031,42;EUR;17/09/2026;Formación
OP-2026001172;ES6001820000960000000219;801,15;USD;20/09/2026;Licencias de software
OP-2026001173;ES5900810000550000000166;838,87;USD;15/09/2026;Servicios profesionales
OP-2026001174;ES4800810000520000000123;964,55;EUR;17/09/2026;Seguros
OP-2026001175;ES4220850000150000000016;624,61;EUR;23/09/2026;Publicidad
OP-2026001176;ES7001280000140000000227;846,79;EUR;25/09/2026;Proveedor
OP-2026001177;ES1800810000550000000225;757,54;EUR;23/09/2026;Seguros
OP-2026001178;ES1200490000020000000161;870,51;EUR;27/09/2026;Mantenimiento
OP-2026001179;ES8901280000110000000129;3.740.018,61;COP;19/09/2026;Alquiler
OP-2026001180;ES1100490000070000000031;877,74;EUR;17/09/2026;Licencias de software
OP-2026001181;ES7101280000160000000014;922,35;EUR;25/09/2026;Comisiones
OP-2026001182;ES2401280000100000000184;661,49;EUR;22/09/2026;Proveedor
OP-2026001183;ES6701820000910000000047;885,97;EUR;24/09/2026;Transporte
OP-2026001184;ES9320850000110000000167;751,78;EUR;16/09/2026;Formación
OP-2026001185;ES9120850000110000000009;916,52;EUR;14/09/2026;Proveedor
OP-2026001186;ES3421000000660000000223;831,77;EUR;16/09/2026;Seguros
OP-2026001187;ES6720850000140000000003;712,11;EUR;21/09/2026;Comisiones
OP-2026001188;ES5801280000190000000101;1.137,87;EUR;15/09/2026;Publicidad
OP-2026001189;ES9321000000610000000182;699,56;USD;24/09/2026;Viajes
OP-2026001190;ES3900810000540000000187;10.120,35;MXN;13/09/2026;Viajes
OP-2026001191;ES5900810000550000000166;1.055,70;EUR;23/09/2026;Viajes
OP-2026001192;ES3820850000150000000185;1.035,74;EUR;19/09/2026;Comisiones
OP-2026001193;ES6600810000500000000091;16.937,80;MXN;18/09/2026;Material de oficina
OP-2026001194;ES7500810000510000000074;1.256,05;EUR;25/09/2026;Material de oficina
OP-2026001195;ES3421000000660000000223;979,33;EUR;18/09/2026;Transporte
OP-2026001196;ES4101820000970000000221;891,19;EUR;21/09/2026;Material de oficina
OP-2026001197;ES4000490000050000000092;814,69;EUR;20/09/2026;Suministros
OP-2026001198;ES2421000000610000000066;735,94;EUR;26/09/2026;Servicios profesionales
OP-2026001199;ES7221000000620000000026;15.551,47;MXN;16/09/2026;Nómina
OP-2026001200;ES7600810000550000000151;655,97;EUR;25/09/2026;Viajes
OP-2026001201;ES2501820000990000000023;764,08;EUR;14/09/2026;Suministros
OP-2026001202;ES5401280000160000000029;913,73;USD;27/09/2026;Material de oficina
OP-2026001203;ES7501820000900000000146;570,65;EUR;21/09/2026;Formación
OP-2026001204;ES6520850000110000000186;789,66;USD;25/09/2026;Viajes
OP-2026001205;ES9301280000190000000247;581,11;EUR;17/09/2026;Formación
OP-2026001206;ES1901820000990000000228;783,88;EUR;17/09/2026;Nómina
OP-2026001207;ES2120850000190000000004;392,62;USD;18/09/2026;Nómina
OP-2026001208;ES5001280000130000000248;1.141,31;EUR;14/09/2026;Material de oficina
OP-2026001209;ES7620850000110000000085;655,80;USD;17/09/2026;Nómina
OP-2026001210;ES0301820000920000000180;13.925,57;MXN;18/09/2026;Nómina
OP-2026001211;ES5801280000190000000101;748,36;EUR;26/09/2026;Formación
OP-2026001212;ES2700490000080000000082;865,49;USD;17/09/2026;Nómina
OP-2026001213;ES0220850000100000000108;811,74;USD;25/09/2026;Formación
OP-2026001214;ES8100810000530000000062;1.153,79;USD;18/09/2026;Transporte
OP-2026001215;ES3101280000140000000056;1.080,84;EUR;18/09/2026;Alquiler
OP-2026001216;ES9120850000110000000009;671,09;USD;18/09/2026;Transporte
OP-2026001217;ES3401820000930000000058;834,48;EUR;24/09/2026;Suministros
OP-2026001218;ES5801280000190000000101;1.225,11;EUR;20/09/2026;Alquiler
OP-2026001219;ES7701820000990000000154;15.871,72;MXN;13/09/2026;Transporte
OP-2026001220;ES4901820000960000000126;18.278,25;MXN;14/09/2026;Servicios profesionales
OP-2026001221;ES5100810000560000000067;906,38;USD;21/09/2026;Servicios profesionales
OP-2026001222;ES9121000000610000000218;993,83;EUR;23/09/2026;Seguros
OP-2026001223;ES3820850000120000000235;645,85;EUR;13/09/2026;Publicidad
OP-2026001224;ES7600490000040000000172;879,94;EUR;24/09/2026;Comisiones
OP-2026001225;ES8020850000110000000110;1.059,28;EUR;18/09/2026;Proveedor
OP-2026001226;ES6000810000540000000100;1.063,05;EUR;13/09/2026;Transporte
OP-2026001227;ES3421000000690000000173;961,55;EUR;16/09/2026;Servicios profesionales
OP-2026001228;ES7120850000130000000077;888,47;EUR;26/09/2026;Licencias de software
OP-2026001229;ES7620850000110000000085;740,10;EUR;17/09/2026;Nómina
OP-2026001230;ES4621000000680000000200;726,67;EUR;17/09/2026;Suministros
OP-2026001231;ES0420850000100000000072;17.677,92;MXN;21/09/2026;Publicidad
OP-2026001232;ES8620850000160000000242;793,75;USD;25/09/2026;Proveedor
OP-2026001233;ES2921000000680000000215;363,08;EUR;26/09/2026;Alquiler
OP-2026001234;ES9201820000900000000034;703,91;EUR;15/09/2026;Licencias de software
OP-2026001235;ES1200490000020000000161;820,32;EUR;23/09/2026;Publicidad
OP-2026001236;ES3601820000990000000116;5.213.238,74;COP;24/09/2026;Viajes
OP-2026001237;ES4000490000050000000092;2.571.042,63;COP;20/09/2026;Suministros
OP-2026001238;ES3820850000120000000235;721,36;EUR;18/09/2026;Servicios profesionales
OP-2026001239;ES0301820000920000000180;1.221,29;EUR;27/09/2026;Viajes
OP-2026001240;ES9500490000010000000171;850,81;EUR;14/09/2026;Comisiones
OP-2026001241;ES6720850000140000000003;700,18;USD;14/09/2026;Formación
OP-2026001242;ES6421000000630000000024;953,65;USD;26/09/2026;Alquiler
OP-2026001243;ES5501280000110000000159;913,71;USD;20/09/2026;Suministros
OP-2026001244;ES3220850000100000000053;693,83;EUR;25/09/2026;Publicidad
OP-2026001245;ES4600810000580000000059;965,49;EUR;20/09/2026;Transporte
OP-2026001246;ES9600490000020000000007;793,22;EUR;19/09/2026;Comisiones
OP-2026001247;ES7120850000100000000224;1.051,06;EUR;14/09/2026;Formación
OP-2026001248;ES3500810000550000000113;17.871,06;MXN;13/09/2026;Formación
OP-2026001249;ES3721000000670000000217;841,55;USD;20/09/2026;Seguros
OP-2026001250;ES9500810000540000000149;4.688.908,52;COP;26/09/2026;Comisiones
OP-2026001251;ES7001820000920000000138;791,89;EUR;14/09/2026;Mantenimiento
OP-2026001252;ES6600810000590000000232;16.968,68;MXN;14/09/2026;Mantenimiento
OP-2026001253;ES6101820000980000000103;1.002,82;USD;18/09/2026;Seguros
OP-2026001254;ES5100810000560000000067;938,64;EUR;23/09/2026;Formación
OP-2026001255;ES5520850000150000000170;890,22;EUR;16/09/2026;Material de oficina
OP-2026001256;ES9001280000150000000109;1.310,32;EUR;22/09/2026;Formación
OP-2026001257;ES3500810000580000000160;922,70;EUR;22/09/2026;Viajes
OP-2026001258;ES7701820000990000000057;1.038,19;EUR;17/09/2026;Material de oficina
OP-2026001259;ES9200810000530000000155;2.598.993,32;COP;26/09/2026;Material de oficina
OP-2026001260;ES3000810000570000000105;1.637.428,80;COP;15/09/2026;Servicios profesionales
OP-2026001261;ES7501820000900000000146;860,69;USD;14/09/2026;Servicios profesionales
OP-2026001262;ES5801280000190000000101;856,35;EUR;14/09/2026;Servicios profesionales
OP-2026001263;ES5900490000010000000237;2.607.939,60;COP;22/09/2026;Viajes
OP-2026001264;ES6700490000010000000190;835,87;USD;24/09/2026;Mantenimiento
OP-2026001265;ES8600810000510000000070;4.395.630,09;COP;17/09/2026;Mantenimiento
OP-2026001266;ES6700490000010000000190;926,03;EUR;17/09/2026;Publicidad
OP-2026001267;ES8721000000680000000141;882,03;USD;16/09/2026;Transporte
OP-2026001268;ES5900490000010000000237;841,38;EUR;25/09/2026;Transporte
OP-2026001269;ES9201280000120000000220;574,19;EUR;18/09/2026;Suministros
OP-2026001270;ES1200810000560000000090;291,85;EUR;24/09/2026;Seguros
OP-2026001271;ES2101820000910000000002;958,94;EUR;22/09/2026;Licencias de software
OP-2026001272;ES7020850000180000000044;644,26;EUR;22/09/2026;Transporte
OP-2026001273;ES1520850000100000000068;1.241,22;USD;23/09/2026;Proveedor
OP-2026001274;ES0201820000900000000199;1.194,38;USD;14/09/2026;Comisiones
OP-2026001275;ES4000490000050000000092;1.365,12;USD;22/09/2026;Servicios profesionales
OP-2026001276;ES2420850000110000000245;743,04;EUR;13/09/2026;Formación
OP-2026001277;ES3500810000580000000160;15.230,37;MXN;20/09/2026;Servicios profesionales
OP-2026001278;ES5121000000690000000061;714,89;EUR;15/09/2026;Publicidad
OP-2026001279;ES4800810000520000000123;865,18;EUR;25/09/2026;Proveedor
OP-2026001280;ES2101820000910000000002;13.070,15;MXN;23/09/2026;Suministros
OP-2026001281;ES0201820000900000000199;890,35;EUR;23/09/2026;Nómina
OP-2026001282;ES3500810000550000000113;744,55;USD;25/09/2026;Suministros
OP-2026001283;ES6520850000110000000186;13.066,44;MXN;19/09/2026;Suministros
OP-2026001284;ES9101280000130000000189;7.886,04;MXN;19/09/2026;Proveedor
OP-2026001285;ES8320850000120000000104;1.054,52;EUR;20/09/2026;Formación
OP-2026001286;ES2120850000190000000004;1.006,08;EUR;13/09/2026;Formación
OP-2026001287;ES6920850000110000000211;557,14;EUR;24/09/2026;Proveedor
OP-2026001288;ES0201820000900000000199;934,77;EUR;18/09/2026;Comisiones
OP-2026001289;ES4201280000170000000099;965,29;USD;20/09/2026;Viajes
OP-2026001290;ES4700810000510000000093;3.901.874,67;COP;14/09/2026;Alquiler
OP-2026001291;ES0201820000900000000199;905,90;EUR;26/09/2026;Mantenimiento
OP-2026001292;ES6701280000160000000086;913,69;USD;17/09/2026;Comisiones
OP-2026001293;ES1501280000130000000005;357,97;EUR;22/09/2026;Alquiler
OP-2026001294;ES7500810000510000000074;705,82;EUR;23/09/2026;Viajes
OP-2026001295;ES1501280000130000000005;530,74;USD;24/09/2026;Nómina
OP-2026001296;ES8020850000110000000110;762,29;USD;15/09/2026;Comisiones
OP-2026001297;ES8701820000950000000073;1.386,52;USD;25/09/2026;Proveedor
OP-2026001298;ES7320850000190000000038;1.471,28;USD;19/09/2026;Publicidad
OP-2026001299;ES1501280000130000000005;21.851,36;MXN;15/09/2026;Transporte
OP-2026001300;ES6901280000100000000150;946,42;EUR;21/09/2026;Licencias de software
OP-2026001301;ES3701280000190000000188;846,65;USD;26/09/2026;Proveedor
OP-2026001302;ES9820850000180000000122;607,97;EUR;27/09/2026;Servicios profesionales
OP-2026001303;ES5500490000050000000210;1.320,75;EUR;14/09/2026;Alquiler
OP-2026001304;ES6520850000110000000089;745,18;EUR;16/09/2026;Comisiones
OP-2026001305;ES3721000000670000000217;547,57;EUR;13/09/2026;Alquiler
OP-2026001306;ES1800810000550000000225;647,46;EUR;16/09/2026;Formación
OP-2026001307;ES7300810000540000000060;14.480,81;MXN;16/09/2026;Material de oficina
OP-2026001308;ES8020850000110000000013;20.231,89;MXN;27/09/2026;Alquiler
OP-2026001309;ES4601820000950000000035;17.208,43;MXN;27/09/2026;Transporte
OP-2026001310;ES7701820000990000000057;21.466,97;MXN;24/09/2026;Licencias de software
OP-2026001311;ES5400810000540000000208;2.030.624,51;COP;20/09/2026;Servicios profesionales
OP-2026001312;ES9500490000010000000171;1.226,62;EUR;27/09/2026;Mantenimiento
OP-2026001313;ES0600490000090000000120;1.043,47;EUR;19/09/2026;Servicios profesionales
OP-2026001314;ES8401820000910000000226;1.098,67;USD;26/09/2026;Licencias de software
OP-2026001315;ES2501820000990000000023;670,89;EUR;15/09/2026;Comisiones
OP-2026001316;ES6500810000520000000011;796,18;EUR;27/09/2026;Comisiones
OP-2026001317;ES6520850000110000000186;386,12;USD;27/09/2026;Transporte
OP-2026001318;ES0701280000170000000050;1.124,71;EUR;20/09/2026;Transporte
OP-2026001319;ES7501820000900000000146;1.371,72;USD;26/09/2026;Transporte
OP-2026001320;ES3400810000510000000036;839,32;USD;14/09/2026;Proveedor
OP-2026001321;ES3921000000640000000231;815,02;USD;19/09/2026;Formación
OP-2026001322;ES8001280000130000000096;983,97;USD;14/09/2026;Mantenimiento
OP-2026001323;ES3520850000140000000191;816,69;USD;23/09/2026;Publicidad
OP-2026001324;ES6920850000110000000211;922,13;EUR;16/09/2026;Comisiones
OP-2026001325;ES6001820000960000000219;888,58;EUR;15/09/2026;Servicios profesionales
OP-2026001326;ES0220850000100000000205;786,46;EUR;27/09/2026;Servicios profesionales
OP-2026001327;ES6300490000040000000212;170,00;EUR;18/09/2026;Publicidad
OP-2026001328;ES7801280000160000000179;1.281,31;USD;24/09/2026;Mantenimiento
OP-2026001329;ES4300810000570000000065;938,86;USD;19/09/2026;Proveedor
OP-2026001330;ES2620850000170000000012;621,46;EUR;27/09/2026;Licencias de software
OP-2026001331;ES8401280000130000000121;853,16;USD;13/09/2026;Alquiler
OP-2026001332;ES7701820000990000000154;456,30;EUR;13/09/2026;Suministros
OP-2026001333;ES5901280000140000000037;1.146,79;USD;17/09/2026;Publicidad
OP-2026001334;ES7300490000030000000081;694,12;EUR;18/09/2026;Material de oficina
OP-2026001335;ES7001280000140000000227;666,50;EUR;17/09/2026;Nómina
OP-2026001336;ES4220850000150000000016;672,89;EUR;17/09/2026;Nómina
OP-2026001337;ES7701820000990000000057;10.602,50;MXN;19/09/2026;Comisiones
OP-2026001338;ES1100490000070000000031;806,30;EUR;13/09/2026;Viajes
OP-2026001339;ES8321000000620000000119;1.283.384,65;COP;17/09/2026;Formación
OP-2026001340;ES6700490000010000000190;5.024.299,44;COP;13/09/2026;Proveedor
OP-2026001341;ES9620850000120000000064;727,56;USD;21/09/2026;Transporte
OP-2026001342;ES4101820000970000000221;823,80;EUR;23/09/2026;Transporte
OP-2026001343;ES0200490000090000000192;9.709,88;MXN;21/09/2026;Proveedor
OP-2026001344;ES4500810000510000000032;545,35;EUR;13/09/2026;Suministros
OP-2026001345;ES2300810000530000000233;950,89;EUR;13/09/2026;Servicios profesionales
OP-2026001346;ES6200810000510000000114;971,63;USD;17/09/2026;Material de oficina
OP-2026001347;ES5900810000520000000216;1.117,89;USD;21/09/2026;Suministros
OP-2026001348;ES7101280000160000000111;19.988,09;MXN;27/09/2026;Seguros
OP-2026001349;ES7920850000120000000176;15.811,18;MXN;25/09/2026;Comisiones
OP-2026001350;ES1800490000040000000246;1.006,76;EUR;16/09/2026;Material de oficina
OP-2026001351;ES2120850000190000000004;17.506,60;MXN;15/09/2026;Alquiler
OP-2026001352;ES0600490000090000000120;591,62;USD;16/09/2026;Nómina
OP-2026001353;ES8521000000620000000083;16.176,86;MXN;20/09/2026;Transporte
OP-2026001354;ES5501280000110000000159;571,04;EUR;13/09/2026;Material de oficina
OP-2026001355;ES3101280000140000000153;1.065,74;USD;24/09/2026;Transporte
OP-2026001356;ES6701820000910000000047;439,40;EUR;13/09/2026;Transporte
OP-2026001357;ES4220850000150000000016;10.729,75;MXN;17/09/2026;Transporte
OP-2026001358;ES6520850000110000000089;714,28;EUR;19/09/2026;Nómina
OP-2026001359;ES9600810000560000000130;871,58;EUR;15/09/2026;Nómina
OP-2026001360;ES7320850000190000000038;2.806.284,21;COP;20/09/2026;Seguros
OP-2026001361;ES5800490000060000000204;1.030,86;EUR;17/09/2026;Alquiler
OP-2026001362;ES4220850000180000000063;508,20;EUR;24/09/2026;Mantenimiento
OP-2026001363;ES5501280000110000000159;1.318,35;USD;25/09/2026;Comisiones
OP-2026001364;ES2720850000120000000045;732,22;USD;26/09/2026;Transporte
OP-2026001365;ES3500490000070000000181;530,59;EUR;26/09/2026;Suministros
OP-2026001366;ES4201280000170000000099;889,05;EUR;20/09/2026;Servicios profesionales
OP-2026001367;ES8620850000160000000145;12.594,92;MXN;16/09/2026;Suministros
OP-2026001368;ES3701280000190000000188;728,76;EUR;13/09/2026;Comisiones
OP-2026001369;ES7300810000540000000060;22.462,61;MXN;15/09/2026;Nómina
OP-2026001370;ES7500810000510000000074;1.173,86;EUR;14/09/2026;Servicios profesionales
OP-2026001371;ES9100490000070000000240;3.096.241,25;COP;14/09/2026;Transporte
OP-2026001372;ES3101280000110000000106;744,18;EUR;15/09/2026;Viajes
OP-2026001373;ES8320850000120000000104;790,80;EUR;18/09/2026;Alquiler
OP-2026001374;ES9621000000620000000079;1.140,86;USD;15/09/2026;Licencias de software
OP-2026001375;ES5900810000520000000216;443,87;USD;23/09/2026;Nómina
OP-2026001376;ES2401820000970000000139;900,19;EUR;26/09/2026;Proveedor
OP-2026001377;ES2800810000510000000241;3.696.997,00;COP;19/09/2026;Formación
OP-2026001378;ES7701820000960000000107;483,58;EUR;19/09/2026;Suministros
OP-2026001379;ES0201820000900000000199;1.155,21;USD;19/09/2026;Formación
OP-2026001380;ES8120850000180000000234;2.094.926,85;COP;24/09/2026;Formación
OP-2026001381;ES7001820000920000000138;981,35;USD;20/09/2026;Seguros
OP-2026001382;ES7600810000520000000201;16.222,53;MXN;14/09/2026;Comisiones
OP-2026001383;ES9500490000010000000171;677,84;EUR;22/09/2026;Formación
OP-2026001384;ES5600810000510000000125;1.125,23;USD;23/09/2026;Comisiones
OP-2026001385;ES2421000000610000000163;1.025,81;USD;27/09/2026;Servicios profesionales
OP-2026001386;ES1800810000550000000225;706,94;USD;15/09/2026;Formación
OP-2026001387;ES5500490000050000000210;4.309.974,99;COP;26/09/2026;Nómina
OP-2026001388;ES1800490000040000000246;2.340.682,91;COP;23/09/2026;Comisiones
OP-2026001389;ES8001280000130000000096;2.679.276,81;COP;13/09/2026;Publicidad
OP-2026001390;ES4000810000560000000071;3.450.778,50;COP;18/09/2026;Formación
OP-2026001391;ES7501820000900000000243;1.302,36;USD;18/09/2026;Proveedor
OP-2026001392;ES7320850000190000000135;16.614,96;MXN;17/09/2026;Formación
OP-2026001393;ES1100490000070000000031;806,46;EUR;25/09/2026;Transporte
OP-2026001394;ES9001280000150000000109;972,44;EUR;21/09/2026;Suministros
OP-2026001395;ES4500810000510000000032;1.014,70;USD;22/09/2026;Servicios profesionales
OP-2026001396;ES6701820000910000000047;678,63;EUR;24/09/2026;Proveedor
OP-2026001397;ES1000810000590000000076;3.586.421,99;COP;25/09/2026;Viajes
OP-2026001398;ES3500490000070000000181;811,70;EUR;27/09/2026;Material de oficina
OP-2026001399;ES1000810000590000000076;799,03;EUR;26/09/2026;Alquiler
OP-2026001400;ES6200810000510000000114;835,41;EUR;16/09/2026;Nómina
OP-2026001401;ES8401280000130000000121;3.785.777,46;COP;26/09/2026;Alquiler
OP-2026001402;ES3401280000180000000097;1.110,86;USD;26/09/2026;Formación
OP-2026001403;ES3401280000180000000097;849,60;EUR;26/09/2026;Suministros
OP-2026001404;ES5400810000540000000208;20.876,26;MXN;23/09/2026;Licencias de software
OP-2026001405;ES8901280000110000000129;18.162,65;MXN;20/09/2026;Licencias de software
OP-2026001406;ES9001820000930000000117;858,58;EUR;27/09/2026;Nómina
OP-2026001407;ES2921000000680000000118;887,96;EUR;22/09/2026;Suministros
OP-2026001408;ES9500810000540000000149;431,44;EUR;22/09/2026;Material de oficina
OP-2026001409;ES3600810000530000000193;766,35;EUR;18/09/2026;Material de oficina
OP-2026001410;ES7501280000150000000088;779,14;EUR;13/09/2026;Material de oficina
OP-2026001411;ES2121000000690000000019;27.827,30;MXN;23/09/2026;Comisiones
OP-2026001412;ES6520850000110000000089;846,35;EUR;25/09/2026;Proveedor
OP-2026001413;ES5600810000510000000028;696,00;USD;25/09/2026;Viajes
OP-2026001414;ES2120850000190000000004;812,57;EUR;23/09/2026;Material de oficina
OP-2026001415;ES8700810000550000000244;817,00;EUR;19/09/2026;Licencias de software
OP-2026001416;ES4621000000680000000200;707,30;EUR;16/09/2026;Transporte
OP-2026001417;ES0621000000690000000095;1.044,64;USD;13/09/2026;Alquiler
OP-2026001418;ES8100810000500000000112;5.368.826,28;COP;24/09/2026;Transporte
OP-2026001419;ES7701820000990000000057;1.139,65;EUR;14/09/2026;Transporte
OP-2026001420;ES1200810000560000000090;445,91;EUR;18/09/2026;Proveedor
OP-2026001421;ES8501820000980000000156;689,03;EUR;18/09/2026;Publicidad
OP-2026001422;ES6701280000160000000086;636,08;EUR;21/09/2026;Servicios profesionales
OP-2026001423;ES2121000000690000000019;1.019,72;EUR;14/09/2026;Publicidad
OP-2026001424;ES7600490000040000000172;22.031,25;MXN;20/09/2026;Comisiones
OP-2026001425;ES6600810000500000000091;988,58;USD;24/09/2026;Mantenimiento
OP-2026001426;ES3401820000930000000058;18.000,97;MXN;23/09/2026;Servicios profesionales
OP-2026001427;ES8020850000110000000207;13.271,41;MXN;13/09/2026;Servicios profesionales
OP-2026001428;ES3500490000070000000181;739,63;EUR;13/09/2026;Licencias de software
OP-2026001429;ES9620850000120000000064;942,63;EUR;17/09/2026;Formación
OP-2026001430;ES4220850000180000000063;1.030,62;EUR;21/09/2026;Formación
OP-2026001431;ES0220850000100000000108;922,00;USD;26/09/2026;Suministros
OP-2026001432;ES3101280000140000000153;9.971,53;MXN;16/09/2026;Mantenimiento
OP-2026001433;ES3720850000170000000008;651,79;EUR;23/09/2026;Suministros
OP-2026001434;ES9101280000130000000189;914,82;EUR;14/09/2026;Formación
OP-2026001435;ES8600810000510000000070;643,87;EUR;23/09/2026;Viajes
OP-2026001436;ES8320850000120000000104;794,14;EUR;16/09/2026;Comisiones
OP-2026001437;ES0420850000100000000072;4.551.200,18;COP;26/09/2026;Publicidad
OP-2026001438;ES2300810000530000000233;841,33;EUR;27/09/2026;Nómina
OP-2026001439;ES7701820000990000000154;769,23;USD;14/09/2026;Transporte
OP-2026001440;ES6701280000160000000086;1.001,52;USD;27/09/2026;Alquiler
OP-2026001441;ES4800810000520000000123;893,55;EUR;19/09/2026;Publicidad
OP-2026001442;ES3801820000960000000033;727,36;USD;22/09/2026;Servicios profesionales
OP-2026001443;ES6520850000110000000089;1.796.139,44;COP;24/09/2026;Viajes
OP-2026001444;ES6700490000010000000190;1.273,37;EUR;19/09/2026;Seguros
OP-2026001445;ES8121000000680000000249;816,73;EUR;23/09/2026;Alquiler
OP-2026001446;ES1800810000550000000225;13.245,15;MXN;17/09/2026;Alquiler
OP-2026001447;ES6300490000040000000018;746,01;EUR;16/09/2026;Proveedor
OP-2026001448;ES0700490000010000000203;823,27;EUR;21/09/2026;Publicidad
OP-2026001449;ES6421000000630000000024;625,80;EUR;20/09/2026;Comisiones
OP-2026001450;ES5420850000100000000239;796,78;USD;14/09/2026;Licencias de software
OP-2026001451;ES0700490000010000000203;1.077,02;EUR;26/09/2026;Mantenimiento
OP-2026001452;ES8721000000680000000141;1.049,23;EUR;19/09/2026;Material de oficina
OP-2026001453;ES9201280000120000000220;3.097.048,91;COP;16/09/2026;Transporte
OP-2026001454;ES4700810000510000000093;3.470.449,86;COP;16/09/2026;Servicios profesionales
OP-2026001455;ES9820850000180000000122;1.002,20;EUR;21/09/2026;Proveedor
OP-2026001456;ES2921000000680000000215;759,75;EUR;15/09/2026;Alquiler
OP-2026001457;ES8700810000550000000244;863,22;USD;22/09/2026;Suministros
OP-2026001458;ES2721000000620000000157;707,07;EUR;24/09/2026;Proveedor
OP-2026001459;ES9201820000900000000034;996,09;EUR;21/09/2026;Nómina
OP-2026001460;ES2121000000690000000019;1.182,79;USD;20/09/2026;Suministros
OP-2026001461;ES4721000000610000000040;1.254,10;USD;15/09/2026;Material de oficina
OP-2026001462;ES0600490000090000000120;833,71;EUR;22/09/2026;Servicios profesionales
OP-2026001463;ES3101280000140000000153;1.189,78;EUR;25/09/2026;Suministros
OP-2026001464;ES6701280000130000000039;11.657,80;MXN;15/09/2026;Comisiones
OP-2026001465;ES5401280000160000000029;898,19;EUR;18/09/2026;Publicidad
OP-2026001466;ES6300490000040000000212;978,07;EUR;15/09/2026;Seguros
OP-2026001467;ES5600490000000000000049;808,82;EUR;16/09/2026;Servicios profesionales
OP-2026001468;ES9600490000020000000007;18.504,11;MXN;19/09/2026;Material de oficina
OP-2026001469;ES7620850000110000000085;1.016,04;EUR;19/09/2026;Publicidad
OP-2026001470;ES3400810000510000000133;775,42;EUR;17/09/2026;Suministros
OP-2026001471;ES5001280000130000000248;721,96;USD;19/09/2026;Proveedor
OP-2026001472;ES3120850000150000000020;560,69;USD;25/09/2026;Licencias de software
OP-2026001473;ES5600810000510000000125;23.106,87;MXN;25/09/2026;Publicidad
OP-2026001474;ES7001280000140000000227;1.149,82;USD;18/09/2026;Alquiler
OP-2026001475;ES1800490000040000000246;679,34;EUR;20/09/2026;Mantenimiento
OP-2026001476;ES1820850000180000000010;784,05;USD;26/09/2026;Alquiler
OP-2026001477;ES4221000000680000000175;791,03;EUR;16/09/2026;Servicios profesionales
OP-2026001478;ES3601820000990000000116;1.391,79;USD;22/09/2026;Formación
OP-2026001479;ES8100810000500000000015;12.790,03;MXN;19/09/2026;Comisiones
OP-2026001480;ES2300810000530000000233;1.113,81;EUR;17/09/2026;Mantenimiento
OP-2026001481;ES5100810000560000000067;870,13;USD;23/09/2026;Seguros
OP-2026001482;ES9001280000150000000109;917,82;EUR;24/09/2026;Transporte
OP-2026001483;ES7320850000190000000135;692,72;EUR;21/09/2026;Licencias de software
OP-2026001484;ES1000810000590000000076;14.067,50;MXN;18/09/2026;Formación
OP-2026001485;ES0600490000090000000120;729,58;EUR;24/09/2026;Suministros
OP-2026001486;ES1320850000160000000198;16.369,64;MXN;18/09/2026;Viajes
OP-2026001487;ES5501280000110000000159;928,23;USD;26/09/2026;Suministros
OP-2026001488;ES0920850000170000000124;619,45;EUR;17/09/2026;Formación
OP-2026001489;ES4221000000680000000175;762,17;USD;14/09/2026;Formación
OP-2026001490;ES7501820000900000000146;732,29;EUR;19/09/2026;Alquiler
OP-2026001491;ES7701820000960000000107;868,93;EUR;15/09/2026;Servicios profesionales
OP-2026001492;ES3400810000530000000229;330,84;EUR;23/09/2026;Viajes
OP-2026001493;ES8100810000530000000062;1.006,77;USD;25/09/2026;Publicidad
OP-2026001494;ES7521000000630000000214;1.005,01;EUR;25/09/2026;Alquiler
OP-2026001495;ES6600810000500000000091;848,26;USD;14/09/2026;Suministros
OP-2026001496;ES3721000000670000000217;2.558.032,75;COP;25/09/2026;Transporte
OP-2026001497;ES7900810000560000000048;699,18;USD;19/09/2026;Licencias de software
OP-2026001498;ES5600810000510000000028;544,86;EUR;18/09/2026;Proveedor
OP-2026001499;ES5600810000510000000125;882,72;EUR;24/09/2026;Material de oficina
OP-2026001500;ES8001280000130000000096;629,56;EUR;25/09/2026;Nómina
OP-2026001501;ES1800490000040000000246;1.133,07;EUR;13/09/2026;Transporte
OP-2026001502;ES7301820000910000000230;820,54;EUR;14/09/2026;Comisiones
OP-2026001503;ES5100810000560000000067;944,45;USD;16/09/2026;Proveedor
OP-2026001504;ES6200810000510000000114;1.136,61;USD;20/09/2026;Material de oficina
OP-2026001505;ES0220850000100000000205;874,75;EUR;23/09/2026;Viajes
OP-2026001506;ES1100490000070000000031;759,39;EUR;14/09/2026;Alquiler
OP-2026001507;ES0220850000100000000108;636,62;EUR;25/09/2026;Comisiones
OP-2026001508;ES7600810000550000000151;661,38;EUR;14/09/2026;Alquiler
OP-2026001509;ES5420850000100000000239;717,60;EUR;21/09/2026;Nómina
OP-2026001510;ES3401820000930000000058;1.035,45;EUR;25/09/2026;Material de oficina
OP-2026001511;ES8701820000950000000073;552,20;EUR;26/09/2026;Formación
OP-2026001512;ES7600810000520000000201;18.092,82;MXN;25/09/2026;Mantenimiento
OP-2026001513;ES6300490000040000000018;19.927,39;MXN;17/09/2026;Publicidad
OP-2026001514;ES6300490000040000000018;1.166,17;EUR;15/09/2026;Alquiler
OP-2026001515;ES7101280000160000000014;667,01;EUR;14/09/2026;Seguros
OP-2026001516;ES7120850000130000000174;317,39;EUR;24/09/2026;Seguros
OP-2026001517;ES3101280000110000000106;932,71;EUR;15/09/2026;Mantenimiento
OP-2026001518;ES1901820000990000000228;952,03;EUR;19/09/2026;Comisiones
OP-2026001519;ES2300810000530000000233;972,76;EUR;19/09/2026;Transporte
OP-2026001520;ES3021000000610000000055;9.811,49;MXN;18/09/2026;Seguros
OP-2026001521;ES7600490000040000000172;1.328,61;USD;17/09/2026;Servicios profesionales
OP-2026001522;ES9321000000610000000182;4.771.257,78;COP;26/09/2026;Formación
OP-2026001523;ES7701820000960000000107;1.003,23;USD;27/09/2026;Mantenimiento
OP-2026001524;ES9101280000130000000189;856,34;USD;16/09/2026;Alquiler
OP-2026001525;ES9101280000130000000189;18.323,37;MXN;21/09/2026;Mantenimiento
OP-2026001526;ES6200810000510000000017;1.058,33;EUR;17/09/2026;Licencias de software
OP-2026001527;ES6320850000140000000075;749,27;EUR;22/09/2026;Material de oficina
OP-2026001528;ES6701280000160000000086;832,94;EUR;22/09/2026;Viajes
OP-2026001529;ES0421000000600000000087;625,79;EUR;24/09/2026;Transporte
OP-2026001530;ES5901280000140000000037;478,30;EUR;26/09/2026;Alquiler
OP-2026001531;ES7701820000990000000154;1.153,43;USD;16/09/2026;Material de oficina
OP-2026001532;ES5600810000510000000125;766,85;EUR;19/09/2026;Alquiler
OP-2026001533;ES2401820000970000000139;985,96;USD;26/09/2026;Seguros
OP-2026001534;ES8401820000910000000226;816,16;USD;18/09/2026;Comisiones
OP-2026001535;ES1200810000560000000090;902,94;EUR;23/09/2026;Alquiler
OP-2026001536;ES0500490000070000000236;1.168,03;EUR;23/09/2026;Viajes
OP-2026001537;ES2421000000610000000163;558,31;EUR;19/09/2026;Material de oficina
OP-2026001538;ES2501820000990000000023;985,78;EUR;26/09/2026;Proveedor
OP-2026001539;ES1520850000100000000068;3.843.395,60;COP;23/09/2026;Seguros
OP-2026001540;ES7601820000920000000030;840,97;EUR;14/09/2026;Nómina
OP-2026001541;ES6400490000020000000195;892,24;USD;27/09/2026;Alquiler
OP-2026001542;ES4800490000040000000094;1.000,26;EUR;22/09/2026;Servicios profesionales
OP-2026001543;ES1901820000990000000228;547,10;EUR;19/09/2026;Mantenimiento
OP-2026001544;ES1901820000990000000228;16.750,63;MXN;27/09/2026;Alquiler
OP-2026001545;ES8620850000160000000242;1.027,67;EUR;13/09/2026;Alquiler
OP-2026001546;ES9120850000110000000009;1.062,66;USD;26/09/2026;Material de oficina
OP-2026001547;ES8501820000980000000156;1.420,47;USD;21/09/2026;Proveedor
OP-2026001548;ES1901820000990000000228;19.845,62;MXN;18/09/2026;Mantenimiento
OP-2026001549;ES1200810000560000000090;913,47;EUR;14/09/2026;Alquiler
OP-2026001550;ES7900810000560000000048;852,57;EUR;25/09/2026;Licencias de software
OP-2026001551;ES4221000000680000000175;787,14;EUR;19/09/2026;Formación
OP-2026001552;ES8400490000000000000127;814,65;EUR;24/09/2026;Alquiler
OP-2026001553;ES8400490000000000000127;1.332,43;EUR;21/09/2026;Viajes
OP-2026001554;ES7501820000900000000243;1.128,15;EUR;15/09/2026;Servicios profesionales
OP-2026001555;ES0220850000100000000205;19.303,32;MXN;23/09/2026;Licencias de software
OP-2026001556;ES4801280000140000000041;1.119,86;EUR;15/09/2026;Licencias de software
OP-2026001557;ES7600810000520000000201;890,51;EUR;22/09/2026;Viajes
OP-2026001558;ES3400810000510000000036;531,85;EUR;20/09/2026;Transporte
OP-2026001559;ES6901280000100000000150;998,77;EUR;19/09/2026;Formación
OP-2026001560;ES7701820000990000000057;853,86;EUR;26/09/2026;Proveedor
OP-2026001561;ES5600490000000000000049;627,20;USD;22/09/2026;Mantenimiento
OP-2026001562;ES9100490000070000000240;24.016,92;MXN;17/09/2026;Comisiones
OP-2026001563;ES8721000000680000000141;579,91;EUR;18/09/2026;Suministros
OP-2026001564;ES9001820000930000000117;1.210,32;EUR;23/09/2026;Proveedor
OP-2026001565;ES4600810000580000000059;768,01;EUR;16/09/2026;Proveedor
OP-2026001566;ES8721000000680000000141;17.443,38;MXN;24/09/2026;Formación
OP-2026001567;ES9821000000680000000137;4.341.288,12;COP;14/09/2026;Transporte
OP-2026001568;ES4700810000510000000093;752,39;EUR;13/09/2026;Mantenimiento
OP-2026001569;ES4800810000520000000123;746,22;EUR;17/09/2026;Formación
OP-2026001570;ES8700810000550000000244;19.209,39;MXN;20/09/2026;Servicios profesionales
OP-2026001571;ES9420850000180000000194;1.003,89;USD;26/09/2026;Material de oficina
OP-2026001572;ES6700490000010000000190;615,57;EUR;14/09/2026;Formación
OP-2026001573;ES6320850000140000000075;1.041,96;EUR;13/09/2026;Proveedor
OP-2026001574;ES5600490000000000000049;670,88;EUR;24/09/2026;Proveedor
OP-2026001575;ES1820850000180000000010;3.384.565,27;COP;22/09/2026;Nómina
OP-2026001576;ES3621000000630000000043;1.009,13;EUR;23/09/2026;Viajes
OP-2026001577;ES9821000000680000000137;905,29;USD;17/09/2026;Comisiones
OP-2026001578;ES6920850000110000000211;1.020,38;USD;21/09/2026;Licencias de software
OP-2026001579;ES7300490000030000000081;557,04;USD;23/09/2026;Seguros
OP-2026001580;ES1800810000550000000225;1.009,22;EUR;13/09/2026;Servicios profesionales
OP-2026001581;ES2421000000610000000163;569,01;EUR;20/09/2026;Mantenimiento
OP-2026001582;ES2401820000970000000139;569,22;EUR;17/09/2026;Comisiones
OP-2026001583;ES3700490000010000000148;802,89;EUR;18/09/2026;Suministros
OP-2026001584;ES1801820000950000000054;2.733.550,68;COP;17/09/2026;Servicios profesionales
OP-2026001585;ES6720850000140000000003;798,31;EUR;24/09/2026;Material de oficina
OP-2026001586;ES7320850000190000000038;2.988.560,08;COP;24/09/2026;Formación
OP-2026001587;ES5600810000510000000028;868,99;EUR;26/09/2026;Formación
OP-2026001588;ES4300810000570000000162;1.474,21;USD;25/09/2026;Seguros
OP-2026001589;ES5901280000140000000037;764,69;EUR;17/09/2026;Alquiler
OP-2026001590;ES5300810000500000000131;858,21;EUR;24/09/2026;Nómina
OP-2026001591;ES0621000000690000000095;3.272.435,87;COP;15/09/2026;Alquiler
OP-2026001592;ES4700810000510000000093;732,36;USD;19/09/2026;Viajes
OP-2026001593;ES7801280000160000000179;4.142.379,76;COP;27/09/2026;Servicios profesionales
OP-2026001594;ES7300490000030000000081;537,21;EUR;16/09/2026;Transporte
OP-2026001595;ES5520850000150000000170;407,21;EUR;19/09/2026;Comisiones
OP-2026001596;ES8620850000160000000242;15.931,24;MXN;19/09/2026;Transporte
OP-2026001597;ES6200810000510000000017;1.089,43;USD;26/09/2026;Publicidad
OP-2026001598;ES7521000000610000000021;3.240.044,81;COP;26/09/2026;Licencias de software
OP-2026001599;ES3820850000150000000185;766,93;EUR;15/09/2026;Material de oficina
OP-2026001600;ES7521000000610000000021;918,25;EUR;15/09/2026;Seguros
OP-2026001601;ES3621000000630000000043;2.842.650,26;COP;22/09/2026;Comisiones
OP-2026001602;ES3820850000120000000235;4.928.380,59;COP;25/09/2026;Viajes
OP-2026001603;ES6101280000110000000051;695,96;EUR;25/09/2026;Formación
OP-2026001604;ES6000810000540000000100;667,80;EUR;16/09/2026;Transporte
OP-2026001605;ES1520850000100000000068;810,05;EUR;13/09/2026;Transporte
OP-2026001606;ES7001820000920000000138;1.003,99;EUR;20/09/2026;Viajes
OP-2026001607;ES5500490000050000000210;1.041,15;EUR;13/09/2026;Proveedor
OP-2026001608;ES1100490000070000000031;601,40;EUR;26/09/2026;Mantenimiento
OP-2026001609;ES3820850000150000000185;1.025,80;EUR;15/09/2026;Mantenimiento
OP-2026001610;ES7300810000540000000060;1.123,35;EUR;22/09/2026;Licencias de software
OP-2026001611;ES5900810000550000000166;16.604,73;MXN;20/09/2026;Suministros
OP-2026001612;ES5400810000540000000208;740,87;EUR;23/09/2026;Proveedor
OP-2026001613;ES8721000000680000000141;956,51;EUR;22/09/2026;Material de oficina
OP-2026001614;ES8021000000610000000222;918,84;EUR;24/09/2026;Licencias de software
OP-2026001615;ES9321000000610000000182;1.205,20;EUR;21/09/2026;Proveedor
OP-2026001616;ES6201820000960000000183;881,57;USD;14/09/2026;Material de oficina
OP-2026001617;ES4700810000510000000093;487,65;EUR;22/09/2026;Servicios profesionales
OP-2026001618;ES6300490000040000000212;619,13;EUR;24/09/2026;Publicidad
OP-2026001619;ES2101820000910000000002;1.415,10;USD;18/09/2026;Servicios profesionales
OP-2026001620;ES7621000000650000000001;1.081,39;EUR;15/09/2026;Suministros
OP-2026001621;ES0220850000100000000205;947,22;EUR;17/09/2026;Comisiones
OP-2026001622;ES3921000000640000000231;852,97;EUR;27/09/2026;Viajes
OP-2026001623;ES1320850000160000000198;831,86;EUR;13/09/2026;Licencias de software
OP-2026001624;ES5900490000010000000237;503,73;EUR;13/09/2026;Proveedor
OP-2026001625;ES4721000000610000000040;11.237,41;MXN;25/09/2026;Licencias de software
OP-2026001626;ES9101280000130000000189;1.325,66;EUR;26/09/2026;Proveedor
OP-2026001627;ES7320850000190000000135;1.106,73;USD;17/09/2026;Mantenimiento
OP-2026001628;ES9101280000130000000189;1.071,18;USD;23/09/2026;Licencias de software
OP-2026001629;ES1301820000970000000046;875,87;EUR;16/09/2026;Formación
OP-2026001630;ES6920850000110000000211;813,90;USD;15/09/2026;Viajes
OP-2026001631;ES2120850000190000000004;14.677,21;MXN;20/09/2026;Comisiones
OP-2026001632;ES5900490000010000000237;1.091,66;EUR;22/09/2026;Formación
OP-2026001633;ES3621000000630000000043;980,45;EUR;14/09/2026;Nómina
OP-2026001634;ES7621000000650000000001;1.033,90;EUR;21/09/2026;Seguros
OP-2026001635;ES5900490000010000000237;1.107,06;USD;24/09/2026;Suministros
OP-2026001636;ES5801280000190000000101;938,10;EUR;14/09/2026;Seguros
OP-2026001637;ES7620850000110000000085;771,61;EUR;18/09/2026;Seguros
OP-2026001638;ES9321000000610000000182;9.474,46;MXN;14/09/2026;Licencias de software
OP-2026001639;ES4700810000510000000093;1.129,34;EUR;25/09/2026;Servicios profesionales
OP-2026001640;ES9200810000530000000155;1.539,18;EUR;27/09/2026;Proveedor
OP-2026001641;ES8121000000680000000249;1.102,09;EUR;15/09/2026;Seguros
OP-2026001642;ES1500810000540000000134;1.036,18;USD;19/09/2026;Servicios profesionales
OP-2026001643;ES6201820000960000000183;790,14;EUR;24/09/2026;Publicidad
OP-2026001644;ES4220850000180000000063;998,20;EUR;19/09/2026;Servicios profesionales
OP-2026001645;ES3220850000100000000053;542,30;EUR;22/09/2026;Nómina
OP-2026001646;ES0301820000920000000180;1.037,48;USD;26/09/2026;Comisiones
OP-2026001647;ES1320850000160000000198;679,24;EUR;14/09/2026;Mantenimiento
OP-2026001648;ES2120850000190000000004;834,67;EUR;15/09/2026;Comisiones
OP-2026001649;ES9720850000160000000238;9.813,97;MXN;16/09/2026;Formación
OP-2026001650;ES6701280000130000000039;885,44;EUR;20/09/2026;Comisiones
OP-2026001651;ES6001820000960000000219;1.129,89;EUR;17/09/2026;Mantenimiento
OP-2026001652;ES8620850000160000000242;753,29;EUR;14/09/2026;Servicios profesionales
OP-2026001653;ES1520850000100000000068;1.203,31;EUR;23/09/2026;Material de oficina
OP-2026001654;ES5121000000690000000061;15.997,64;MXN;25/09/2026;Nómina
OP-2026001655;ES7120850000130000000077;1.014,82;EUR;18/09/2026;Viajes
OP-2026001656;ES2401820000970000000139;839,28;EUR;15/09/2026;Seguros
OP-2026001657;ES3820850000120000000235;919,11;EUR;27/09/2026;Transporte
OP-2026001658;ES7521000000660000000164;573,52;EUR;24/09/2026;Servicios profesionales
OP-2026001659;ES2120850000190000000004;839,09;EUR;15/09/2026;Publicidad
OP-2026001660;ES4521000000690000000169;717,14;EUR;20/09/2026;Proveedor
OP-2026001661;ES3120850000150000000020;12.491,15;MXN;22/09/2026;Seguros
OP-2026001662;ES2401820000970000000139;16.855,51;MXN;17/09/2026;Nómina
OP-2026001663;ES5121000000690000000061;18.357,84;MXN;23/09/2026;Alquiler
OP-2026001664;ES6901280000100000000150;1.200,48;USD;25/09/2026;Suministros
OP-2026001665;ES3601820000990000000116;18.254,48;MXN;27/09/2026;Publicidad
OP-2026001666;ES6500810000520000000011;13.540,12;MXN;16/09/2026;Suministros
OP-2026001667;ES6300490000040000000212;910,78;EUR;19/09/2026;Comisiones
OP-2026001668;ES7801280000160000000179;723,26;EUR;27/09/2026;Suministros
OP-2026001669;ES8321000000620000000119;572,62;EUR;22/09/2026;Transporte
OP-2026001670;ES5400810000540000000208;942,13;EUR;22/09/2026;Mantenimiento
OP-2026001671;ES3101280000140000000056;1.348,28;USD;17/09/2026;Publicidad
OP-2026001672;ES9401820000990000000042;1.129,48;EUR;27/09/2026;Servicios profesionales
OP-2026001673;ES9320850000110000000167;1.462,67;EUR;17/09/2026;Suministros
OP-2026001674;ES9301280000190000000247;1.092,46;EUR;15/09/2026;Proveedor
OP-2026001675;ES5400810000540000000208;1.246,12;EUR;24/09/2026;Suministros
OP-2026001676;ES5600810000510000000028;1.129,08;USD;18/09/2026;Seguros
OP-2026001677;ES2700490000080000000082;770,31;EUR;18/09/2026;Nómina
OP-2026001678;ES3621000000630000000043;1.022,43;EUR;23/09/2026;Seguros
OP-2026001679;ES1500810000540000000134;2.038.926,91;COP;25/09/2026;Proveedor
OP-2026001680;ES7920850000120000000176;724,46;USD;21/09/2026;Material de oficina
OP-2026001681;ES5900810000520000000216;2.880.309,12;COP;26/09/2026;Transporte
OP-2026001682;ES8021000000610000000222;1.090,90;EUR;23/09/2026;Servicios profesionales
OP-2026001683;ES7501820000900000000243;1.009,86;EUR;22/09/2026;Nómina
OP-2026001684;ES1520850000100000000068;858,09;EUR;13/09/2026;Transporte
OP-2026001685;ES6901280000100000000150;792,43;EUR;22/09/2026;Alquiler
OP-2026001686;ES9301280000190000000247;1.037,75;EUR;23/09/2026;Publicidad
OP-2026001687;ES9420850000180000000194;3.564.016,43;COP;22/09/2026;Seguros
OP-2026001688;ES0220850000100000000108;412,61;EUR;13/09/2026;Transporte
OP-2026001689;ES4300810000570000000065;10.036,44;MXN;23/09/2026;Alquiler
OP-2026001690;ES7601820000920000000030;646,04;EUR;19/09/2026;Publicidad
OP-2026001691;ES3820850000150000000185;675,03;EUR;24/09/2026;Transporte
OP-2026001692;ES9600490000020000000007;701,13;EUR;23/09/2026;Transporte
OP-2026001693;ES5900810000550000000166;861,90;EUR;16/09/2026;Formación
OP-2026001694;ES4500810000510000000032;959,43;USD;17/09/2026;Viajes
OP-2026001695;ES7300490000030000000081;938,80;EUR;24/09/2026;Licencias de software
OP-2026001696;ES6520850000110000000089;833,68;USD;20/09/2026;Proveedor
OP-2026001697;ES6600810000500000000091;736,20;EUR;19/09/2026;Seguros
OP-2026001698;ES3221000000600000000165;673,64;EUR;13/09/2026;Formación
OP-2026001699;ES5121000000690000000061;979,80;EUR;23/09/2026;Suministros
OP-2026001700;ES8001280000130000000096;17.348,23;MXN;26/09/2026;Licencias de software
OP-2026001701;ES8400490000000000000127;1.002,49;EUR;14/09/2026;Licencias de software
OP-2026001702;ES6701280000130000000039;14.815,59;MXN;26/09/2026;Alquiler
OP-2026001703;ES4621000000680000000006;1.064,91;EUR;19/09/2026;Suministros
OP-2026001704;ES4621000000680000000006;768,97;EUR;15/09/2026;Viajes
OP-2026001705;ES1501280000130000000005;809,96;EUR;19/09/2026;Comisiones
OP-2026001706;ES4901820000960000000126;1.002,42;EUR;19/09/2026;Mantenimiento
OP-2026001707;ES5600810000510000000125;1.033,46;USD;24/09/2026;Seguros
OP-2026001708;ES7101280000160000000111;1.161,57;EUR;17/09/2026;Formación
OP-2026001709;ES1800810000550000000225;630,31;EUR;26/09/2026;Licencias de software
OP-2026001710;ES6520850000110000000186;827,75;EUR;21/09/2026;Comisiones
OP-2026001711;ES9320850000110000000167;14.485,67;MXN;15/09/2026;Nómina
OP-2026001712;ES6200810000510000000017;4.423.502,15;COP;16/09/2026;Licencias de software
OP-2026001713;ES6920850000110000000211;559,28;EUR;20/09/2026;Suministros
OP-2026001714;ES7120850000130000000077;741,01;EUR;20/09/2026;Nómina
OP-2026001715;ES7521000000660000000164;808,63;EUR;20/09/2026;Licencias de software
OP-2026001716;ES4220850000150000000016;1.150,96;EUR;19/09/2026;Transporte
OP-2026001717;ES7120850000130000000174;600,01;USD;21/09/2026;Seguros
OP-2026001718;ES3421000000690000000173;1.255,63;EUR;17/09/2026;Transporte
OP-2026001719;ES5500490000050000000210;728,87;USD;19/09/2026;Servicios profesionales
OP-2026001720;ES6300490000040000000018;14.280,44;MXN;21/09/2026;Licencias de software
OP-2026001721;ES7500810000510000000074;17.759,42;MXN;26/09/2026;Formación
OP-2026001722;ES2721000000620000000157;1.084,91;EUR;15/09/2026;Formación
OP-2026001723;ES6201820000960000000183;3.010.666,99;COP;20/09/2026;Comisiones
OP-2026001724;ES8100810000530000000062;12.636,05;MXN;17/09/2026;Mantenimiento
OP-2026001725;ES7521000000660000000164;910,33;EUR;23/09/2026;Suministros
OP-2026001726;ES0220850000100000000108;898,11;EUR;24/09/2026;Alquiler
OP-2026001727;ES3621000000630000000043;725,36;EUR;20/09/2026;Licencias de software
OP-2026001728;ES3101280000110000000106;831,16;EUR;15/09/2026;Mantenimiento
OP-2026001729;ES2700490000080000000082;675,33;EUR;21/09/2026;Nómina
OP-2026001730;ES4601280000170000000027;794,79;EUR;19/09/2026;Publicidad
OP-2026001731;ES6600810000500000000091;909,65;EUR;16/09/2026;Viajes
OP-2026001732;ES9620850000120000000064;813,12;USD;16/09/2026;Servicios profesionales
OP-2026001733;ES6701280000130000000136;10.239,26;MXN;14/09/2026;Nómina
OP-2026001734;ES0420850000100000000072;1.121,93;USD;26/09/2026;Seguros
OP-2026001735;ES4800810000520000000123;593,02;EUR;21/09/2026;Seguros
OP-2026001736;ES7320850000190000000135;1.000,49;EUR;26/09/2026;Material de oficina
OP-2026001737;ES4800810000520000000123;790,19;EUR;18/09/2026;Licencias de software
OP-2026001738;ES3421000000690000000173;13.584,43;MXN;16/09/2026;Material de oficina
OP-2026001739;ES4220850000180000000063;795,89;USD;17/09/2026;Nómina
OP-2026001740;ES6200810000510000000017;960,44;USD;15/09/2026;Transporte
OP-2026001741;ES1801280000170000000143;4.656.748,89;COP;13/09/2026;Mantenimiento
OP-2026001742;ES1801280000170000000143;11.495,91;MXN;13/09/2026;Alquiler
OP-2026001743;ES6101280000110000000051;595,70;USD;26/09/2026;Mantenimiento
OP-2026001744;ES8320850000120000000104;14.594,22;MXN;21/09/2026;Mantenimiento
OP-2026001745;ES0200490000090000000192;988,21;EUR;22/09/2026;Mantenimiento
OP-2026001746;ES9121000000610000000218;936,27;EUR;17/09/2026;Viajes
OP-2026001747;ES2401280000100000000184;1.043,80;EUR;23/09/2026;Nómina
OP-2026001748;ES7101280000160000000111;18.661,49;MXN;27/09/2026;Viajes
OP-2026001749;ES2420850000110000000245;1.143,66;EUR;19/09/2026;Nómina
OP-2026001750;ES1000810000590000000076;888,12;EUR;21/09/2026;Viajes
OP-2026001751;ES7020850000180000000044;953,70;EUR;13/09/2026;Proveedor
OP-2026001752;ES7701820000990000000154;854,40;EUR;13/09/2026;Alquiler
OP-2026001753;ES9720850000160000000238;1.055,32;EUR;20/09/2026;Comisiones
OP-2026001754;ES3421000000690000000173;874,36;EUR;24/09/2026;Proveedor
OP-2026001755;ES6700490000010000000190;668,24;EUR;27/09/2026;Servicios profesionales
OP-2026001756;ES6400490000020000000195;20.474,76;MXN;18/09/2026;Proveedor
OP-2026001757;ES2620850000170000000012;16.011,22;MXN;23/09/2026;Transporte
OP-2026001758;ES5001280000130000000248;601,44;EUR;19/09/2026;Publicidad
OP-2026001759;ES7920850000120000000176;16.280,16;MXN;20/09/2026;Transporte
OP-2026001760;ES1100490000070000000031;538,75;EUR;18/09/2026;Servicios profesionales
OP-2026001761;ES1800810000550000000225;14.423,72;MXN;22/09/2026;Comisiones
OP-2026001762;ES5520850000150000000170;796,56;USD;26/09/2026;Formación
OP-2026001763;ES1200810000530000000140;470,33;USD;24/09/2026;Alquiler
OP-2026001764;ES2721000000620000000157;871,89;EUR;21/09/2026;Formación
OP-2026001765;ES3421000000690000000173;790,64;EUR;16/09/2026;Publicidad
OP-2026001766;ES2720850000120000000045;846,29;EUR;25/09/2026;Nómina
OP-2026001767;ES7301820000910000000230;3.741.352,48;COP;25/09/2026;Alquiler
OP-2026001768;ES7701820000990000000057;16.542,05;MXN;16/09/2026;Material de oficina
OP-2026001769;ES3421000000660000000223;12.632,22;MXN;26/09/2026;Alquiler
OP-2026001770;ES4000490000050000000092;1.105,38;EUR;22/09/2026;Publicidad
OP-2026001771;ES3500490000070000000181;635,59;EUR;19/09/2026;Alquiler
OP-2026001772;ES1500810000540000000134;1.061,34;EUR;26/09/2026;Alquiler
OP-2026001773;ES4201280000170000000099;1.026,05;EUR;26/09/2026;Publicidad
OP-2026001774;ES9500810000540000000149;330,41;EUR;22/09/2026;Licencias de software
OP-2026001775;ES5901280000140000000037;998,99;EUR;13/09/2026;Formación
OP-2026001776;ES2721000000620000000157;701,84;EUR;23/09/2026;Material de oficina
OP-2026001777;ES7601820000920000000030;966,14;USD;25/09/2026;Formación
OP-2026001778;ES5901280000140000000037;1.130,96;EUR;26/09/2026;Material de oficina
OP-2026001779;ES4000490000050000000092;22.291,16;MXN;19/09/2026;Seguros
OP-2026001780;ES6300490000040000000018;888,56;EUR;17/09/2026;Suministros
OP-2026001781;ES4621000000680000000006;1.849.270,29;COP;13/09/2026;Publicidad
OP-2026001782;ES9100810000580000000025;538,89;EUR;20/09/2026;Proveedor
OP-2026001783;ES2921000000680000000118;951,91;EUR;19/09/2026;Material de oficina
OP-2026001784;ES7221000000620000000026;1.160,79;USD;19/09/2026;Licencias de software
OP-2026001785;ES1801280000170000000143;926,64;EUR;21/09/2026;Servicios profesionales
OP-2026001786;ES9400810000590000000213;725,11;EUR;24/09/2026;Transporte
OP-2026001787;ES9200810000530000000155;1.126,74;EUR;14/09/2026;Mantenimiento
OP-2026001788;ES6520850000110000000089;16.183,26;MXN;26/09/2026;Licencias de software
OP-2026001789;ES8320850000120000000104;922,41;EUR;25/09/2026;Suministros
OP-2026001790;ES0421000000600000000087;881,85;EUR;27/09/2026;Alquiler
OP-2026001791;ES8701820000950000000073;952,25;EUR;19/09/2026;Formación
OP-2026001792;ES3621000000630000000043;904,58;EUR;19/09/2026;Nómina
OP-2026001793;ES6400490000020000000195;784,34;EUR;16/09/2026;Comisiones
OP-2026001794;ES3401820000930000000058;1.044,86;EUR;24/09/2026;Formación
OP-2026001795;ES3101280000140000000056;760,65;EUR;21/09/2026;Comisiones
OP-2026001796;ES1000810000590000000076;778,41;USD;14/09/2026;Publicidad
OP-2026001797;ES3500810000580000000160;848,23;EUR;21/09/2026;Comisiones
OP-2026001798;ES8121000000680000000249;942,16;EUR;15/09/2026;Material de oficina
OP-2026001799;ES6701280000130000000039;776,89;EUR;16/09/2026;Proveedor
OP-2026001800;ES7521000000660000000164;15.504,90;MXN;22/09/2026;Formación
OP-2026001801;ES8501820000950000000206;456,39;EUR;18/09/2026;Formación
OP-2026001802;ES6001820000960000000219;1.101,45;EUR;23/09/2026;Viajes
OP-2026001803;ES1200810000560000000090;1.075,49;EUR;20/09/2026;Formación
OP-2026001804;ES4101820000970000000221;474,05;USD;21/09/2026;Formación
OP-2026001805;ES6101820000980000000103;703,43;USD;14/09/2026;Material de oficina
OP-2026001806;ES9120850000140000000250;1.194,92;USD;27/09/2026;Licencias de software
OP-2026001807;ES5600810000510000000028;603,83;EUR;17/09/2026;Servicios profesionales
OP-2026001808;ES4300810000570000000065;16.406,31;MXN;23/09/2026;Licencias de software
OP-2026001809;ES4901820000960000000126;754,58;USD;23/09/2026;Alquiler
OP-2026001810;ES0920850000170000000124;1.324,64;EUR;18/09/2026;Viajes
OP-2026001811;ES5420850000100000000239;528,98;EUR;18/09/2026;Viajes
OP-2026001812;ES7420850000140000000168;912,77;EUR;23/09/2026;Alquiler
OP-2026001813;ES0520850000170000000196;17.958,84;MXN;27/09/2026;Nómina
OP-2026001814;ES5621000000640000000022;775,51;EUR;26/09/2026;Viajes
OP-2026001815;ES3220850000100000000053;18.864,12;MXN;21/09/2026;Publicidad
OP-2026001816;ES7501280000150000000088;1.102,45;EUR;21/09/2026;Licencias de software
OP-2026001817;ES5900810000550000000166;914,48;EUR;22/09/2026;Seguros
OP-2026001818;ES9001820000930000000117;697,95;USD;17/09/2026;Servicios profesionales
OP-2026001819;ES6700490000010000000190;1.354,33;EUR;19/09/2026;Proveedor
OP-2026001820;ES6300490000040000000212;690,91;EUR;26/09/2026;Viajes
OP-2026001821;ES4601820000950000000035;700,47;USD;27/09/2026;Servicios profesionales
OP-2026001822;ES7120850000130000000174;829,64;EUR;26/09/2026;Material de oficina
OP-2026001823;ES8700810000550000000244;3.937.572,18;COP;17/09/2026;Transporte
OP-2026001824;ES5401280000160000000029;799,26;USD;25/09/2026;Formación
OP-2026001825;ES3021000000610000000152;903,22;EUR;23/09/2026;Publicidad
OP-2026001826;ES3801820000960000000033;3.297.663,46;COP;26/09/2026;Seguros
OP-2026001827;ES9401820000990000000042;876,47;EUR;17/09/2026;Formación
OP-2026001828;ES8100810000500000000112;520,99;EUR;16/09/2026;Publicidad
OP-2026001829;ES3220850000100000000053;1.087,05;EUR;18/09/2026;Formación
OP-2026001830;ES7801280000160000000179;3.310.163,36;COP;27/09/2026;Seguros
OP-2026001831;ES4601280000170000000027;3.499.663,29;COP;23/09/2026;Mantenimiento
OP-2026001832;ES3400810000510000000036;808,03;EUR;22/09/2026;Mantenimiento
OP-2026001833;ES0621000000690000000095;1.334,43;USD;14/09/2026;Formación
OP-2026001834;ES6701280000160000000086;715,41;EUR;13/09/2026;Transporte
OP-2026001835;ES7120850000130000000077;1.185,67;EUR;16/09/2026;Nómina
OP-2026001836;ES3401280000180000000097;684,26;EUR;17/09/2026;Mantenimiento
OP-2026001837;ES5600810000510000000028;719,24;EUR;22/09/2026;Suministros
OP-2026001838;ES4800490000040000000094;1.117,47;EUR;14/09/2026;Publicidad
OP-2026001839;ES3401820000930000000058;972,56;USD;13/09/2026;Publicidad
OP-2026001840;ES3721000000670000000217;886,79;EUR;14/09/2026;Formación
OP-2026001841;ES7920850000120000000176;13.559,17;MXN;22/09/2026;Mantenimiento
OP-2026001842;ES3101280000140000000153;506,12;EUR;20/09/2026;Comisiones
OP-2026001843;ES2401280000100000000184;799,59;EUR;19/09/2026;Comisiones
OP-2026001844;ES6201820000960000000183;944,10;USD;15/09/2026;Suministros
OP-2026001845;ES4601280000170000000027;472,29;EUR;15/09/2026;Viajes
OP-2026001846;ES3101280000140000000056;1.088,37;USD;14/09/2026;Viajes
OP-2026001847;ES8100810000500000000015;718,23;EUR;17/09/2026;Nómina
OP-2026001848;ES9001820000930000000117;859,08;EUR;18/09/2026;Suministros
OP-2026001849;ES9820850000180000000122;909,67;EUR;19/09/2026;Seguros
OP-2026001850;ES5900810000520000000216;805,68;EUR;15/09/2026;Formación
OP-2026001851;ES2520850000180000000078;737,80;EUR;25/09/2026;Comisiones
OP-2026001852;ES6901280000100000000150;1.143,95;EUR;15/09/2026;Material de oficina
OP-2026001853;ES6101280000110000000051;1.059,89;EUR;24/09/2026;Licencias de software
OP-2026001854;ES1800490000040000000246;3.106.733,63;COP;22/09/2026;Alquiler
OP-2026001855;ES7120850000130000000174;1.041,29;EUR;22/09/2026;Mantenimiento
OP-2026001856;ES6901280000100000000150;851,68;USD;13/09/2026;Alquiler
OP-2026001857;ES4800810000520000000123;931,34;USD;24/09/2026;Comisiones
OP-2026001858;ES2000810000520000000142;738,30;EUR;25/09/2026;Comisiones
OP-2026001859;ES6000810000540000000100;8.423,76;MXN;19/09/2026;Alquiler
OP-2026001860;ES0700490000010000000203;9.258,17;MXN;20/09/2026;Material de oficina
OP-2026001861;ES6101820000980000000103;807,30;EUR;23/09/2026;Publicidad
OP-2026001862;ES9401820000990000000042;739,50;USD;20/09/2026;Publicidad
OP-2026001863;ES1200810000530000000140;1.148,37;USD;15/09/2026;Viajes
OP-2026001864;ES1301820000970000000046;989,80;EUR;13/09/2026;Licencias de software
OP-2026001865;ES4800490000040000000094;910,32;EUR;20/09/2026;Alquiler
OP-2026001866;ES1200810000530000000140;576,65;EUR;19/09/2026;Nómina
OP-2026001867;ES1800810000550000000225;4.328.521,63;COP;24/09/2026;Alquiler
OP-2026001868;ES3921000000640000000231;963,71;EUR;25/09/2026;Material de oficina
OP-2026001869;ES1200810000530000000140;12.248,96;MXN;25/09/2026;Proveedor
OP-2026001870;ES2700490000080000000082;1.005,10;EUR;13/09/2026;Servicios profesionales
OP-2026001871;ES5901280000140000000037;725,99;EUR;20/09/2026;Comisiones
OP-2026001872;ES4800810000520000000123;1.037,44;EUR;20/09/2026;Material de oficina
OP-2026001873;ES7001280000140000000227;793,56;EUR;17/09/2026;Viajes
OP-2026001874;ES4901820000960000000126;867,30;EUR;22/09/2026;Comisiones
OP-2026001875;ES3400810000510000000133;1.000,12;EUR;20/09/2026;Material de oficina
OP-2026001876;ES6701820000910000000047;964,41;USD;13/09/2026;Proveedor
OP-2026001877;ES2700490000080000000082;682,64;EUR;23/09/2026;Material de oficina
OP-2026001878;ES9601280000110000000197;1.136,08;USD;18/09/2026;Publicidad
OP-2026001879;ES4000490000050000000092;839,15;EUR;20/09/2026;Formación
OP-2026001880;ES7701820000990000000154;1.172,94;EUR;17/09/2026;Comisiones
OP-2026001881;ES5500490000050000000210;707,89;EUR;16/09/2026;Alquiler
OP-2026001882;ES7300490000030000000081;827,27;EUR;13/09/2026;Mantenimiento
OP-2026001883;ES2300810000530000000233;764,47;USD;25/09/2026;Nómina
OP-2026001884;ES3701280000190000000188;3.805.939,20;COP;25/09/2026;Comisiones
OP-2026001885;ES9720850000160000000238;719,44;EUR;14/09/2026;Comisiones
OP-2026001886;ES9201280000120000000220;831,47;EUR;22/09/2026;Alquiler
OP-2026001887;ES6700490000010000000190;1.025,69;USD;24/09/2026;Servicios profesionales
OP-2026001888;ES1800810000550000000225;1.058,17;EUR;25/09/2026;Transporte
OP-2026001889;ES9500490000010000000171;763,30;EUR;24/09/2026;Comisiones
OP-2026001890;ES5701820000950000000128;935,19;EUR;26/09/2026;Seguros
OP-2026001891;ES6600810000590000000232;1.479,75;EUR;20/09/2026;Suministros
OP-2026001892;ES9401820000990000000042;1.148,92;USD;21/09/2026;Licencias de software
OP-2026001893;ES5801280000190000000101;618,67;USD;24/09/2026;Seguros
OP-2026001894;ES3120850000150000000020;1.186,88;EUR;13/09/2026;Material de oficina
OP-2026001895;ES4201280000170000000099;639,07;EUR;13/09/2026;Alquiler
OP-2026001896;ES9400810000590000000213;585,62;EUR;26/09/2026;Suministros
OP-2026001897;ES8120850000180000000234;1.071,13;USD;14/09/2026;Comisiones
OP-2026001898;ES6200810000510000000017;1.202,51;USD;23/09/2026;Servicios profesionales
OP-2026001899;ES7001280000140000000227;14.680,05;MXN;25/09/2026;Suministros
OP-2026001900;ES7521000000630000000214;599,97;USD;22/09/2026;Material de oficina
OP-2026001901;ES8100810000500000000112;717,61;EUR;21/09/2026;Seguros
OP-2026001902;ES0700490000010000000203;661,22;USD;24/09/2026;Mantenimiento
OP-2026001903;ES1520850000100000000068;885,98;EUR;24/09/2026;Proveedor
OP-2026001904;ES5420850000100000000239;1.063,37;USD;26/09/2026;Seguros
OP-2026001905;ES4621000000680000000006;1.262,04;EUR;15/09/2026;Material de oficina
OP-2026001906;ES5520850000150000000170;534,24;EUR;26/09/2026;Proveedor
OP-2026001907;ES5121000000690000000061;9.952,27;MXN;16/09/2026;Suministros
OP-2026001908;ES7920850000120000000176;516,36;EUR;13/09/2026;Material de oficina
OP-2026001909;ES1420850000150000000132;16.576,50;MXN;19/09/2026;Alquiler
OP-2026001910;ES2401820000970000000139;645,63;EUR;13/09/2026;Proveedor
OP-2026001911;ES1520850000100000000068;2.900.181,89;COP;19/09/2026;Suministros
OP-2026001912;ES3021000000610000000055;939,20;EUR;23/09/2026;Proveedor
OP-2026001913;ES6920850000110000000211;1.001,83;EUR;17/09/2026;Publicidad
OP-2026001914;ES7320850000190000000038;828,69;USD;23/09/2026;Publicidad
OP-2026001915;ES6520850000110000000186;1.039,89;USD;19/09/2026;Mantenimiento
OP-2026001916;ES8100810000530000000062;12.539,13;MXN;25/09/2026;Servicios profesionales
OP-2026001917;ES5001280000130000000248;873,70;USD;13/09/2026;Publicidad
OP-2026001918;ES6200810000510000000114;1.008,38;EUR;26/09/2026;Material de oficina
OP-2026001919;ES7300490000030000000081;955,77;EUR;26/09/2026;Formación
OP-2026001920;ES8721000000680000000141;688,79;EUR;13/09/2026;Viajes
OP-2026001921;ES9301280000190000000247;17.583,95;MXN;19/09/2026;Comisiones
OP-2026001922;ES6701280000130000000136;1.160,37;USD;13/09/2026;Seguros
OP-2026001923;ES2000810000520000000142;851,08;EUR;27/09/2026;Formación
OP-2026001924;ES7600490000040000000172;1.232,12;EUR;16/09/2026;Mantenimiento
OP-2026001925;ES8121000000680000000249;581,13;USD;16/09/2026;Mantenimiento
OP-2026001926;ES2300810000530000000233;867,15;EUR;23/09/2026;Viajes
OP-2026001927;ES9120850000140000000250;22.442,64;MXN;20/09/2026;Suministros
OP-2026001928;ES8020850000110000000013;13.723,01;MXN;17/09/2026;Seguros
OP-2026001929;ES5701820000950000000128;711,95;EUR;25/09/2026;Transporte
OP-2026001930;ES6300490000040000000115;823,25;USD;16/09/2026;Licencias de software
OP-2026001931;ES1901820000990000000228;759,56;EUR;27/09/2026;Alquiler
OP-2026001932;ES2300810000530000000233;647,91;EUR;24/09/2026;Mantenimiento
OP-2026001933;ES5900810000550000000166;616,23;EUR;21/09/2026;Transporte
OP-2026001934;ES7201280000110000000144;670,10;EUR;15/09/2026;Alquiler
OP-2026001935;ES3101280000140000000056;1.030,56;USD;20/09/2026;Viajes
OP-2026001936;ES7120850000100000000224;732,59;EUR;24/09/2026;Comisiones
OP-2026001937;ES1501280000130000000005;728,63;USD;15/09/2026;Licencias de software
OP-2026001938;ES2421000000610000000163;21.250,75;MXN;23/09/2026;Proveedor
OP-2026001939;ES2420850000110000000245;811,87;EUR;22/09/2026;Viajes
OP-2026001940;ES1200810000560000000090;825,54;EUR;18/09/2026;Formación
OP-2026001941;ES8321000000620000000119;869,22;EUR;24/09/2026;Nómina
OP-2026001942;ES6001820000960000000219;745,51;EUR;27/09/2026;Alquiler
OP-2026001943;ES9001280000150000000109;983,64;EUR;16/09/2026;Comisiones
OP-2026001944;ES9601280000110000000197;1.078,68;USD;24/09/2026;Formación
OP-2026001945;ES3400810000510000000133;640,66;EUR;17/09/2026;Material de oficina
OP-2026001946;ES2700490000080000000082;1.107,67;USD;18/09/2026;Seguros
OP-2026001947;ES5100810000560000000067;14.898,55;MXN;21/09/2026;Transporte
OP-2026001948;ES3600810000530000000193;1.211,65;USD;21/09/2026;Transporte
OP-2026001949;ES6500810000520000000011;1.017,09;EUR;17/09/2026;Formación
OP-2026001950;ES4721000000610000000040;974,37;EUR;19/09/2026;Licencias de software
OP-2026001951;ES4201280000170000000099;637,53;USD;20/09/2026;Mantenimiento
OP-2026001952;ES3500810000580000000160;971,38;EUR;22/09/2026;Suministros
OP-2026001953;ES5100810000560000000067;3.780.556,40;COP;20/09/2026;Licencias de software
OP-2026001954;ES1200810000530000000140;1.234,89;EUR;23/09/2026;Material de oficina
OP-2026001955;ES4221000000680000000175;1.058,13;EUR;13/09/2026;Alquiler
OP-2026001956;ES3421000000690000000173;1.148,91;USD;26/09/2026;Alquiler
OP-2026001957;ES4600810000580000000059;917,75;USD;13/09/2026;Seguros
OP-2026001958;ES9820850000180000000122;954,86;EUR;27/09/2026;Nómina
OP-2026001959;ES8321000000620000000119;774,88;EUR;18/09/2026;Publicidad
OP-2026001960;ES7221000000620000000026;767,83;USD;17/09/2026;Formación
OP-2026001961;ES8501820000950000000206;2.199.621,23;COP;13/09/2026;Alquiler
OP-2026001962;ES1320850000160000000198;926,72;EUR;15/09/2026;Proveedor
OP-2026001963;ES7701820000960000000107;998,73;EUR;19/09/2026;Alquiler
OP-2026001964;ES7920850000120000000176;906,09;EUR;18/09/2026;Licencias de software
OP-2026001965;ES8321000000620000000119;2.970.962,03;COP;25/09/2026;Alquiler
OP-2026001966;ES5900810000550000000166;957,68;EUR;18/09/2026;Seguros
OP-2026001967;ES3520850000140000000191;2.954.849,76;COP;25/09/2026;Servicios profesionales
OP-2026001968;ES3101280000110000000106;16.380,24;MXN;14/09/2026;Formación
OP-2026001969;ES0621000000690000000095;567,05;EUR;23/09/2026;Formación
OP-2026001970;ES9100490000070000000240;1.028,86;EUR;23/09/2026;Mantenimiento
OP-2026001971;ES0220850000100000000108;942,32;EUR;22/09/2026;Publicidad
OP-2026001972;ES8901280000110000000129;1.154,83;USD;14/09/2026;Alquiler
OP-2026001973;ES9201820000900000000034;1.198,89;USD;20/09/2026;Alquiler
OP-2026001974;ES0301820000920000000180;948,60;EUR;23/09/2026;Publicidad
OP-2026001975;ES7920850000120000000176;961,41;EUR;24/09/2026;Mantenimiento
OP-2026001976;ES0220850000100000000205;616,40;EUR;18/09/2026;Licencias de software
OP-2026001977;ES3221000000600000000165;1.159,90;EUR;18/09/2026;Suministros
OP-2026001978;ES0421000000600000000087;1.241,20;USD;19/09/2026;Servicios profesionales
OP-2026001979;ES9401820000990000000042;962,13;EUR;15/09/2026;Proveedor
OP-2026001980;ES9621000000620000000079;772,71;EUR;13/09/2026;Servicios profesionales
OP-2026001981;ES7201280000110000000144;655,01;USD;23/09/2026;Suministros
OP-2026001982;ES9500490000010000000171;1.040,00;EUR;16/09/2026;Seguros
OP-2026001983;ES3101280000140000000153;630,65;EUR;16/09/2026;Alquiler
OP-2026001984;ES0800810000590000000209;929,62;EUR;26/09/2026;Servicios profesionales
OP-2026001985;ES3721000000670000000217;3.049.934,64;COP;14/09/2026;Nómina
OP-2026001986;ES4101820000970000000221;13.693,29;MXN;25/09/2026;Licencias de software
OP-2026001987;ES0420850000100000000072;10.534,18;MXN;17/09/2026;Servicios profesionales
OP-2026001988;ES3401280000180000000097;942,43;USD;15/09/2026;Proveedor
OP-2026001989;ES6200810000510000000017;1.023,74;EUR;20/09/2026;Material de oficina
OP-2026001990;ES4621000000680000000200;843,72;EUR;21/09/2026;Transporte
OP-2026001991;ES7620850000110000000085;1.196,54;USD;26/09/2026;Seguros
OP-2026001992;ES7920850000120000000176;3.237.285,33;COP;17/09/2026;Alquiler
OP-2026001993;ES1320850000160000000198;822,06;USD;15/09/2026;Mantenimiento
OP-2026001994;ES3500810000550000000113;968,17;USD;15/09/2026;Publicidad
OP-2026001995;ES2721000000620000000157;758,37;EUR;21/09/2026;Comisiones
OP-2026001996;ES5420850000100000000239;1.249,08;USD;24/09/2026;Formación
OP-2026001997;ES8100810000500000000015;596,68;EUR;15/09/2026;Seguros
OP-2026001998;ES5900490000010000000237;1.082,58;USD;25/09/2026;Publicidad
OP-2026001999;ES1520850000100000000068;17.554,53;MXN;23/09/2026;Licencias de software
OP-2026002000;ES7420850000140000000168;752,86;USD;13/09/2026;Viajes
OP-2026002001;ES0700490000010000000203;918,54;EUR;18/09/2026;Proveedor
OP-2026002002;ES8701820000950000000073;791,70;EUR;26/09/2026;Transporte
OP-2026002003;ES7001820000920000000138;823,50;EUR;25/09/2026;Formación
OP-2026002004;ES6101820000980000000103;4.017.933,18;COP;14/09/2026;Mantenimiento
OP-2026002005;ES8901280000110000000129;11.412,46;MXN;18/09/2026;Alquiler
OP-2026002006;ES9100810000580000000025;780,36;EUR;26/09/2026;Alquiler
OP-2026002007;ES9401820000990000000042;1.137,18;EUR;16/09/2026;Transporte
OP-2026002008;ES7501820000900000000146;899,45;USD;23/09/2026;Proveedor
OP-2026002009;ES4601280000170000000027;13.738,57;MXN;21/09/2026;Suministros
OP-2026002010;ES9001820000930000000117;805,39;EUR;18/09/2026;Transporte
OP-2026002011;ES4800490000040000000094;591,93;EUR;23/09/2026;Alquiler
OP-2026002012;ES5600810000510000000125;2.701.885,41;COP;16/09/2026;Proveedor
OP-2026002013;ES3421000000660000000223;789,50;USD;23/09/2026;Publicidad
OP-2026002014;ES6600810000500000000091;3.608.568,37;COP;18/09/2026;Viajes
OP-2026002015;ES6701280000130000000136;787,80;EUR;14/09/2026;Transporte
OP-2026002016;ES0220850000100000000108;706,35;EUR;21/09/2026;Formación
OP-2026002017;ES0201820000900000000199;1.096,38;USD;22/09/2026;Alquiler
OP-2026002018;ES4621000000680000000200;447,97;USD;23/09/2026;Servicios profesionales
OP-2026002019;ES2300810000530000000233;965,52;USD;15/09/2026;Nómina
OP-2026002020;ES8020850000110000000110;1.166,18;USD;14/09/2026;Publicidad
OP-2026002021;ES8701820000950000000073;912,97;USD;26/09/2026;Formación
OP-2026002022;ES1800810000550000000225;1.061,11;EUR;22/09/2026;Suministros
OP-2026002023;ES8501820000950000000206;848,51;EUR;17/09/2026;Proveedor
OP-2026002024;ES7020850000180000000044;22.884,66;MXN;16/09/2026;Proveedor
OP-2026002025;ES5621000000640000000022;1.157,48;EUR;20/09/2026;Transporte
OP-2026002026;ES3220850000100000000053;672,17;EUR;24/09/2026;Seguros
OP-2026002027;ES2921000000680000000118;973,93;EUR;20/09/2026;Transporte
OP-2026002028;ES9120850000110000000009;953,42;EUR;24/09/2026;Proveedor
OP-2026002029;ES0301820000920000000180;751,28;USD;18/09/2026;Comisiones
OP-2026002030;ES2401280000100000000184;989,17;EUR;27/09/2026;Servicios profesionales
OP-2026002031;ES7521000000630000000214;1.167,75;USD;14/09/2026;Publicidad
OP-2026002032;ES0701280000170000000050;935,80;EUR;20/09/2026;Formación
OP-2026002033;ES9200810000530000000155;608,97;EUR;27/09/2026;Transporte
OP-2026002034;ES9600490000020000000007;648,19;EUR;25/09/2026;Servicios profesionales
OP-2026002035;ES6421000000630000000024;1.319,95;EUR;24/09/2026;Formación
OP-2026002036;ES9500810000540000000149;1.183,50;USD;27/09/2026;Publicidad
OP-2026002037;ES5500490000050000000210;887,89;EUR;17/09/2026;Licencias de software
OP-2026002038;ES3900810000540000000187;4.101.485,84;COP;14/09/2026;Viajes
OP-2026002039;ES7801280000160000000179;840,93;USD;20/09/2026;Formación
OP-2026002040;ES6620850000150000000069;10.769,54;MXN;16/09/2026;Transporte
OP-2026002041;ES7500810000510000000074;838,44;USD;18/09/2026;Proveedor
OP-2026002042;ES8321000000620000000119;1.408,34;EUR;22/09/2026;Viajes
OP-2026002043;ES3400810000530000000229;1.002,79;EUR;13/09/2026;Mantenimiento
OP-2026002044;ES2421000000610000000163;986,05;USD;16/09/2026;Publicidad
OP-2026002045;ES9400810000590000000213;897,69;EUR;25/09/2026;Formación
OP-2026002046;ES3401820000930000000058;517,78;EUR;18/09/2026;Suministros
OP-2026002047;ES0421000000600000000087;3.609.176,74;COP;18/09/2026;Formación
OP-2026002048;ES7120850000100000000224;686,43;EUR;27/09/2026;Licencias de software
OP-2026002049;ES8901280000110000000129;929,22;EUR;25/09/2026;Formación
OP-2026002050;ES2800810000510000000241;18.674,48;MXN;17/09/2026;Comisiones
OP-2026002051;ES5501280000110000000159;811,73;USD;14/09/2026;Transporte
OP-2026002052;ES3801820000960000000033;1.077,83;EUR;21/09/2026;Material de oficina
OP-2026002053;ES0200490000090000000192;1.086,34;USD;21/09/2026;Material de oficina
OP-2026002054;ES7120850000130000000077;818,84;USD;23/09/2026;Licencias de software
OP-2026002055;ES8401280000130000000121;19.361,10;MXN;19/09/2026;Material de oficina
OP-2026002056;ES7520850000130000000102;1.044,85;EUR;18/09/2026;Nómina
OP-2026002057;ES7600490000040000000172;1.252,95;EUR;13/09/2026;Nómina
OP-2026002058;ES2000810000520000000142;5.294.282,27;COP;19/09/2026;Suministros
OP-2026002059;ES5800490000060000000204;5.131.461,44;COP;26/09/2026;Suministros
OP-2026002060;ES7401280000170000000202;935,17;EUR;25/09/2026;Transporte
OP-2026002061;ES5900810000550000000166;935,06;USD;20/09/2026;Proveedor
OP-2026002062;ES2401280000100000000184;711,05;USD;25/09/2026;Mantenimiento
OP-2026002063;ES5701820000950000000128;863,57;USD;13/09/2026;Suministros
OP-2026002064;ES0200490000090000000192;781,83;EUR;14/09/2026;Proveedor
OP-2026002065;ES5500490000050000000210;1.075,35;USD;27/09/2026;Suministros
OP-2026002066;ES7601820000920000000030;346,00;EUR;13/09/2026;Material de oficina
OP-2026002067;ES7701820000990000000154;1.154,61;EUR;16/09/2026;Mantenimiento
OP-2026002068;ES3720850000170000000008;1.133,89;USD;17/09/2026;Formación
OP-2026002069;ES1501280000130000000005;1.039,71;USD;22/09/2026;Suministros
OP-2026002070;ES1520850000100000000068;21.088,24;MXN;22/09/2026;Formación
OP-2026002071;ES6600810000500000000091;1.192,92;EUR;22/09/2026;Suministros
OP-2026002072;ES9120850000140000000250;1.142,73;EUR;13/09/2026;Material de oficina
OP-2026002073;ES8020850000110000000013;1.030,56;EUR;25/09/2026;Material de oficina
OP-2026002074;ES5001280000130000000248;1.229,00;EUR;20/09/2026;Transporte
OP-2026002075;ES7521000000610000000021;1.103,23;EUR;13/09/2026;Nómina
OP-2026002076;ES0201820000900000000199;713,08;EUR;24/09/2026;Material de oficina
OP-2026002077;ES7501820000900000000146;882,82;EUR;16/09/2026;Seguros
OP-2026002078;ES7001820000920000000138;765,50;EUR;14/09/2026;Nómina
OP-2026002079;ES0201820000900000000199;834,13;EUR;23/09/2026;Viajes
OP-2026002080;ES0701280000170000000050;819,62;EUR;14/09/2026;Transporte
OP-2026002081;ES4721000000610000000040;916,40;EUR;18/09/2026;Nómina
OP-2026002082;ES6720850000140000000003;1.101,05;EUR;26/09/2026;Nómina
OP-2026002083;ES4220850000180000000063;940,40;EUR;23/09/2026;Seguros
OP-2026002084;ES3720850000170000000008;825,57;EUR;17/09/2026;Transporte
OP-2026002085;ES8721000000680000000141;618,29;EUR;16/09/2026;Comisiones
OP-2026002086;ES8020850000110000000013;614,68;EUR;14/09/2026;Material de oficina
OP-2026002087;ES0301820000920000000180;1.137,40;EUR;26/09/2026;Mantenimiento
OP-2026002088;ES2300810000530000000233;3.477.826,40;COP;26/09/2026;Seguros
OP-2026002089;ES0500490000070000000236;612,34;EUR;25/09/2026;Servicios profesionales
OP-2026002090;ES2520850000180000000078;923,58;EUR;14/09/2026;Proveedor
OP-2026002091;ES6520850000110000000186;2.354.573,86;COP;23/09/2026;Viajes
OP-2026002092;ES9201820000900000000034;873,18;EUR;22/09/2026;Material de oficina
OP-2026002093;ES8401820000910000000226;14.535,13;MXN;23/09/2026;Nómina
OP-2026002094;ES1801820000950000000054;862,58;EUR;18/09/2026;Viajes
OP-2026002095;ES4800810000520000000123;11.417,85;MXN;13/09/2026;Viajes
OP-2026002096;ES5600490000000000000049;624,71;EUR;15/09/2026;Alquiler
OP-2026002097;ES3701280000190000000188;13.343,70;MXN;17/09/2026;Comisiones
OP-2026002098;ES2921000000680000000215;764,13;EUR;24/09/2026;Viajes
OP-2026002099;ES7120850000130000000077;865,59;EUR;25/09/2026;Alquiler
OP-2026002100;ES8120850000180000000234;949,65;EUR;14/09/2026;Alquiler
OP-2026002101;ES0201820000900000000199;998,25;EUR;22/09/2026;Mantenimiento
OP-2026002102;ES0600490000090000000120;675,60;USD;19/09/2026;Licencias de software
OP-2026002103;ES5401280000160000000029;469,63;EUR;18/09/2026;Licencias de software
OP-2026002104;ES8701820000950000000073;824,82;EUR;14/09/2026;Mantenimiento
OP-2026002105;ES8501820000980000000156;596,91;EUR;14/09/2026;Licencias de software
OP-2026002106;ES7400490000070000000158;998,61;EUR;13/09/2026;Formación
OP-2026002107;ES1800810000550000000225;1.199,69;USD;22/09/2026;Transporte
OP-2026002108;ES4521000000690000000169;656,63;USD;24/09/2026;Servicios profesionales
OP-2026002109;ES3401820000930000000058;503,20;EUR;17/09/2026;Comisiones
OP-2026002110;ES6001820000960000000219;1.189,47;USD;24/09/2026;Formación
OP-2026002111;ES2720850000120000000045;297,62;EUR;18/09/2026;Alquiler
OP-2026002112;ES4500810000510000000032;636,82;USD;15/09/2026;Servicios profesionales
OP-2026002113;ES4220850000150000000016;1.295,85;EUR;19/09/2026;Material de oficina
OP-2026002114;ES7320850000190000000038;567,32;EUR;26/09/2026;Servicios profesionales
OP-2026002115;ES9500490000010000000171;868,74;USD;17/09/2026;Licencias de software
OP-2026002116;ES6320850000140000000075;805,05;EUR;21/09/2026;Mantenimiento
OP-2026002117;ES7701820000990000000057;1.163,83;USD;19/09/2026;Viajes
OP-2026002118;ES0301820000920000000180;704,66;EUR;23/09/2026;Licencias de software
OP-2026002119;ES5901280000140000000037;658,53;EUR;21/09/2026;Proveedor
OP-2026002120;ES2520850000180000000078;870,86;EUR;23/09/2026;Viajes
OP-2026002121;ES3400810000510000000036;1.092,93;EUR;27/09/2026;Formación
OP-2026002122;ES9120850000110000000009;1.191,44;EUR;15/09/2026;Alquiler
OP-2026002123;ES3101280000140000000153;765,95;EUR;21/09/2026;Seguros
OP-2026002124;ES8401820000910000000226;743,58;EUR;20/09/2026;Publicidad
OP-2026002125;ES5701820000950000000128;775,14;USD;18/09/2026;Comisiones
OP-2026002126;ES0800810000590000000209;1.020,75;EUR;22/09/2026;Viajes
OP-2026002127;ES1801820000950000000054;1.149,44;EUR;19/09/2026;Alquiler
OP-2026002128;ES4601820000950000000035;781,14;EUR;15/09/2026;Suministros
OP-2026002129;ES9720850000160000000238;1.021,23;USD;18/09/2026;Transporte
OP-2026002130;ES2121000000690000000019;1.195,37;EUR;19/09/2026;Suministros
OP-2026002131;ES7521000000660000000164;896,68;EUR;14/09/2026;Material de oficina
OP-2026002132;ES6700490000010000000190;988,44;EUR;16/09/2026;Proveedor
OP-2026002133;ES9200810000530000000155;958,45;EUR;13/09/2026;Viajes
OP-2026002134;ES5600810000510000000125;583,87;USD;15/09/2026;Suministros
OP-2026002135;ES1100490000070000000031;12.240,58;MXN;17/09/2026;Suministros
OP-2026002136;ES7520850000130000000102;23.618,98;MXN;19/09/2026;Mantenimiento
OP-2026002137;ES7120850000130000000174;921,55;EUR;20/09/2026;Seguros
OP-2026002138;ES4601280000170000000027;991,00;EUR;21/09/2026;Viajes
OP-2026002139;ES7301820000910000000230;812,88;EUR;25/09/2026;Servicios profesionales
OP-2026002140;ES6200810000510000000114;1.048,16;USD;25/09/2026;Material de oficina
OP-2026002141;ES6101280000110000000051;706,57;EUR;18/09/2026;Servicios profesionales
OP-2026002142;ES7420850000140000000168;915,71;USD;18/09/2026;Publicidad
OP-2026002143;ES2421000000610000000163;17.077,81;MXN;16/09/2026;Suministros
OP-2026002144;ES1000810000590000000076;1.007,62;EUR;13/09/2026;Proveedor
OP-2026002145;ES8121000000680000000249;1.126,20;USD;13/09/2026;Viajes
OP-2026002146;ES1301820000970000000046;849,43;EUR;24/09/2026;Formación
OP-2026002147;ES7120850000100000000224;932,16;EUR;14/09/2026;Servicios profesionales
OP-2026002148;ES7120850000130000000077;1.112,42;USD;18/09/2026;Mantenimiento
OP-2026002149;ES0621000000690000000095;786,76;EUR;17/09/2026;Seguros
OP-2026002150;ES2520850000180000000078;550,50;USD;13/09/2026;Proveedor
OP-2026002151;ES6421000000630000000024;1.074,52;EUR;14/09/2026;Mantenimiento
OP-2026002152;ES0421000000600000000087;1.136,62;EUR;26/09/2026;Viajes
OP-2026002153;ES6520850000110000000089;948,89;USD;22/09/2026;Viajes
OP-2026002154;ES3621000000630000000043;634,10;USD;22/09/2026;Servicios profesionales
OP-2026002155;ES1820850000180000000010;1.166,60;EUR;15/09/2026;Suministros
OP-2026002156;ES6200810000510000000017;3.829.242,20;COP;14/09/2026;Suministros
OP-2026002157;ES8100810000530000000062;4.355.968,70;COP;14/09/2026;Mantenimiento
OP-2026002158;ES6500810000520000000011;508,61;EUR;18/09/2026;Viajes
OP-2026002159;ES8100810000530000000062;963,48;EUR;23/09/2026;Formación
OP-2026002160;ES0420850000100000000072;880,35;USD;15/09/2026;Transporte
OP-2026002161;ES9120850000110000000009;957,15;EUR;15/09/2026;Publicidad
OP-2026002162;ES6000810000540000000100;622,56;EUR;21/09/2026;Nómina
OP-2026002163;ES6500810000520000000011;8.928,94;MXN;15/09/2026;Licencias de software
OP-2026002164;ES8501820000950000000206;932,62;EUR;23/09/2026;Seguros
OP-2026002165;ES8020850000110000000013;1.238,37;EUR;19/09/2026;Material de oficina
OP-2026002166;ES3520850000140000000191;770,72;USD;22/09/2026;Transporte
OP-2026002167;ES6101820000980000000103;681,19;EUR;15/09/2026;Formación
OP-2026002168;ES3621000000630000000043;1.154,22;EUR;23/09/2026;Mantenimiento
OP-2026002169;ES3401820000930000000058;767,16;EUR;16/09/2026;Comisiones
OP-2026002170;ES0301820000920000000180;710,67;EUR;20/09/2026;Licencias de software
OP-2026002171;ES7320850000190000000038;859,64;EUR;18/09/2026;Nómina
OP-2026002172;ES5400810000540000000208;1.073,21;EUR;14/09/2026;Seguros
OP-2026002173;ES6520850000110000000089;4.937.267,57;COP;20/09/2026;Material de oficina
OP-2026002174;ES1320850000160000000198;3.439.828,40;COP;26/09/2026;Viajes
OP-2026002175;ES1801820000950000000054;674,96;EUR;27/09/2026;Licencias de software
OP-2026002176;ES6300490000040000000212;1.080,26;USD;23/09/2026;Formación
OP-2026002177;ES9121000000610000000218;857,55;EUR;26/09/2026;Suministros
OP-2026002178;ES1501280000160000000052;768,29;EUR;25/09/2026;Nómina
OP-2026002179;ES8700810000550000000244;631,93;EUR;26/09/2026;Proveedor
OP-2026002180;ES9001280000150000000109;16.045,09;MXN;15/09/2026;Proveedor
OP-2026002181;ES0200490000090000000192;911,17;USD;26/09/2026;Transporte
OP-2026002182;ES5900490000010000000237;3.640.641,26;COP;23/09/2026;Comisiones
OP-2026002183;ES3401280000180000000097;1.001,49;USD;13/09/2026;Comisiones
OP-2026002184;ES7701820000960000000107;803,44;USD;14/09/2026;Proveedor
OP-2026002185;ES1801820000950000000054;645,46;EUR;19/09/2026;Viajes
OP-2026002186;ES1200490000020000000161;1.025,04;EUR;13/09/2026;Viajes
OP-2026002187;ES6701280000160000000086;3.420.049,26;COP;13/09/2026;Suministros
OP-2026002188;ES2101820000910000000002;708,27;USD;23/09/2026;Suministros
OP-2026002189;ES4621000000680000000200;946,82;USD;17/09/2026;Formación
OP-2026002190;ES5600810000510000000028;14.540,34;MXN;25/09/2026;Publicidad
OP-2026002191;ES0621000000690000000095;15.503,04;MXN;20/09/2026;Viajes
OP-2026002192;ES8020850000110000000207;877,03;EUR;23/09/2026;Publicidad
OP-2026002193;ES8100810000530000000062;17.190,95;MXN;25/09/2026;Mantenimiento
OP-2026002194;ES2401820000970000000139;784,20;EUR;19/09/2026;Transporte
OP-2026002195;ES4500810000510000000032;671,92;EUR;13/09/2026;Comisiones
OP-2026002196;ES7301820000910000000230;1.141,04;EUR;18/09/2026;Seguros
OP-2026002197;ES0600490000090000000120;6.372,85;MXN;17/09/2026;Licencias de software
OP-2026002198;ES8121000000680000000249;491,31;USD;27/09/2026;Transporte
OP-2026002199;ES3400810000530000000229;1.184,06;EUR;19/09/2026;Publicidad
OP-2026002200;ES7501280000150000000088;1.024,76;USD;18/09/2026;Suministros
OP-2026002201;ES5401280000160000000029;705,70;EUR;23/09/2026;Comisiones
OP-2026002202;ES4521000000690000000169;16.905,29;MXN;13/09/2026;Proveedor
OP-2026002203;ES0301820000920000000180;825,93;EUR;23/09/2026;Nómina
OP-2026002204;ES7600810000550000000151;865,41;EUR;25/09/2026;Material de oficina
OP-2026002205;ES7801280000160000000179;815,05;EUR;13/09/2026;Suministros
OP-2026002206;ES7420850000140000000168;939,54;EUR;25/09/2026;Nómina
OP-2026002207;ES4521000000690000000169;991,24;EUR;21/09/2026;Transporte
OP-2026002208;ES3900810000540000000187;784,05;USD;16/09/2026;Seguros
OP-2026002209;ES5501280000110000000159;801,46;EUR;19/09/2026;Publicidad
OP-2026002210;ES3120850000150000000020;630,79;EUR;17/09/2026;Publicidad
OP-2026002211;ES1800810000550000000225;1.293,61;USD;23/09/2026;Nómina
OP-2026002212;ES2520850000180000000078;1.009,16;EUR;21/09/2026;Licencias de software
OP-2026002213;ES9201280000120000000220;3.946.377,86;COP;27/09/2026;Alquiler
OP-2026002214;ES1520850000100000000068;813,30;EUR;15/09/2026;Suministros
OP-2026002215;ES4601280000170000000027;992,25;EUR;15/09/2026;Formación
OP-2026002216;ES1800810000550000000225;3.593.238,43;COP;14/09/2026;Publicidad
OP-2026002217;ES5900810000520000000216;883,99;EUR;16/09/2026;Proveedor
OP-2026002218;ES9320850000110000000167;513,02;EUR;24/09/2026;Proveedor
OP-2026002219;ES7300810000540000000060;873,13;EUR;26/09/2026;Mantenimiento
OP-2026002220;ES2401820000970000000139;3.998.473,32;COP;24/09/2026;Comisiones
OP-2026002221;ES0920850000170000000124;2.715.922,55;COP;18/09/2026;Material de oficina
OP-2026002222;ES2921000000680000000118;2.906.064,89;COP;13/09/2026;Formación
OP-2026002223;ES6101820000980000000103;14.917,49;MXN;19/09/2026;Seguros
OP-2026002224;ES9600810000560000000130;3.534.838,04;COP;14/09/2026;Publicidad
OP-2026002225;ES8001280000130000000096;2.814.903,99;COP;25/09/2026;Material de oficina
OP-2026002226;ES9400810000590000000213;655,99;USD;18/09/2026;Servicios profesionales
OP-2026002227;ES3500810000580000000160;905,91;EUR;20/09/2026;Nómina
OP-2026002228;ES3721000000670000000217;3.635.294,41;COP;20/09/2026;Material de oficina
OP-2026002229;ES1200810000560000000090;1.140,11;USD;14/09/2026;Formación
OP-2026002230;ES6620850000150000000069;5.799.658,42;COP;15/09/2026;Alquiler
OP-2026002231;ES9100490000070000000240;17.426,27;MXN;22/09/2026;Licencias de software
OP-2026002232;ES1100490000070000000031;1.062,85;EUR;20/09/2026;Transporte
OP-2026002233;ES5121000000690000000061;897,90;EUR;23/09/2026;Servicios profesionales
OP-2026002234;ES9821000000680000000137;13.974,19;MXN;23/09/2026;Suministros
OP-2026002235;ES4221000000680000000175;811,57;EUR;20/09/2026;Licencias de software
OP-2026002236;ES6320850000140000000075;2.772.784,37;COP;21/09/2026;Transporte
OP-2026002237;ES1820850000180000000010;894,12;EUR;26/09/2026;Mantenimiento
OP-2026002238;ES5600810000510000000028;788,86;USD;22/09/2026;Transporte
OP-2026002239;ES2720850000120000000045;715,44;EUR;20/09/2026;Material de oficina
OP-2026002240;ES0620850000190000000080;614,61;EUR;20/09/2026;Transporte
OP-2026002241;ES7900810000560000000048;4.512.321,26;COP;13/09/2026;Transporte
OP-2026002242;ES3401820000930000000058;728,12;USD;21/09/2026;Servicios profesionales
OP-2026002243;ES3221000000600000000165;1.351,80;EUR;19/09/2026;Formación
OP-2026002244;ES7120850000130000000174;889,78;EUR;13/09/2026;Publicidad
OP-2026002245;ES5800490000060000000204;3.622.857,65;COP;25/09/2026;Suministros
OP-2026002246;ES7521000000610000000021;875,21;USD;20/09/2026;Licencias de software
OP-2026002247;ES4220850000180000000063;506,10;EUR;14/09/2026;Alquiler
OP-2026002248;ES1301820000970000000046;802,23;EUR;13/09/2026;Servicios profesionales
OP-2026002249;ES4000810000560000000071;24.234,97;MXN;19/09/2026;Mantenimiento
OP-2026002250;ES9120850000140000000250;19.315,71;MXN;17/09/2026;Formación
OP-2026002251;ES8121000000680000000249;847,96;EUR;25/09/2026;Seguros
OP-2026002252;ES6000810000540000000100;814,37;EUR;15/09/2026;Seguros
OP-2026002253;ES7401280000170000000202;1.202,13;USD;25/09/2026;Transporte
OP-2026002254;ES0620850000190000000080;1.119,50;EUR;24/09/2026;Publicidad
OP-2026002255;ES4700810000510000000093;877,04;EUR;24/09/2026;Transporte
OP-2026002256;ES2401820000970000000139;1.279,08;EUR;24/09/2026;Formación
OP-2026002257;ES9600810000560000000130;1.326,87;EUR;23/09/2026;Viajes
OP-2026002258;ES0301820000920000000180;780,31;EUR;27/09/2026;Mantenimiento
OP-2026002259;ES5621000000640000000022;18.667,92;MXN;25/09/2026;Suministros
OP-2026002260;ES7500810000510000000074;991,24;EUR;21/09/2026;Servicios profesionales
OP-2026002261;ES3421000000660000000223;3.648.040,50;COP;20/09/2026;Transporte
OP-2026002262;ES6000810000540000000100;1.190,39;USD;24/09/2026;Material de oficina
OP-2026002263;ES7420850000140000000168;21.206,36;MXN;27/09/2026;Material de oficina
OP-2026002264;ES5621000000640000000022;1.296,84;EUR;27/09/2026;Proveedor
OP-2026002265;ES8401820000910000000226;1.284,74;EUR;15/09/2026;Nómina
OP-2026002266;ES2401820000970000000139;950,44;EUR;22/09/2026;Nómina
OP-2026002267;ES1200810000560000000090;11.491,12;MXN;24/09/2026;Comisiones
OP-2026002268;ES6701280000130000000136;618,56;EUR;20/09/2026;Publicidad
OP-2026002269;ES4000490000050000000092;456,39;EUR;19/09/2026;Comisiones
OP-2026002270;ES2701280000110000000178;1.326,99;EUR;17/09/2026;Mantenimiento
OP-2026002271;ES1420850000150000000132;1.041,45;EUR;26/09/2026;Licencias de software
OP-2026002272;ES6701820000910000000047;11.946,10;MXN;27/09/2026;Proveedor
OP-2026002273;ES4721000000610000000040;933,93;EUR;17/09/2026;Licencias de software
OP-2026002274;ES8620850000160000000145;728,04;EUR;13/09/2026;Publicidad
OP-2026002275;ES5300810000500000000131;1.095,80;EUR;19/09/2026;Proveedor
OP-2026002276;ES4521000000690000000169;6.611,75;MXN;14/09/2026;Proveedor
OP-2026002277;ES5901280000170000000084;1.166,99;USD;21/09/2026;Licencias de software
OP-2026002278;ES0220850000100000000205;814,10;USD;14/09/2026;Seguros
OP-2026002279;ES7221000000620000000026;1.184,52;USD;25/09/2026;Licencias de software
OP-2026002280;ES4800490000040000000094;19.814,54;MXN;21/09/2026;Mantenimiento
OP-2026002281;ES4300810000570000000065;1.107,36;EUR;24/09/2026;Licencias de software
OP-2026002282;ES9720850000160000000238;17.474,40;MXN;21/09/2026;Transporte
OP-2026002283;ES6920850000110000000211;919,37;USD;13/09/2026;Servicios profesionales
OP-2026002284;ES5600810000510000000125;773,42;EUR;20/09/2026;Mantenimiento
OP-2026002285;ES2101820000910000000002;837,15;EUR;16/09/2026;Alquiler
OP-2026002286;ES8401820000910000000226;3.403.152,13;COP;18/09/2026;Suministros
OP-2026002287;ES5401280000160000000029;860,79;USD;19/09/2026;Suministros
OP-2026002288;ES7120850000100000000224;814,11;EUR;26/09/2026;Suministros
OP-2026002289;ES0220850000100000000108;51.658,64;USD;16/09/2026;Compra extraordinaria
OP-2026002290;ES8901280000110000000129;734,50;EUR;22/09/2026;Transporte
OP-2026002291;ES7320850000190000000135;837,46;EUR;24/09/2026;Material de oficina
OP-2026002292;ES6501820000970000000177;828,19;EUR;22/09/2026;Publicidad
OP-2026002293;ES5001280000130000000248;1.031,09;EUR;19/09/2026;Servicios profesionales
OP-2026002294;ES7520850000130000000102;504,60;EUR;25/09/2026;Suministros
OP-2026002295;ES1420850000150000000132;18.665,68;MXN;25/09/2026;Comisiones
OP-2026002296;ES7120850000130000000174;3.367.198,00;COP;27/09/2026;Mantenimiento
OP-2026002297;ES9420850000180000000194;918,38;USD;17/09/2026;Proveedor
OP-2026002298;ES9401820000990000000042;3.964.619,79;COP;20/09/2026;Seguros
OP-2026002299;ES7301820000910000000230;849,75;USD;26/09/2026;Formación
OP-2026002300;ES7900810000560000000048;17.955,42;MXN;13/09/2026;Comisiones
OP-2026002301;ES7521000000610000000021;826,29;EUR;13/09/2026;Nómina
OP-2026002302;ES0200490000090000000192;1.025,08;EUR;21/09/2026;Seguros
OP-2026002303;ES5100810000560000000067;582,93;EUR;21/09/2026;Nómina
OP-2026002304;ES3401820000930000000058;891,71;USD;22/09/2026;Comisiones
OP-2026002305;ES5300810000500000000131;976,52;EUR;26/09/2026;Formación
OP-2026002306;ES7620850000110000000085;784,47;EUR;22/09/2026;Nómina
OP-2026002307;ES2720850000120000000045;394,75;EUR;27/09/2026;Publicidad
OP-2026002308;ES4700810000510000000093;963,04;EUR;22/09/2026;Material de oficina
OP-2026002309;ES4601280000170000000027;19.201,93;MXN;19/09/2026;Licencias de software
OP-2026002310;ES9101280000130000000189;693,03;USD;25/09/2026;Alquiler
OP-2026002311;ES0220850000100000000205;439,92;EUR;17/09/2026;Material de oficina
OP-2026002312;ES0420850000100000000072;16.563,06;MXN;19/09/2026;Seguros
OP-2026002313;ES1501280000160000000052;868,24;EUR;27/09/2026;Seguros
OP-2026002314;ES7501280000150000000088;1.255,99;EUR;21/09/2026;Material de oficina
OP-2026002315;ES5300810000500000000131;1.028,80;USD;16/09/2026;Servicios profesionales
OP-2026002316;ES5701820000950000000128;861,52;EUR;14/09/2026;Publicidad
OP-2026002317;ES9821000000680000000137;1.192,94;EUR;23/09/2026;Viajes
OP-2026002318;ES9001280000150000000109;1.117,14;EUR;19/09/2026;Alquiler
OP-2026002319;ES5100810000560000000067;448,52;EUR;22/09/2026;Alquiler
OP-2026002320;ES3220850000100000000053;18.776,77;MXN;21/09/2026;Nómina
OP-2026002321;ES7920850000120000000176;817,73;USD;22/09/2026;Formación
OP-2026002322;ES2701280000110000000178;795,53;EUR;22/09/2026;Nómina
OP-2026002323;ES7300810000540000000060;919,30;USD;13/09/2026;Formación
OP-2026002324;ES4300810000570000000065;646,34;EUR;19/09/2026;Seguros
OP-2026002325;ES4600810000580000000059;17.605,52;MXN;15/09/2026;Seguros
OP-2026002326;ES1820850000180000000010;905,84;EUR;23/09/2026;Licencias de software
OP-2026002327;ES2720850000120000000045;1.103,23;EUR;13/09/2026;Servicios profesionales
OP-2026002328;ES3820850000120000000235;17.882,21;MXN;15/09/2026;Suministros
OP-2026002329;ES7501820000900000000146;506,47;EUR;21/09/2026;Proveedor
OP-2026002330;ES8021000000610000000222;19.626,96;MXN;17/09/2026;Servicios profesionales
OP-2026002331;ES0500490000070000000236;1.208,86;EUR;26/09/2026;Publicidad
OP-2026002332;ES3820850000150000000185;713,85;EUR;25/09/2026;Mantenimiento
OP-2026002333;ES0500490000070000000236;2.857.141,26;COP;17/09/2026;Material de oficina
OP-2026002334;ES8901280000110000000129;11.677,59;MXN;16/09/2026;Viajes
OP-2026002335;ES1200810000530000000140;781,60;EUR;21/09/2026;Formación
OP-2026002336;ES2421000000610000000163;1.331,60;EUR;19/09/2026;Mantenimiento
OP-2026002337;ES3600810000530000000193;670,77;EUR;16/09/2026;Suministros
OP-2026002338;ES5401280000160000000029;1.164,44;EUR;19/09/2026;Comisiones
OP-2026002339;ES9420850000180000000194;1.043,39;EUR;16/09/2026;Servicios profesionales
OP-2026002340;ES6600810000500000000091;9.170,33;MXN;22/09/2026;Servicios profesionales
OP-2026002341;ES0301820000920000000180;640,48;EUR;21/09/2026;Nómina
OP-2026002342;ES7600810000520000000201;1.489,20;USD;21/09/2026;Formación
OP-2026002343;ES7101280000160000000014;2.847.557,30;COP;21/09/2026;Seguros
OP-2026002344;ES3900810000540000000187;1.010,10;EUR;21/09/2026;Transporte
OP-2026002345;ES1801820000950000000054;1.406,11;EUR;21/09/2026;Alquiler
OP-2026002346;ES7600810000520000000201;794,87;EUR;17/09/2026;Alquiler
OP-2026002347;ES3601820000990000000116;3.423.057,06;COP;22/09/2026;Nómina
OP-2026002348;ES8001280000130000000096;1.048,13;EUR;25/09/2026;Material de oficina
OP-2026002349;ES8700810000550000000244;601,94;EUR;20/09/2026;Seguros
OP-2026002350;ES8401820000910000000226;954,98;USD;14/09/2026;Nómina
OP-2026002351;ES3400810000510000000036;501,12;EUR;14/09/2026;Publicidad
OP-2026002352;ES7520850000130000000102;979,59;EUR;14/09/2026;Transporte
OP-2026002353;ES9821000000680000000137;928,32;EUR;16/09/2026;Suministros
OP-2026002354;ES2620850000170000000012;755,71;EUR;27/09/2026;Publicidad
OP-2026002355;ES5621000000640000000022;834,41;EUR;26/09/2026;Suministros
OP-2026002356;ES5121000000690000000061;3.657.346,07;COP;13/09/2026;Seguros
OP-2026002357;ES6500810000520000000011;1.203,44;USD;18/09/2026;Formación
OP-2026002358;ES6701280000130000000136;556,24;USD;19/09/2026;Nómina
OP-2026002359;ES7920850000120000000176;526,77;EUR;24/09/2026;Licencias de software
OP-2026002360;ES3801820000960000000033;1.044,02;EUR;20/09/2026;Publicidad
OP-2026002361;ES1200810000560000000090;2.688.951,29;COP;27/09/2026;Material de oficina
OP-2026002362;ES4700810000510000000093;715,73;USD;22/09/2026;Comisiones
OP-2026002363;ES9500810000540000000149;862,78;EUR;14/09/2026;Comisiones
OP-2026002364;ES7201280000110000000144;813,30;EUR;20/09/2026;Comisiones
OP-2026002365;ES7300490000030000000081;1.198,60;EUR;19/09/2026;Suministros
OP-2026002366;ES9321000000610000000182;906,22;EUR;16/09/2026;Suministros
OP-2026002367;ES6901280000100000000150;612,92;USD;14/09/2026;Mantenimiento
OP-2026002368;ES4621000000680000000006;659,66;USD;13/09/2026;Material de oficina
OP-2026002369;ES2721000000620000000157;788,32;USD;27/09/2026;Comisiones
OP-2026002370;ES4700810000510000000093;1.136,65;USD;24/09/2026;Mantenimiento
OP-2026002371;ES8121000000680000000249;682,67;USD;16/09/2026;Alquiler
OP-2026002372;ES7520850000130000000102;950,83;EUR;24/09/2026;Formación
OP-2026002373;ES3500490000070000000181;280,41;EUR;23/09/2026;Servicios profesionales
OP-2026002374;ES3021000000610000000055;542,46;EUR;13/09/2026;Material de oficina
OP-2026002375;ES8100810000500000000112;913,47;EUR;21/09/2026;Suministros
OP-2026002376;ES5400810000540000000208;1.261,67;USD;17/09/2026;Formación
OP-2026002377;ES3101280000140000000056;499,72;EUR;13/09/2026;Nómina
OP-2026002378;ES4801280000140000000041;11.451,83;MXN;19/09/2026;Viajes
OP-2026002379;ES6701820000910000000047;886,54;USD;21/09/2026;Servicios profesionales
OP-2026002380;ES9401820000990000000042;618,00;EUR;14/09/2026;Publicidad
OP-2026002381;ES9200810000530000000155;1.186,36;USD;19/09/2026;Formación
OP-2026002382;ES3421000000660000000223;648,51;USD;20/09/2026;Mantenimiento
OP-2026002383;ES9500810000540000000149;1.826.062,46;COP;26/09/2026;Alquiler
OP-2026002384;ES2501820000990000000023;1.049,95;EUR;27/09/2026;Seguros
OP-2026002385;ES8700810000550000000244;1.287,56;EUR;15/09/2026;Alquiler
OP-2026002386;ES3120850000150000000020;330,91;EUR;20/09/2026;Nómina
OP-2026002387;ES0220850000100000000108;9.259,85;MXN;23/09/2026;Proveedor
OP-2026002388;ES9821000000680000000137;951,98;EUR;24/09/2026;Material de oficina
OP-2026002389;ES2721000000620000000157;813,00;USD;18/09/2026;Nómina
OP-2026002390;ES7300810000540000000060;7.826,97;MXN;21/09/2026;Servicios profesionales
OP-2026002391;ES7120850000130000000077;856,13;EUR;24/09/2026;Nómina
OP-2026002392;ES5800490000060000000204;946,09;USD;27/09/2026;Licencias de software
OP-2026002393;ES3900810000540000000187;796,91;EUR;14/09/2026;Publicidad
OP-2026002394;ES8600810000510000000070;588,58;EUR;23/09/2026;Suministros
OP-2026002395;ES3220850000100000000053;888,99;EUR;17/09/2026;Suministros
OP-2026002396;ES3101280000140000000153;899,25;USD;26/09/2026;Licencias de software
OP-2026002397;ES6400490000020000000195;777,20;EUR;21/09/2026;Viajes
OP-2026002398;ES4101820000970000000221;542,87;EUR;13/09/2026;Mantenimiento
OP-2026002399;ES7120850000100000000224;855,67;EUR;17/09/2026;Formación
OP-2026002400;ES8701820000950000000073;1.229,23;EUR;22/09/2026;Transporte
OP-2026002401;ES5701820000950000000128;1.123,29;EUR;15/09/2026;Formación
OP-2026002402;ES9100490000070000000240;1.010,50;USD;27/09/2026;Alquiler
OP-2026002403;ES7701820000990000000057;23.805,80;MXN;18/09/2026;Suministros
OP-2026002404;ES6720850000140000000003;665,24;EUR;25/09/2026;Comisiones
OP-2026002405;ES5901280000140000000037;1.058,41;EUR;15/09/2026;Servicios profesionales
OP-2026002406;ES3101280000140000000153;563,26;EUR;21/09/2026;Suministros
OP-2026002407;ES6200810000510000000114;784,78;EUR;14/09/2026;Formación
OP-2026002408;ES7501820000900000000243;1.054,02;USD;21/09/2026;Licencias de software
OP-2026002409;ES9500810000540000000149;1.148,40;USD;22/09/2026;Licencias de software
OP-2026002410;ES1501280000130000000005;861,75;EUR;15/09/2026;Comisiones
OP-2026002411;ES3021000000610000000055;525,83;EUR;22/09/2026;Proveedor
OP-2026002412;ES4521000000690000000169;939,58;EUR;23/09/2026;Proveedor
OP-2026002413;ES3720850000170000000008;936,84;USD;13/09/2026;Comisiones
OP-2026002414;ES3520850000140000000191;550,84;EUR;20/09/2026;Formación
OP-2026002415;ES7120850000130000000174;638,72;EUR;26/09/2026;Alquiler
OP-2026002416;ES4400810000520000000098;1.056,96;USD;15/09/2026;Seguros
OP-2026002417;ES4800810000520000000123;17.551,46;MXN;13/09/2026;Servicios profesionales
OP-2026002418;ES5401280000160000000029;684,46;EUR;14/09/2026;Transporte
OP-2026002419;ES3520850000140000000191;788,76;EUR;14/09/2026;Material de oficina
OP-2026002420;ES9821000000680000000137;450,64;EUR;27/09/2026;Material de oficina
OP-2026002421;ES6701280000130000000039;809,68;EUR;18/09/2026;Proveedor
OP-2026002422;ES4600810000580000000059;12.626,39;MXN;16/09/2026;Nómina
OP-2026002423;ES6000810000540000000100;734,35;EUR;14/09/2026;Servicios profesionales
OP-2026002424;ES8121000000680000000249;439,99;EUR;16/09/2026;Transporte
OP-2026002425;ES1200810000560000000090;968,38;EUR;20/09/2026;Mantenimiento
OP-2026002426;ES0621000000690000000095;16.510,24;MXN;14/09/2026;Alquiler
OP-2026002427;ES9400810000590000000213;493,67;USD;17/09/2026;Nómina
OP-2026002428;ES4601280000170000000027;1.144,20;EUR;22/09/2026;Suministros
OP-2026002429;ES8701820000950000000073;1.249,12;USD;16/09/2026;Transporte
OP-2026002430;ES6600810000590000000232;11.129,78;MXN;13/09/2026;Proveedor
OP-2026002431;ES4601280000170000000027;438,59;EUR;23/09/2026;Servicios profesionales
OP-2026002432;ES5701820000950000000128;738,30;USD;16/09/2026;Proveedor
OP-2026002433;ES1200490000020000000161;4.179.718,23;COP;13/09/2026;Material de oficina
OP-2026002434;ES9500490000010000000171;10.250,90;MXN;20/09/2026;Mantenimiento
OP-2026002435;ES8120850000180000000234;968,53;EUR;25/09/2026;Licencias de software
OP-2026002436;ES5400810000540000000208;697,77;EUR;20/09/2026;Licencias de software
OP-2026002437;ES8620850000160000000145;1.102,15;USD;17/09/2026;Mantenimiento
OP-2026002438;ES7120850000130000000077;448,06;EUR;19/09/2026;Mantenimiento
OP-2026002439;ES6000810000540000000100;932,11;USD;20/09/2026;Transporte
OP-2026002440;ES3601820000990000000116;750,67;USD;15/09/2026;Alquiler
OP-2026002441;ES3021000000610000000152;936,91;EUR;13/09/2026;Comisiones
OP-2026002442;ES5701820000950000000128;17.807,55;MXN;22/09/2026;Formación
OP-2026002443;ES6101280000110000000051;1.016,76;EUR;27/09/2026;Licencias de software
OP-2026002444;ES6901280000100000000150;24.443,36;MXN;20/09/2026;Formación
OP-2026002445;ES9400810000590000000213;791,52;USD;21/09/2026;Material de oficina
OP-2026002446;ES1200810000530000000140;4.229.785,95;COP;22/09/2026;Alquiler
OP-2026002447;ES6901280000100000000150;997,36;USD;19/09/2026;Mantenimiento
OP-2026002448;ES3421000000690000000173;15.796,61;MXN;24/09/2026;Viajes
OP-2026002449;ES9200810000530000000155;878,35;EUR;25/09/2026;Transporte
OP-2026002450;ES6421000000630000000024;783,55;EUR;14/09/2026;Suministros
OP-2026002451;ES6201820000960000000183;792,41;EUR;18/09/2026;Formación
OP-2026002452;ES4220850000150000000016;762,03;EUR;26/09/2026;Transporte
OP-2026002453;ES0600490000090000000120;10.569,54;MXN;21/09/2026;Material de oficina
OP-2026002454;ES7301820000910000000230;953,42;USD;16/09/2026;Suministros
OP-2026002455;ES9100810000580000000025;915,70;EUR;21/09/2026;Suministros
OP-2026002456;ES3820850000150000000185;600,93;USD;18/09/2026;Proveedor
OP-2026002457;ES5900810000550000000166;1.290,30;EUR;27/09/2026;Licencias de software
OP-2026002458;ES8100810000530000000062;2.597.094,17;COP;23/09/2026;Licencias de software
OP-2026002459;ES4101820000970000000221;11.578,02;MXN;15/09/2026;Servicios profesionales
OP-2026002460;ES7120850000100000000224;1.212,15;EUR;23/09/2026;Seguros
OP-2026002461;ES4000490000050000000092;744,28;EUR;24/09/2026;Formación
OP-2026002462;ES9100490000070000000240;479,28;EUR;24/09/2026;Suministros
OP-2026002463;ES2520850000180000000078;1.016,42;EUR;22/09/2026;Licencias de software
OP-2026002464;ES7521000000660000000164;3.348.623,88;COP;18/09/2026;Proveedor
OP-2026002465;ES1200810000530000000140;810,00;EUR;14/09/2026;Servicios profesionales
OP-2026002466;ES0200490000090000000192;445,45;EUR;21/09/2026;Formación
OP-2026002467;ES7600810000520000000201;976,56;EUR;17/09/2026;Mantenimiento
OP-2026002468;ES4101820000970000000221;4.169.147,90;COP;21/09/2026;Seguros
OP-2026002469;ES6920850000110000000211;1.132,77;EUR;17/09/2026;Material de oficina
OP-2026002470;ES5600810000510000000125;18.326,57;MXN;16/09/2026;Material de oficina
OP-2026002471;ES9201820000900000000034;882,64;EUR;19/09/2026;Viajes
OP-2026002472;ES8320850000120000000104;1.100,17;EUR;19/09/2026;Nómina
OP-2026002473;ES9420850000180000000194;720,62;EUR;16/09/2026;Alquiler
OP-2026002474;ES1200490000020000000161;417,00;USD;15/09/2026;Transporte
OP-2026002475;ES9620850000120000000064;1.022,68;USD;16/09/2026;Publicidad
OP-2026002476;ES6300490000040000000212;773,30;EUR;17/09/2026;Alquiler
OP-2026002477;ES3120850000150000000020;918,87;EUR;13/09/2026;Viajes
OP-2026002478;ES2401280000100000000184;781,83;USD;13/09/2026;Seguros
OP-2026002479;ES2121000000690000000019;721,31;EUR;22/09/2026;Formación
OP-2026002480;ES3421000000690000000173;856,40;USD;15/09/2026;Comisiones
OP-2026002481;ES5420850000100000000239;838,40;EUR;25/09/2026;Publicidad
OP-2026002482;ES4601280000170000000027;519,01;EUR;20/09/2026;Comisiones
OP-2026002483;ES6200810000510000000114;881,98;USD;13/09/2026;Viajes
OP-2026002484;ES3021000000610000000055;1.294,09;USD;27/09/2026;Transporte
OP-2026002485;ES9001820000930000000117;779,67;USD;23/09/2026;Seguros
OP-2026002486;ES4621000000680000000200;636,33;USD;16/09/2026;Comisiones
OP-2026002487;ES7501280000150000000088;996,22;EUR;26/09/2026;Proveedor
OP-2026002488;ES8501820000980000000156;837,80;USD;24/09/2026;Viajes
OP-2026002489;ES4500810000510000000032;956,73;EUR;22/09/2026;Suministros
OP-2026002490;ES4901820000960000000126;648,02;USD;21/09/2026;Alquiler
OP-2026002491;ES3400810000510000000133;715,21;EUR;23/09/2026;Formación
OP-2026002492;ES7101280000160000000111;885,45;EUR;14/09/2026;Mantenimiento
OP-2026002493;ES7120850000130000000174;369,70;USD;24/09/2026;Mantenimiento
OP-2026002494;ES6901280000100000000150;942,57;USD;14/09/2026;Mantenimiento
OP-2026002495;ES6701820000910000000047;900,52;EUR;22/09/2026;Publicidad
OP-2026002496;ES0701280000170000000050;910,72;EUR;23/09/2026;Transporte
OP-2026002497;ES6600810000590000000232;16.652,23;MXN;15/09/2026;Mantenimiento
OP-2026002498;ES7101280000160000000014;1.182,02;USD;13/09/2026;Alquiler
OP-2026002499;ES9001280000150000000109;21.635,81;MXN;15/09/2026;Formación
OP-2026002500;ES8020850000110000000110;3.724.021,37;COP;23/09/2026;Seguros
OP-2026002501;ES6000810000540000000100;1.421.709,97;COP;16/09/2026;Material de oficina
OP-2026002502;ES7520850000130000000102;1.075,88;USD;26/09/2026;Publicidad
OP-2026002503;ES8721000000680000000141;865,09;EUR;27/09/2026;Formación
OP-2026002504;ES4800490000040000000094;11.084,35;MXN;21/09/2026;Material de oficina
OP-2026002505;ES4521000000690000000169;1.050,86;EUR;25/09/2026;Comisiones
OP-2026002506;ES2701280000110000000178;11.923,90;MXN;22/09/2026;Publicidad
OP-2026002507;ES8020850000110000000207;704,90;EUR;18/09/2026;Viajes
OP-2026002508;ES7520850000130000000102;18.897,29;MXN;23/09/2026;Nómina
OP-2026002509;ES0621000000690000000095;18.930,46;MXN;25/09/2026;Nómina
OP-2026002510;ES7501820000900000000243;999,51;USD;27/09/2026;Servicios profesionales
OP-2026002511;ES2420850000110000000245;965,82;EUR;23/09/2026;Seguros
OP-2026002512;ES6600810000590000000232;872,05;EUR;22/09/2026;Viajes
OP-2026002513;ES5621000000640000000022;943,10;EUR;20/09/2026;Servicios profesionales
OP-2026002514;ES5900490000010000000237;564,74;USD;19/09/2026;Viajes
OP-2026002515;ES1501280000130000000005;1.031,92;EUR;26/09/2026;Mantenimiento
OP-2026002516;ES6400490000020000000195;621,51;EUR;13/09/2026;Viajes
OP-2026002517;ES0420850000100000000072;1.102,08;USD;27/09/2026;Suministros
OP-2026002518;ES8620850000160000000242;669,57;EUR;21/09/2026;Nómina
OP-2026002519;ES7020850000180000000044;3.912.954,40;COP;15/09/2026;Transporte
OP-2026002520;ES7600490000040000000172;941,17;EUR;21/09/2026;Formación
OP-2026002521;ES6200810000510000000114;760,75;EUR;18/09/2026;Seguros
OP-2026002522;ES5121000000690000000061;823,73;USD;13/09/2026;Seguros
OP-2026002523;ES3701280000190000000188;680,97;USD;13/09/2026;Suministros
OP-2026002524;ES7701820000960000000107;4.143.861,44;COP;23/09/2026;Formación
OP-2026002525;ES1520850000100000000068;613,19;EUR;22/09/2026;Proveedor
OP-2026002526;ES4201280000170000000099;793,22;USD;20/09/2026;Servicios profesionales
OP-2026002527;ES9321000000610000000182;17.874,34;MXN;25/09/2026;Servicios profesionales
OP-2026002528;ES8020850000110000000110;735,56;EUR;20/09/2026;Material de oficina
OP-2026002529;ES3700490000010000000148;1.193,49;EUR;23/09/2026;Material de oficina
OP-2026002530;ES1501280000130000000005;1.053,35;EUR;21/09/2026;Publicidad
OP-2026002531;ES3101280000140000000153;15.218,42;MXN;17/09/2026;Servicios profesionales
OP-2026002532;ES6620850000150000000069;657,53;EUR;22/09/2026;Formación
OP-2026002533;ES5800490000060000000204;837,49;USD;16/09/2026;Publicidad
OP-2026002534;ES4800490000040000000094;735,91;USD;15/09/2026;Licencias de software
OP-2026002535;ES4101820000970000000221;863,56;EUR;24/09/2026;Licencias de software
OP-2026002536;ES4521000000690000000169;962,61;EUR;22/09/2026;Material de oficina
OP-2026002537;ES0920850000170000000124;889,49;USD;27/09/2026;Seguros
OP-2026002538;ES7101280000160000000111;15.280,17;MXN;17/09/2026;Proveedor
OP-2026002539;ES9321000000610000000182;980,55;USD;17/09/2026;Proveedor
OP-2026002540;ES7320850000190000000038;607,09;EUR;18/09/2026;Licencias de software
OP-2026002541;ES6720850000140000000003;452,88;EUR;13/09/2026;Transporte
OP-2026002542;ES0220850000100000000108;3.868.301,89;COP;25/09/2026;Servicios profesionales
OP-2026002543;ES9120850000140000000250;2.618.290,13;COP;26/09/2026;Publicidad
OP-2026002544;ES3401820000930000000058;771,37;EUR;16/09/2026;Alquiler
OP-2026002545;ES0620850000190000000080;790,75;USD;14/09/2026;Seguros
OP-2026002546;ES1301820000970000000046;14.630,33;MXN;26/09/2026;Formación
OP-2026002547;ES6300490000040000000018;842,41;EUR;21/09/2026;Seguros
OP-2026002548;ES3221000000600000000165;691,10;EUR;17/09/2026;Alquiler
OP-2026002549;ES8600810000510000000070;736,88;EUR;22/09/2026;Mantenimiento
OP-2026002550;ES7120850000100000000224;815,84;EUR;22/09/2026;Material de oficina
OP-2026002551;ES8600810000510000000070;1.056,57;USD;19/09/2026;Material de oficina
OP-2026002552;ES8021000000610000000222;1.177,63;EUR;23/09/2026;Viajes
OP-2026002553;ES3000810000570000000105;877,85;EUR;26/09/2026;Suministros
OP-2026002554;ES4300810000570000000162;978.329,88;MXN;19/09/2026;Compra extraordinaria
OP-2026002555;ES2520850000180000000078;663,53;EUR;27/09/2026;Material de oficina
OP-2026002556;ES6000810000540000000100;828,48;EUR;20/09/2026;Transporte
OP-2026002557;ES6300490000040000000212;898,29;EUR;19/09/2026;Viajes
OP-2026002558;ES6920850000110000000211;1.027,29;EUR;26/09/2026;Publicidad
OP-2026002559;ES7701820000960000000107;17.461,01;MXN;16/09/2026;Material de oficina
OP-2026002560;ES8121000000680000000249;895,37;USD;22/09/2026;Nómina
OP-2026002561;ES7501820000900000000146;577,41;EUR;18/09/2026;Licencias de software
OP-2026002562;ES7120850000100000000224;583,19;EUR;14/09/2026;Servicios profesionales
OP-2026002563;ES7300490000030000000081;820,38;USD;24/09/2026;Licencias de software
OP-2026002564;ES4800490000040000000094;840,35;USD;26/09/2026;Suministros
OP-2026002565;ES6201820000960000000183;1.296,17;USD;26/09/2026;Proveedor
OP-2026002566;ES9500490000010000000171;5.294,45;MXN;23/09/2026;Proveedor
OP-2026002567;ES3721000000670000000217;876,43;EUR;20/09/2026;Suministros
OP-2026002568;ES2401280000100000000184;1.178,69;USD;23/09/2026;Material de oficina
OP-2026002569;ES7001820000920000000138;823,59;EUR;15/09/2026;Formación
OP-2026002570;ES8021000000610000000222;933,45;USD;23/09/2026;Mantenimiento
OP-2026002571;ES5600490000000000000049;863,20;EUR;26/09/2026;Formación
OP-2026002572;ES7420850000140000000168;18.029,48;MXN;22/09/2026;Nómina
OP-2026002573;ES3921000000640000000231;711,14;EUR;19/09/2026;Mantenimiento
OP-2026002574;ES9600810000560000000130;607,40;EUR;17/09/2026;Viajes
OP-2026002575;ES5900810000520000000216;636,74;USD;18/09/2026;Alquiler
OP-2026002576;ES7001820000920000000138;1.274,76;EUR;25/09/2026;Nómina
OP-2026002577;ES1501280000160000000052;16.734,80;MXN;21/09/2026;Seguros
OP-2026002578;ES7621000000650000000001;1.026,25;EUR;20/09/2026;Alquiler
OP-2026002579;ES7101280000160000000014;1.345,33;EUR;27/09/2026;Comisiones
OP-2026002580;ES3120850000150000000020;1.072,51;EUR;21/09/2026;Suministros
OP-2026002581;ES8020850000110000000013;2.716.162,73;COP;27/09/2026;Suministros
OP-2026002582;ES2520850000180000000078;755,67;USD;23/09/2026;Servicios profesionales
OP-2026002583;ES4500810000510000000032;22.211,78;MXN;16/09/2026;Formación
OP-2026002584;ES1500810000540000000134;15.074,52;MXN;25/09/2026;Formación
OP-2026002585;ES7420850000140000000168;699,14;EUR;17/09/2026;Proveedor
OP-2026002586;ES5801280000190000000101;662,64;EUR;15/09/2026;Formación
OP-2026002587;ES3220850000100000000053;757,43;EUR;15/09/2026;Comisiones
OP-2026002588;ES6701280000130000000039;1.247,61;EUR;16/09/2026;Seguros
OP-2026002589;ES8521000000620000000083;973,76;EUR;21/09/2026;Servicios profesionales
OP-2026002590;ES0621000000690000000095;506,16;EUR;24/09/2026;Proveedor
OP-2026002591;ES7221000000620000000026;479,37;EUR;21/09/2026;Transporte
OP-2026002592;ES2700490000080000000082;1.031,34;EUR;13/09/2026;Material de oficina
OP-2026002593;ES7020850000180000000044;785,10;EUR;22/09/2026;Nómina
OP-2026002594;ES2420850000110000000245;1.009,30;USD;16/09/2026;Publicidad
OP-2026002595;ES8020850000110000000110;10.923,58;MXN;13/09/2026;Comisiones
OP-2026002596;ES1501280000160000000052;940,91;EUR;25/09/2026;Comisiones
OP-2026002597;ES3021000000610000000055;1.237,42;USD;17/09/2026;Transporte
OP-2026002598;ES5701820000950000000128;14.302,70;MXN;22/09/2026;Viajes
OP-2026002599;ES3721000000670000000217;448,30;EUR;21/09/2026;Formación
OP-2026002600;ES6500810000520000000011;1.246,63;EUR;17/09/2026;Licencias de software
OP-2026002601;ES5121000000690000000061;755,80;EUR;27/09/2026;Material de oficina
OP-2026002602;ES7120850000100000000224;877,49;EUR;21/09/2026;Transporte
OP-2026002603;ES7001280000140000000227;17.406,48;MXN;14/09/2026;Proveedor
OP-2026002604;ES1501280000130000000005;802,18;EUR;22/09/2026;Formación
OP-2026002605;ES4300810000570000000162;758,91;EUR;20/09/2026;Transporte
OP-2026002606;ES4521000000690000000169;769,91;EUR;19/09/2026;Alquiler
OP-2026002607;ES9201280000120000000220;16.888,52;MXN;24/09/2026;Proveedor
OP-2026002608;ES9720850000160000000238;808,63;EUR;14/09/2026;Seguros
OP-2026002609;ES7320850000190000000038;791,51;USD;26/09/2026;Mantenimiento
OP-2026002610;ES0220850000100000000205;573,30;USD;24/09/2026;Formación
OP-2026002611;ES9201820000900000000034;764,47;EUR;14/09/2026;Formación
OP-2026002612;ES0701280000170000000050;546,96;EUR;22/09/2026;Suministros
OP-2026002613;ES4500810000510000000032;1.024,65;EUR;15/09/2026;Nómina
OP-2026002614;ES7521000000610000000021;931,84;EUR;15/09/2026;Seguros
OP-2026002615;ES9601280000110000000197;1.012,69;EUR;15/09/2026;Nómina
OP-2026002616;ES8620850000160000000242;17.505,69;MXN;19/09/2026;Licencias de software
OP-2026002617;ES7300810000540000000060;401,50;EUR;23/09/2026;Seguros
OP-2026002618;ES1800810000550000000225;766,10;USD;17/09/2026;Licencias de software
OP-2026002619;ES2101820000910000000002;563,39;EUR;19/09/2026;Mantenimiento
OP-2026002620;ES6400490000020000000195;5.276.611,32;COP;21/09/2026;Proveedor
OP-2026002621;ES5400810000540000000208;850,99;EUR;22/09/2026;Mantenimiento
OP-2026002622;ES1801280000170000000143;956,28;EUR;16/09/2026;Comisiones
OP-2026002623;ES1420850000150000000132;968,58;EUR;25/09/2026;Comisiones
OP-2026002624;ES9100810000580000000025;794,40;USD;13/09/2026;Proveedor
OP-2026002625;ES1200490000020000000161;968,92;EUR;17/09/2026;Publicidad
OP-2026002626;ES0800810000590000000209;902,23;EUR;21/09/2026;Licencias de software
OP-2026002627;ES4201280000170000000099;1.031,35;EUR;15/09/2026;Publicidad
OP-2026002628;ES7900810000560000000048;990,87;EUR;23/09/2026;Transporte
OP-2026002629;ES1901820000990000000228;973,34;EUR;20/09/2026;Alquiler
OP-2026002630;ES9001820000930000000117;696,62;EUR;17/09/2026;Comisiones
OP-2026002631;ES8600810000510000000070;1.281,27;USD;15/09/2026;Servicios profesionales
OP-2026002632;ES9320850000110000000167;1.022,22;EUR;16/09/2026;Suministros
OP-2026002633;ES3701280000190000000188;846,96;EUR;21/09/2026;Material de oficina
OP-2026002634;ES8700810000550000000244;857,17;EUR;13/09/2026;Alquiler
OP-2026002635;ES3621000000630000000043;3.692.091,62;COP;24/09/2026;Servicios profesionales
OP-2026002636;ES6600810000500000000091;1.176,23;EUR;23/09/2026;Proveedor
OP-2026002637;ES3400810000510000000036;823,48;EUR;23/09/2026;Formación
OP-2026002638;ES8700810000550000000147;633,34;USD;22/09/2026;Publicidad
OP-2026002639;ES9420850000180000000194;11.912,38;MXN;17/09/2026;Servicios profesionales
OP-2026002640;ES7600810000520000000201;645,13;EUR;22/09/2026;Seguros
OP-2026002641;ES4221000000680000000175;799,89;EUR;20/09/2026;Mantenimiento
OP-2026002642;ES8501820000950000000206;773,71;EUR;17/09/2026;Licencias de software
OP-2026002643;ES5001280000130000000248;14.809,14;MXN;23/09/2026;Servicios profesionales
OP-2026002644;ES6300490000040000000115;1.106,80;EUR;22/09/2026;Material de oficina
OP-2026002645;ES3500490000070000000181;914,64;EUR;17/09/2026;Proveedor
OP-2026002646;ES7120850000130000000077;601,74;EUR;17/09/2026;Formación
OP-2026002647;ES0621000000690000000095;451,42;EUR;23/09/2026;Viajes
OP-2026002648;ES6520850000110000000089;1.222,08;EUR;15/09/2026;Transporte
OP-2026002649;ES7001820000920000000138;700,17;EUR;14/09/2026;Licencias de software
OP-2026002650;ES7600810000520000000201;1.085,56;EUR;17/09/2026;Comisiones
OP-2026002651;ES6600810000500000000091;636,84;EUR;19/09/2026;Transporte
OP-2026002652;ES2300810000530000000233;820,10;EUR;20/09/2026;Material de oficina
OP-2026002653;ES7900810000560000000048;1.301,09;EUR;16/09/2026;Material de oficina
OP-2026002654;ES2620850000170000000012;1.062,03;USD;21/09/2026;Proveedor
OP-2026002655;ES6520850000110000000186;722,30;EUR;17/09/2026;Alquiler
OP-2026002656;ES3721000000670000000217;861,54;USD;18/09/2026;Formación
OP-2026002657;ES4201280000170000000099;862,82;EUR;26/09/2026;Transporte
OP-2026002658;ES2701280000110000000178;656,13;EUR;26/09/2026;Transporte
OP-2026002659;ES0220850000100000000108;634,72;USD;22/09/2026;Transporte
OP-2026002660;ES2921000000680000000215;970,74;EUR;24/09/2026;Servicios profesionales
OP-2026002661;ES9120850000110000000009;10.593,30;MXN;15/09/2026;Viajes
OP-2026002662;ES6300490000040000000018;847,63;EUR;14/09/2026;Transporte
OP-2026002663;ES7101280000160000000014;612,07;USD;17/09/2026;Seguros
OP-2026002664;ES9400810000590000000213;635,08;EUR;14/09/2026;Proveedor
OP-2026002665;ES7801280000160000000179;976,51;EUR;23/09/2026;Suministros
OP-2026002666;ES3120850000150000000020;970,99;EUR;16/09/2026;Comisiones
OP-2026002667;ES1520850000100000000068;981,47;EUR;14/09/2026;Licencias de software
OP-2026002668;ES9120850000140000000250;931,55;EUR;17/09/2026;Alquiler
OP-2026002669;ES8401280000130000000121;1.115,57;USD;22/09/2026;Licencias de software
OP-2026002670;ES2421000000610000000066;903,87;EUR;25/09/2026;Servicios profesionales
OP-2026002671;ES8901280000110000000129;699,10;USD;23/09/2026;Transporte
OP-2026002672;ES0620850000190000000080;943,67;USD;15/09/2026;Viajes
OP-2026002673;ES5800490000060000000204;2.829.151,68;COP;15/09/2026;Servicios profesionales
OP-2026002674;ES4700810000510000000093;2.023.420,21;COP;23/09/2026;Material de oficina
OP-2026002675;ES3700490000010000000148;1.051,12;USD;26/09/2026;Formación
OP-2026002676;ES2401820000970000000139;817,34;USD;19/09/2026;Formación
OP-2026002677;ES7801280000160000000179;758,45;EUR;13/09/2026;Seguros
OP-2026002678;ES3401280000180000000097;731,33;EUR;17/09/2026;Suministros
OP-2026002679;ES2421000000610000000163;564,65;EUR;16/09/2026;Comisiones
OP-2026002680;ES7120850000130000000077;812,91;EUR;23/09/2026;Mantenimiento
OP-2026002681;ES4800490000040000000094;983,65;EUR;13/09/2026;Suministros
OP-2026002682;ES4721000000610000000040;928,15;EUR;24/09/2026;Mantenimiento
OP-2026002683;ES1200810000560000000090;752,96;EUR;14/09/2026;Material de oficina
OP-2026002684;ES9320850000110000000167;668,08;EUR;19/09/2026;Transporte
OP-2026002685;ES8020850000110000000110;13.869,77;MXN;13/09/2026;Seguros
OP-2026002686;ES0701280000170000000050;953,79;EUR;23/09/2026;Servicios profesionales
OP-2026002687;ES0920850000170000000124;1.173,20;EUR;18/09/2026;Licencias de software
OP-2026002688;ES9620850000120000000064;7.226,94;MXN;15/09/2026;Proveedor
OP-2026002689;ES8501820000950000000206;1.126,11;EUR;18/09/2026;Comisiones
OP-2026002690;ES0301820000920000000180;680,81;EUR;23/09/2026;Proveedor
OP-2026002691;ES7601820000920000000030;585,49;EUR;16/09/2026;Licencias de software
OP-2026002692;ES6101820000980000000103;1.388,88;USD;21/09/2026;Formación
OP-2026002693;ES4000810000560000000071;948,09;EUR;19/09/2026;Publicidad
OP-2026002694;ES6901280000100000000150;983,43;USD;17/09/2026;Servicios profesionales
OP-2026002695;ES7601820000920000000030;1.442,04;USD;17/09/2026;Formación
OP-2026002696;ES1520850000100000000068;870,62;EUR;16/09/2026;Suministros
OP-2026002697;ES1200810000560000000090;14.163,32;MXN;25/09/2026;Servicios profesionales
OP-2026002698;ES7600810000550000000151;1.006,65;EUR;27/09/2026;Servicios profesionales
OP-2026002699;ES6620850000150000000069;691,76;EUR;13/09/2026;Publicidad
OP-2026002700;ES7401280000170000000202;869,26;USD;13/09/2026;Formación
OP-2026002701;ES7120850000130000000174;14.058,75;MXN;19/09/2026;Servicios profesionales
OP-2026002702;ES8320850000120000000104;865,12;EUR;23/09/2026;Material de oficina
OP-2026002703;ES9500810000540000000149;941,17;USD;21/09/2026;Publicidad
OP-2026002704;ES3601820000990000000116;919,29;EUR;23/09/2026;Proveedor
OP-2026002705;ES5100810000560000000067;1.052,52;USD;16/09/2026;Proveedor
OP-2026002706;ES8320850000120000000104;871,94;EUR;19/09/2026;Nómina
OP-2026002707;ES3120850000150000000020;996,09;EUR;27/09/2026;Alquiler
OP-2026002708;ES4220850000150000000016;16.134,41;MXN;24/09/2026;Servicios profesionales
OP-2026002709;ES0421000000600000000087;789,03;USD;18/09/2026;Proveedor
OP-2026002710;ES0620850000190000000080;18.623,70;MXN;25/09/2026;Alquiler
OP-2026002711;ES6701280000160000000086;540,44;EUR;24/09/2026;Seguros
OP-2026002712;ES0201820000900000000199;899,74;EUR;15/09/2026;Mantenimiento
OP-2026002713;ES5900810000520000000216;836,19;EUR;16/09/2026;Formación
OP-2026002714;ES3820850000150000000185;1.296,96;EUR;24/09/2026;Licencias de software
OP-2026002715;ES2401820000970000000139;831,36;EUR;14/09/2026;Servicios profesionales
OP-2026002716;ES2720850000120000000045;1.002,69;EUR;18/09/2026;Licencias de software
OP-2026002717;ES8901280000110000000129;12.433,82;MXN;21/09/2026;Formación
OP-2026002718;ES0621000000690000000095;31.518,40;MXN;25/09/2026;Mantenimiento
OP-2026002719;ES3520850000140000000191;15.813,27;MXN;26/09/2026;Viajes
OP-2026002720;ES3120850000150000000020;1.069,04;USD;17/09/2026;Licencias de software
OP-2026002721;ES3401820000930000000058;823,86;EUR;15/09/2026;Comisiones
OP-2026002722;ES2701280000110000000178;879,79;EUR;16/09/2026;Publicidad
OP-2026002723;ES2421000000610000000066;13.925,71;MXN;22/09/2026;Mantenimiento
OP-2026002724;ES7521000000660000000164;552,39;EUR;24/09/2026;Formación
OP-2026002725;ES0520850000170000000196;1.210,48;EUR;23/09/2026;Publicidad
OP-2026002726;ES1901820000990000000228;19.780,65;MXN;22/09/2026;Seguros
OP-2026002727;ES2700490000080000000082;875,92;EUR;20/09/2026;Servicios profesionales
OP-2026002728;ES9621000000620000000079;1.008,38;EUR;23/09/2026;Publicidad
OP-2026002729;ES4500810000510000000032;1.004,50;EUR;17/09/2026;Mantenimiento
OP-2026002730;ES3500810000550000000113;22.388,20;MXN;22/09/2026;Viajes
OP-2026002731;ES0220850000100000000108;895,47;USD;27/09/2026;Formación
OP-2026002732;ES4221000000680000000175;468,26;EUR;18/09/2026;Licencias de software
OP-2026002733;ES6500810000520000000011;3.342.367,58;COP;19/09/2026;Nómina
OP-2026002734;ES6501820000970000000177;811,43;USD;24/09/2026;Licencias de software
OP-2026002735;ES5600810000510000000125;1.047,86;USD;21/09/2026;Seguros
OP-2026002736;ES7101280000160000000014;1.261,17;EUR;24/09/2026;Mantenimiento
OP-2026002737;ES1000810000590000000076;3.528.737,98;COP;25/09/2026;Proveedor
OP-2026002738;ES0701280000170000000050;885,81;EUR;17/09/2026;Transporte
OP-2026002739;ES5500490000050000000210;911,79;EUR;27/09/2026;Publicidad
OP-2026002740;ES6720850000140000000003;730,47;EUR;19/09/2026;Alquiler
OP-2026002741;ES3120850000150000000020;684,58;USD;26/09/2026;Publicidad
OP-2026002742;ES5500490000050000000210;9.170,15;MXN;18/09/2026;Mantenimiento
OP-2026002743;ES5901280000170000000084;1.362,11;EUR;20/09/2026;Suministros
OP-2026002744;ES9601280000110000000197;818,99;USD;26/09/2026;Viajes
OP-2026002745;ES6300490000040000000212;743,98;USD;17/09/2026;Mantenimiento
OP-2026002746;ES0620850000190000000080;703,56;EUR;14/09/2026;Licencias de software
OP-2026002747;ES6101820000980000000103;20.308,70;MXN;27/09/2026;Viajes
OP-2026002748;ES0920850000170000000124;897,19;USD;20/09/2026;Publicidad
OP-2026002749;ES6421000000630000000024;720,81;EUR;14/09/2026;Seguros
OP-2026002750;ES6000810000540000000100;942,11;EUR;21/09/2026;Proveedor
OP-2026002751;ES3900810000540000000187;821,70;USD;24/09/2026;Proveedor
OP-2026002752;ES7221000000620000000026;571,14;EUR;21/09/2026;Transporte
OP-2026002753;ES5401280000160000000029;1.153,24;EUR;14/09/2026;Publicidad
OP-2026002754;ES5600810000510000000028;1.025,01;EUR;24/09/2026;Proveedor
OP-2026002755;ES8600810000510000000070;4.220.111,20;COP;13/09/2026;Transporte
OP-2026002756;ES8001280000130000000096;910,57;EUR;14/09/2026;Seguros
OP-2026002757;ES5501280000110000000159;3.934.572,23;COP;19/09/2026;Proveedor
OP-2026002758;ES4101820000970000000221;1.252,55;EUR;17/09/2026;Servicios profesionales
OP-2026002759;ES0421000000600000000087;878,88;USD;27/09/2026;Publicidad
OP-2026002760;ES5600810000510000000028;259,70;EUR;25/09/2026;Transporte
OP-2026002761;ES7101280000160000000014;1.047,03;USD;13/09/2026;Licencias de software
OP-2026002762;ES7920850000120000000176;805,01;EUR;14/09/2026;Servicios profesionales
OP-2026002763;ES3401280000180000000097;3.384.174,32;COP;16/09/2026;Mantenimiento
OP-2026002764;ES0500490000070000000236;875,17;EUR;17/09/2026;Servicios profesionales
OP-2026002765;ES7621000000650000000001;441,05;EUR;27/09/2026;Servicios profesionales
OP-2026002766;ES4621000000680000000006;1.182,15;EUR;25/09/2026;Proveedor
OP-2026002767;ES6901280000100000000150;901,68;EUR;20/09/2026;Transporte
OP-2026002768;ES4800810000520000000123;1.185,76;EUR;24/09/2026;Publicidad
OP-2026002769;ES3500490000070000000181;1.104,43;EUR;25/09/2026;Seguros
OP-2026002770;ES0920850000170000000124;1.101,88;EUR;22/09/2026;Formación
OP-2026002771;ES6300490000040000000018;13.906,79;MXN;19/09/2026;Material de oficina
OP-2026002772;ES8001280000130000000096;819,08;EUR;18/09/2026;Proveedor
OP-2026002773;ES7501820000900000000243;860,34;EUR;25/09/2026;Formación
OP-2026002774;ES4300810000570000000162;184,00;USD;15/09/2026;Viajes
OP-2026002775;ES7701820000990000000057;557,14;EUR;22/09/2026;Suministros
OP-2026002776;ES3101280000140000000056;489,66;EUR;22/09/2026;Seguros
OP-2026002777;ES3120850000150000000020;633,91;EUR;20/09/2026;Publicidad
OP-2026002778;ES6500810000520000000011;3.013.976,31;COP;22/09/2026;Servicios profesionales
OP-2026002779;ES6901280000100000000150;1.199,98;EUR;17/09/2026;Viajes
OP-2026002780;ES5100810000560000000067;922,39;EUR;27/09/2026;Servicios profesionales
OP-2026002781;ES0800810000590000000209;821,40;EUR;24/09/2026;Servicios profesionales
OP-2026002782;ES6320850000140000000075;1.016,52;EUR;27/09/2026;Mantenimiento
OP-2026002783;ES1200810000560000000090;783,90;EUR;15/09/2026;Comisiones
OP-2026002784;ES8501820000980000000156;492,09;EUR;18/09/2026;Alquiler
OP-2026002785;ES8401280000130000000121;21.065,68;MXN;22/09/2026;Alquiler
OP-2026002786;ES9420850000180000000194;839,47;EUR;13/09/2026;Seguros
OP-2026002787;ES9500490000010000000171;615,57;EUR;17/09/2026;Mantenimiento
OP-2026002788;ES7420850000140000000168;1.015,43;USD;21/09/2026;Transporte
OP-2026002789;ES0200490000090000000192;1.156,34;EUR;22/09/2026;Alquiler
OP-2026002790;ES0701280000170000000050;367,92;EUR;14/09/2026;Mantenimiento
OP-2026002791;ES3120850000150000000020;738,61;USD;20/09/2026;Suministros
OP-2026002792;ES7701820000960000000107;1.073,36;EUR;23/09/2026;Comisiones
OP-2026002793;ES8400490000000000000127;297,80;USD;21/09/2026;Servicios profesionales
OP-2026002794;ES0421000000600000000087;714,96;EUR;21/09/2026;Licencias de software
OP-2026002795;ES9420850000180000000194;977,16;EUR;23/09/2026;Formación
OP-2026002796;ES7520850000130000000102;837,31;EUR;27/09/2026;Material de oficina
OP-2026002797;ES4901820000960000000126;18.210,84;MXN;16/09/2026;Transporte
OP-2026002798;ES5400810000540000000208;16.908,08;MXN;26/09/2026;Proveedor
OP-2026002799;ES2101820000910000000002;618,40;USD;15/09/2026;Publicidad
OP-2026002800;ES4220850000150000000016;1.240,25;EUR;20/09/2026;Material de oficina
OP-2026002801;ES3520850000140000000191;806,92;EUR;19/09/2026;Transporte
OP-2026002802;ES4800490000040000000094;982,98;EUR;15/09/2026;Seguros
OP-2026002803;ES6200810000510000000114;4.873.576,36;COP;17/09/2026;Formación
OP-2026002804;ES3000810000570000000105;1.126,88;EUR;23/09/2026;Servicios profesionales
OP-2026002805;ES1800490000040000000246;1.439,08;USD;17/09/2026;Publicidad
OP-2026002806;ES3221000000600000000165;826,82;USD;24/09/2026;Servicios profesionales
OP-2026002807;ES4601280000170000000027;870,72;EUR;23/09/2026;Alquiler
OP-2026002808;ES4000490000050000000092;757,86;EUR;21/09/2026;Licencias de software
OP-2026002809;ES2300810000530000000233;21.541,56;MXN;25/09/2026;Publicidad
OP-2026002810;ES6520850000110000000089;936,18;USD;22/09/2026;Material de oficina
OP-2026002811;ES7501820000900000000146;2.522.140,39;COP;21/09/2026;Nómina
OP-2026002812;ES2420850000110000000245;707,94;USD;23/09/2026;Suministros
OP-2026002813;ES5621000000640000000022;475,21;EUR;24/09/2026;Transporte
OP-2026002814;ES1520850000100000000068;684,16;EUR;22/09/2026;Formación
OP-2026002815;ES2620850000170000000012;741,32;EUR;18/09/2026;Suministros
OP-2026002816;ES7300810000540000000060;840,60;USD;25/09/2026;Comisiones
OP-2026002817;ES2401820000970000000139;748,69;EUR;27/09/2026;Seguros
OP-2026002818;ES9601280000110000000197;3.668.544,73;COP;16/09/2026;Publicidad
OP-2026002819;ES9720850000160000000238;1.043,93;EUR;15/09/2026;Transporte
OP-2026002820;ES0220850000100000000205;871,91;EUR;24/09/2026;Proveedor
OP-2026002821;ES4601820000950000000035;821,63;EUR;22/09/2026;Formación
OP-2026002822;ES1000810000590000000076;878,81;EUR;27/09/2026;Publicidad
OP-2026002823;ES7501280000150000000088;762,74;EUR;24/09/2026;Nómina
OP-2026002824;ES6300490000040000000212;963,34;EUR;25/09/2026;Material de oficina
OP-2026002825;ES6200810000510000000114;13.943,54;MXN;23/09/2026;Seguros
OP-2026002826;ES4601280000170000000027;580,24;USD;19/09/2026;Servicios profesionales
OP-2026002827;ES6520850000110000000186;719,74;EUR;17/09/2026;Proveedor
OP-2026002828;ES6421000000630000000024;723,72;EUR;27/09/2026;Publicidad
OP-2026002829;ES5900490000010000000237;892,59;USD;19/09/2026;Viajes
OP-2026002830;ES6300490000040000000115;896,56;EUR;15/09/2026;Material de oficina
OP-2026002831;ES1320850000160000000198;442,63;EUR;19/09/2026;Servicios profesionales
OP-2026002832;ES5621000000640000000022;14.000,19;MXN;25/09/2026;Servicios profesionales
OP-2026002833;ES6701280000130000000136;1.043,47;EUR;14/09/2026;Comisiones
OP-2026002834;ES3120850000150000000020;1.044,09;USD;17/09/2026;Suministros
OP-2026002835;ES9200810000530000000155;916,45;EUR;23/09/2026;Seguros
OP-2026002836;ES0500490000070000000236;1.088,63;EUR;20/09/2026;Transporte
OP-2026002837;ES7620850000110000000085;761,05;EUR;19/09/2026;Mantenimiento
OP-2026002838;ES6501820000970000000177;960,02;EUR;18/09/2026;Transporte
OP-2026002839;ES5600490000000000000049;2.718.822,96;COP;13/09/2026;Mantenimiento
OP-2026002840;ES2401820000970000000139;11.672,50;MXN;25/09/2026;Servicios profesionales
OP-2026002841;ES9201280000120000000220;885,99;EUR;27/09/2026;Mantenimiento
OP-2026002842;ES4901820000960000000126;3.475.955,68;COP;15/09/2026;Material de oficina
OP-2026002843;ES4101820000970000000221;962,76;EUR;27/09/2026;Publicidad
OP-2026002844;ES1820850000180000000010;682,56;EUR;22/09/2026;Servicios profesionales
OP-2026002845;ES2101820000910000000002;682,45;EUR;27/09/2026;Transporte
OP-2026002846;ES9500490000010000000171;4.567.858,41;COP;14/09/2026;Material de oficina
OP-2026002847;ES7020850000180000000044;956,83;EUR;26/09/2026;Proveedor
OP-2026002848;ES8020850000110000000110;552,62;EUR;25/09/2026;Servicios profesionales
OP-2026002849;ES5801280000190000000101;1.125,89;USD;14/09/2026;Servicios profesionales
OP-2026002850;ES3400810000510000000036;910,77;EUR;22/09/2026;Licencias de software
OP-2026002851;ES6300490000040000000018;1.020.927,57;MXN;21/09/2026;Compra extraordinaria
OP-2026002852;ES2000810000520000000142;17.747,26;MXN;25/09/2026;Proveedor
OP-2026002853;ES3401820000930000000058;631,05;EUR;15/09/2026;Suministros
OP-2026002854;ES9001820000930000000117;1.037,72;EUR;20/09/2026;Alquiler
OP-2026002855;ES7301820000910000000230;706,92;EUR;13/09/2026;Alquiler
OP-2026002856;ES0701280000170000000050;1.169,14;EUR;19/09/2026;Suministros
OP-2026002857;ES8020850000110000000110;672,76;EUR;22/09/2026;Comisiones
OP-2026002858;ES5900810000520000000216;862,13;EUR;18/09/2026;Material de oficina
OP-2026002859;ES4801280000140000000041;751,34;EUR;22/09/2026;Servicios profesionales
OP-2026002860;ES8701820000950000000073;1.029,41;EUR;16/09/2026;Publicidad
OP-2026002861;ES9500490000010000000171;1.931.785,16;COP;17/09/2026;Material de oficina
OP-2026002862;ES2401280000100000000184;1.139,71;USD;20/09/2026;Suministros
OP-2026002863;ES2120850000190000000004;3.683.989,85;COP;16/09/2026;Mantenimiento
OP-2026002864;ES2720850000120000000045;21.239,58;MXN;18/09/2026;Suministros
OP-2026002865;ES4300810000570000000065;890,16;EUR;17/09/2026;Suministros
OP-2026002866;ES2720850000120000000045;755,27;EUR;24/09/2026;Suministros
OP-2026002867;ES7101280000160000000111;730,60;EUR;21/09/2026;Mantenimiento
OP-2026002868;ES9301280000190000000247;947,80;EUR;16/09/2026;Publicidad
OP-2026002869;ES0520850000170000000196;964,56;EUR;16/09/2026;Transporte
OP-2026002870;ES1801280000170000000143;645,29;EUR;13/09/2026;Suministros
OP-2026002871;ES7101280000160000000014;612,21;USD;27/09/2026;Alquiler
OP-2026002872;ES8100810000500000000015;784,28;EUR;17/09/2026;Proveedor
OP-2026002873;ES7320850000190000000135;817,72;EUR;22/09/2026;Servicios profesionales
OP-2026002874;ES9401820000990000000042;16.898,48;MXN;20/09/2026;Mantenimiento
OP-2026002875;ES6720850000140000000003;1.240,14;EUR;22/09/2026;Material de oficina
OP-2026002876;ES8901280000110000000129;875,20;EUR;13/09/2026;Formación
OP-2026002877;ES7521000000610000000021;1.043,10;EUR;23/09/2026;Servicios profesionales
OP-2026002878;ES3101280000140000000056;839,46;USD;22/09/2026;Mantenimiento
OP-2026002879;ES3421000000690000000173;448,44;EUR;20/09/2026;Nómina
OP-2026002880;ES9400810000590000000213;748,77;EUR;16/09/2026;Suministros
OP-2026002881;ES0421000000600000000087;1.235,17;USD;23/09/2026;Licencias de software
OP-2026002882;ES8020850000110000000110;10.211,00;MXN;23/09/2026;Alquiler
OP-2026002883;ES3721000000670000000217;548,88;EUR;15/09/2026;Proveedor
OP-2026002884;ES6101280000110000000051;1.101,31;EUR;15/09/2026;Publicidad
OP-2026002885;ES7520850000130000000102;17.039,06;MXN;18/09/2026;Comisiones
OP-2026002886;ES1801820000950000000054;768,76;EUR;17/09/2026;Comisiones
OP-2026002887;ES6101280000110000000051;729,70;USD;16/09/2026;Material de oficina
OP-2026002888;ES9101280000130000000189;1.256,27;USD;19/09/2026;Viajes
OP-2026002889;ES7520850000130000000102;421,15;EUR;20/09/2026;Suministros
OP-2026002890;ES3221000000600000000165;1.014,83;EUR;25/09/2026;Proveedor
OP-2026002891;ES3721000000670000000217;1.313,57;EUR;13/09/2026;Mantenimiento
OP-2026002892;ES7420850000140000000168;772,74;USD;24/09/2026;Formación
OP-2026002893;ES2000810000520000000142;1.415,69;EUR;15/09/2026;Mantenimiento
OP-2026002894;ES3520850000140000000191;581,03;EUR;22/09/2026;Viajes
OP-2026002895;ES2501820000990000000023;837,79;EUR;27/09/2026;Material de oficina
OP-2026002896;ES5600810000510000000028;980,89;EUR;17/09/2026;Material de oficina
OP-2026002897;ES6520850000110000000186;26.470,88;MXN;22/09/2026;Seguros
OP-2026002898;ES2101820000910000000002;1.171,20;EUR;21/09/2026;Formación
OP-2026002899;ES0520850000170000000196;769,15;EUR;24/09/2026;Servicios profesionales
OP-2026002900;ES6400490000020000000195;1.187,17;USD;13/09/2026;Seguros
OP-2026002901;ES4901820000960000000126;1.068,89;EUR;27/09/2026;Nómina
OP-2026002902;ES4721000000610000000040;657,88;USD;13/09/2026;Suministros
OP-2026002903;ES8400490000000000000127;727,00;EUR;26/09/2026;Transporte
OP-2026002904;ES3401280000180000000097;777,40;EUR;19/09/2026;Proveedor
OP-2026002905;ES3621000000630000000043;978,45;EUR;15/09/2026;Proveedor
OP-2026002906;ES4621000000680000000200;811,80;EUR;18/09/2026;Viajes
OP-2026002907;ES6520850000110000000186;1.155,10;USD;13/09/2026;Licencias de software
OP-2026002908;ES1000810000590000000076;909,36;USD;15/09/2026;Mantenimiento
OP-2026002909;ES3021000000610000000152;866,69;EUR;22/09/2026;Nómina
OP-2026002910;ES7320850000190000000135;793,80;USD;22/09/2026;Licencias de software
OP-2026002911;ES4800810000520000000123;763,78;EUR;15/09/2026;Material de oficina
OP-2026002912;ES9600810000560000000130;594,47;EUR;24/09/2026;Alquiler
OP-2026002913;ES4801280000140000000041;846,11;EUR;26/09/2026;Material de oficina
OP-2026002914;ES8501820000980000000156;538,21;EUR;21/09/2026;Mantenimiento
OP-2026002915;ES7001280000140000000227;15.015,25;MXN;25/09/2026;Alquiler
OP-2026002916;ES4800490000040000000094;833,80;USD;21/09/2026;Nómina
OP-2026002917;ES1820850000180000000010;808,71;EUR;14/09/2026;Formación
OP-2026002918;ES5501280000110000000159;229.535.262,44;COP;19/09/2026;Compra extraordinaria
OP-2026002919;ES3421000000690000000173;649,46;EUR;19/09/2026;Alquiler
OP-2026002920;ES3520850000140000000191;17.978,39;MXN;19/09/2026;Proveedor
OP-2026002921;ES9100810000580000000025;10.592,94;MXN;14/09/2026;Mantenimiento
OP-2026002922;ES6720850000140000000003;1.096,59;USD;15/09/2026;Material de oficina
OP-2026002923;ES3720850000170000000008;816,85;EUR;22/09/2026;Nómina
OP-2026002924;ES1100490000070000000031;812,47;EUR;23/09/2026;Mantenimiento
OP-2026002925;ES8600810000510000000070;1.301,52;EUR;21/09/2026;Alquiler
OP-2026002926;ES7701820000960000000107;938,30;EUR;18/09/2026;Transporte
OP-2026002927;ES7001820000920000000138;780,70;EUR;16/09/2026;Proveedor
OP-2026002928;ES9820850000180000000122;1.004,62;EUR;16/09/2026;Comisiones
OP-2026002929;ES7600490000040000000172;953,04;EUR;20/09/2026;Alquiler
OP-2026002930;ES9600810000560000000130;899,47;USD;21/09/2026;Licencias de software
OP-2026002931;ES6400490000020000000195;19.331,79;MXN;21/09/2026;Mantenimiento
OP-2026002932;ES9101280000130000000189;987,08;USD;16/09/2026;Publicidad
OP-2026002933;ES3400810000530000000229;706,87;EUR;23/09/2026;Publicidad
OP-2026002934;ES7701820000990000000057;1.216,32;USD;15/09/2026;Licencias de software
OP-2026002935;ES3801820000960000000033;764,92;EUR;17/09/2026;Nómina
OP-2026002936;ES7520850000130000000102;18.150,17;MXN;17/09/2026;Mantenimiento
OP-2026002937;ES7420850000140000000168;898,84;EUR;18/09/2026;Comisiones
OP-2026002938;ES0600490000090000000120;805,85;EUR;14/09/2026;Proveedor
OP-2026002939;ES0800810000590000000209;636,23;EUR;15/09/2026;Servicios profesionales
OP-2026002940;ES9101280000130000000189;1.203,44;USD;23/09/2026;Formación
OP-2026002941;ES5100810000560000000067;3.067.799,89;COP;14/09/2026;Licencias de software
OP-2026002942;ES7020850000180000000044;14.779,66;MXN;16/09/2026;Material de oficina
OP-2026002943;ES7320850000190000000135;754,87;USD;14/09/2026;Material de oficina
OP-2026002944;ES4601820000950000000035;657,05;EUR;26/09/2026;Licencias de software
OP-2026002945;ES8521000000620000000083;934,52;EUR;21/09/2026;Mantenimiento
OP-2026002946;ES2800810000510000000241;714,22;EUR;20/09/2026;Nómina
OP-2026002947;ES6701280000130000000136;1.993.459,93;COP;23/09/2026;Alquiler
OP-2026002948;ES3021000000610000000055;653,79;EUR;27/09/2026;Viajes
OP-2026002949;ES0301820000920000000180;13.664,64;MXN;16/09/2026;Seguros
OP-2026002950;ES3101280000140000000056;1.024,42;EUR;16/09/2026;Viajes
OP-2026002951;ES4601280000170000000027;15.933,17;MXN;14/09/2026;Publicidad
OP-2026002952;ES7601820000920000000030;885,41;EUR;26/09/2026;Material de oficina
OP-2026002953;ES3921000000640000000231;1.217,48;EUR;14/09/2026;Proveedor
OP-2026002954;ES4721000000610000000040;729,24;EUR;25/09/2026;Formación
OP-2026002955;ES7001820000920000000138;673,11;EUR;16/09/2026;Alquiler
OP-2026002956;ES2401820000970000000139;949,86;EUR;26/09/2026;Seguros
OP-2026002957;ES3101280000110000000106;579,63;EUR;17/09/2026;Nómina
OP-2026002958;ES7801280000160000000179;754,79;EUR;23/09/2026;Viajes
OP-2026002959;ES8120850000180000000234;728,37;EUR;19/09/2026;Suministros
OP-2026002960;ES7600810000550000000151;1.118,46;EUR;20/09/2026;Licencias de software
OP-2026002961;ES8501820000980000000156;1.072,62;EUR;19/09/2026;Transporte
OP-2026002962;ES5001280000130000000248;1.064,82;USD;18/09/2026;Proveedor
OP-2026002963;ES3000810000570000000105;1.030,84;EUR;13/09/2026;Alquiler
OP-2026002964;ES9821000000680000000137;897,09;EUR;13/09/2026;Proveedor
OP-2026002965;ES3820850000150000000185;15.946,59;MXN;26/09/2026;Alquiler
OP-2026002966;ES3600810000530000000193;1.646,84;USD;18/09/2026;Suministros
OP-2026002967;ES3021000000610000000055;643,13;EUR;22/09/2026;Seguros
OP-2026002968;ES0201820000900000000199;749,48;EUR;14/09/2026;Alquiler
OP-2026002969;ES8001280000130000000096;829,64;EUR;19/09/2026;Seguros
OP-2026002970;ES6901280000100000000150;3.685.258,18;COP;14/09/2026;Servicios profesionales
OP-2026002971;ES8620850000160000000145;721,41;EUR;25/09/2026;Formación
OP-2026002972;ES6000810000540000000100;1.013,69;USD;22/09/2026;Suministros
OP-2026002973;ES6600810000500000000091;19.238,01;MXN;22/09/2026;Servicios profesionales
OP-2026002974;ES5801280000190000000101;1.068,19;EUR;15/09/2026;Publicidad
OP-2026002975;ES6101820000980000000103;908,99;USD;20/09/2026;Seguros
OP-2026002976;ES1820850000180000000010;941,05;EUR;24/09/2026;Nómina
OP-2026002977;ES8501820000950000000206;357,62;EUR;21/09/2026;Licencias de software
OP-2026002978;ES7401280000170000000202;965,45;USD;24/09/2026;Viajes
OP-2026002979;ES6920850000110000000211;340,58;EUR;15/09/2026;Comisiones
OP-2026002980;ES4500810000510000000032;25.815,13;MXN;24/09/2026;Mantenimiento
OP-2026002981;ES4621000000680000000200;1.287,90;EUR;14/09/2026;Nómina
OP-2026002982;ES2520850000180000000078;959,38;EUR;25/09/2026;Mantenimiento
OP-2026002983;ES7520850000130000000102;867,54;EUR;20/09/2026;Viajes
OP-2026002984;ES5801280000190000000101;1.655,62;USD;18/09/2026;Formación
OP-2026002985;ES5100810000560000000067;1.037,35;EUR;20/09/2026;Viajes
OP-2026002986;ES7900810000560000000048;598,60;EUR;24/09/2026;Material de oficina
OP-2026002987;ES3820850000150000000185;715,44;EUR;25/09/2026;Alquiler
OP-2026002988;ES9201820000900000000034;1.055,99;EUR;19/09/2026;Servicios profesionales
OP-2026002989;ES7320850000190000000038;677,40;EUR;17/09/2026;Nómina
OP-2026002990;ES9600490000020000000007;963,34;EUR;17/09/2026;Seguros
OP-2026002991;ES7501820000900000000146;5.144,21;MXN;14/09/2026;Viajes
OP-2026002992;ES8120850000180000000234;3.697.931,94;COP;18/09/2026;Formación
OP-2026002993;ES7920850000120000000176;11.930,17;MXN;23/09/2026;Publicidad
OP-2026002994;ES3101280000110000000106;664,83;EUR;22/09/2026;Material de oficina
OP-2026002995;ES9601280000110000000197;755,60;EUR;18/09/2026;Mantenimiento
OP-2026002996;ES7400490000070000000158;989,16;USD;24/09/2026;Servicios profesionales
OP-2026002997;ES1420850000150000000132;1.207,73;EUR;15/09/2026;Servicios profesionales
OP-2026002998;ES6701280000130000000039;1.061,39;EUR;13/09/2026;Nómina
OP-2026002999;ES9620850000120000000064;16.686,35;MXN;23/09/2026;Seguros
OP-2026003000;ES7401280000170000000202;479,60;EUR;26/09/2026;Servicios profesionales
OP-2026003001;ES1000810000590000000076;3.082.134,99;COP;23/09/2026;Transporte
OP-2026003002;ES7900810000560000000048;779,13;EUR;23/09/2026;Servicios profesionales
OP-2026003003;ES4220850000180000000063;1.009,52;USD;25/09/2026;Material de oficina
OP-2026003004;ES9001820000930000000117;1.068,13;EUR;20/09/2026;Seguros
OP-2026003005;ES8100810000530000000062;705,73;EUR;21/09/2026;Licencias de software
OP-2026003006;ES3700490000010000000148;273,07;EUR;14/09/2026;Transporte
OP-2026003007;ES9120850000140000000250;725,45;EUR;25/09/2026;Suministros
OP-2026003008;ES2800810000510000000241;623,28;EUR;13/09/2026;Publicidad
OP-2026003009;ES5401280000160000000029;484,85;EUR;23/09/2026;Nómina
OP-2026003010;ES4601820000950000000035;799,52;EUR;16/09/2026;Alquiler
OP-2026003011;ES3221000000600000000165;516,95;EUR;17/09/2026;Proveedor
OP-2026003012;ES3720850000170000000008;1.027,46;EUR;21/09/2026;Suministros
OP-2026003013;ES8001280000130000000096;329,18;EUR;16/09/2026;Viajes
OP-2026003014;ES0700490000010000000203;1.030,48;EUR;16/09/2026;Suministros
OP-2026003015;ES0220850000100000000108;717,18;EUR;24/09/2026;Alquiler
OP-2026003016;ES6300490000040000000115;525,41;EUR;15/09/2026;Suministros
OP-2026003017;ES7401280000170000000202;758,69;EUR;23/09/2026;Alquiler
OP-2026003018;ES7701820000960000000107;5.192.446,33;COP;19/09/2026;Licencias de software
OP-2026003019;ES7600810000550000000151;777,31;USD;27/09/2026;Nómina
OP-2026003020;ES6520850000110000000089;565,25;EUR;14/09/2026;Publicidad
OP-2026003021;ES8901280000110000000129;760,07;EUR;17/09/2026;Suministros
OP-2026003022;ES4601280000170000000027;760,64;EUR;15/09/2026;Suministros
OP-2026003023;ES8521000000620000000083;13.859,69;MXN;20/09/2026;Servicios profesionales
OP-2026003024;ES5900810000550000000166;1.290,62;EUR;27/09/2026;Servicios profesionales
OP-2026003025;ES7620850000110000000085;813,03;EUR;16/09/2026;Alquiler
OP-2026003026;ES7521000000660000000164;17.269,83;MXN;24/09/2026;Transporte
OP-2026003027;ES6001820000960000000219;1.353,27;EUR;14/09/2026;Nómina
OP-2026003028;ES3421000000690000000173;746,84;USD;21/09/2026;Publicidad
OP-2026003029;ES6500810000520000000011;929,47;EUR;24/09/2026;Publicidad
OP-2026003030;ES3700490000010000000148;1.044,72;USD;25/09/2026;Nómina
OP-2026003031;ES9621000000620000000079;807,52;EUR;24/09/2026;Formación
OP-2026003032;ES8700810000550000000147;750,66;EUR;16/09/2026;Publicidad
OP-2026003033;ES6520850000110000000089;18.418,07;MXN;19/09/2026;Material de oficina
OP-2026003034;ES7521000000660000000164;1.012,63;USD;15/09/2026;Nómina
OP-2026003035;ES3400810000530000000229;393,45;EUR;16/09/2026;Nómina
OP-2026003036;ES3500810000580000000160;450,61;EUR;26/09/2026;Seguros
OP-2026003037;ES3101280000140000000056;1.112,32;USD;14/09/2026;Viajes
OP-2026003038;ES7500810000510000000074;1.016,25;USD;22/09/2026;Material de oficina
OP-2026003039;ES1420850000150000000132;11.276,63;MXN;26/09/2026;Proveedor
OP-2026003040;ES3621000000630000000043;794,84;EUR;15/09/2026;Formación
OP-2026003041;ES6920850000110000000211;635,61;EUR;22/09/2026;Alquiler
OP-2026003042;ES9301280000190000000247;552,12;EUR;26/09/2026;Nómina
OP-2026003043;ES8600810000510000000070;799,56;USD;18/09/2026;Seguros
OP-2026003044;ES5600490000000000000049;2.212.916,85;COP;14/09/2026;Viajes
OP-2026003045;ES4201280000170000000099;1.302,94;USD;20/09/2026;Viajes
OP-2026003046;ES8121000000680000000249;855,49;EUR;26/09/2026;Formación
OP-2026003047;ES3601820000990000000116;684,23;EUR;15/09/2026;Seguros
OP-2026003048;ES6300490000040000000018;1.167,24;USD;13/09/2026;Nómina
OP-2026003049;ES8100810000530000000062;592,65;EUR;23/09/2026;Suministros
OP-2026003050;ES7320850000190000000135;691,92;EUR;26/09/2026;Seguros
OP-2026003051;ES6400490000020000000195;750,39;USD;18/09/2026;Material de oficina
OP-2026003052;ES0500490000070000000236;672,45;EUR;24/09/2026;Formación
OP-2026003053;ES8401280000130000000121;1.033,36;EUR;14/09/2026;Material de oficina
OP-2026003054;ES7300810000540000000060;726,98;EUR;26/09/2026;Viajes
OP-2026003055;ES3520850000140000000191;475,86;EUR;15/09/2026;Formación
OP-2026003056;ES4601820000950000000035;565,36;EUR;15/09/2026;Comisiones
OP-2026003057;ES6320850000140000000075;969,33;EUR;15/09/2026;Viajes
OP-2026003058;ES7101280000160000000111;836,77;EUR;19/09/2026;Servicios profesionales
OP-2026003059;ES4800810000520000000123;782,00;EUR;23/09/2026;Licencias de software
OP-2026003060;ES1500810000540000000134;1.293,87;EUR;21/09/2026;Seguros
OP-2026003061;ES4600810000580000000059;2.924.411,67;COP;17/09/2026;Seguros
OP-2026003062;ES4201280000170000000099;16.423,43;MXN;15/09/2026;Alquiler
OP-2026003063;ES9420850000180000000194;1.040,78;USD;13/09/2026;Servicios profesionales
OP-2026003064;ES9101280000130000000189;745,20;EUR;27/09/2026;Viajes
OP-2026003065;ES5401280000160000000029;575,56;EUR;27/09/2026;Material de oficina
OP-2026003066;ES1820850000180000000010;434,86;EUR;23/09/2026;Publicidad
OP-2026003067;ES7620850000110000000085;1.224,36;EUR;16/09/2026;Licencias de software
OP-2026003068;ES9420850000180000000194;1.121,69;EUR;20/09/2026;Mantenimiento
OP-2026003069;ES1501280000130000000005;1.160,02;EUR;20/09/2026;Alquiler
OP-2026003070;ES1420850000150000000132;977,37;USD;21/09/2026;Nómina
OP-2026003071;ES3120850000150000000020;3.447.219,32;COP;24/09/2026;Transporte
OP-2026003072;ES4621000000680000000006;648,85;EUR;13/09/2026;Suministros
OP-2026003073;ES1200810000560000000090;1.102,68;EUR;19/09/2026;Material de oficina
OP-2026003074;ES0500490000070000000236;706,07;EUR;27/09/2026;Material de oficina
OP-2026003075;ES1800810000550000000225;803,20;USD;17/09/2026;Nómina
OP-2026003076;ES9320850000110000000167;13.279,10;MXN;16/09/2026;Proveedor
OP-2026003077;ES6600810000590000000232;833,18;EUR;15/09/2026;Proveedor
OP-2026003078;ES9201820000900000000034;4.531.151,97;COP;14/09/2026;Material de oficina
OP-2026003079;ES2720850000120000000045;11.671,59;MXN;14/09/2026;Publicidad
OP-2026003080;ES1200810000530000000140;918,43;EUR;14/09/2026;Alquiler
OP-2026003081;ES5621000000640000000022;886,74;EUR;17/09/2026;Transporte
OP-2026003082;ES5001280000130000000248;4.727.077,84;COP;27/09/2026;Seguros
OP-2026003083;ES2620850000170000000012;1.021,85;EUR;22/09/2026;Licencias de software
OP-2026003084;ES9201820000900000000034;13.232,50;MXN;18/09/2026;Transporte
OP-2026003085;ES4621000000680000000006;12.372,89;MXN;15/09/2026;Seguros
OP-2026003086;ES2300810000530000000233;684,79;EUR;22/09/2026;Publicidad
OP-2026003087;ES2101820000910000000002;1.011,78;EUR;26/09/2026;Formación
OP-2026003088;ES6920850000110000000211;1.096,82;EUR;26/09/2026;Formación
OP-2026003089;ES9821000000680000000137;2.659.512,51;COP;14/09/2026;Proveedor
OP-2026003090;ES0201820000900000000199;1.130,00;EUR;13/09/2026;Seguros
OP-2026003091;ES2421000000610000000066;629,82;EUR;13/09/2026;Nómina
OP-2026003092;ES1820850000180000000010;598,52;EUR;20/09/2026;Licencias de software
OP-2026003093;ES6720850000140000000003;10.343,98;MXN;27/09/2026;Comisiones
OP-2026003094;ES9321000000610000000182;1.085,66;USD;18/09/2026;Suministros
OP-2026003095;ES6300490000040000000212;3.632.067,89;COP;22/09/2026;Mantenimiento
OP-2026003096;ES2300810000530000000233;936,81;USD;13/09/2026;Formación
OP-2026003097;ES1801820000950000000054;992,35;EUR;23/09/2026;Publicidad
OP-2026003098;ES8600810000510000000070;976,01;EUR;19/09/2026;Proveedor
OP-2026003099;ES4400810000520000000098;1.221,61;EUR;14/09/2026;Transporte
OP-2026003100;ES3500490000070000000181;716,16;EUR;15/09/2026;Suministros
OP-2026003101;ES2720850000120000000045;6.680.189,66;COP;24/09/2026;Proveedor
OP-2026003102;ES9100490000070000000240;895,19;USD;20/09/2026;Suministros
OP-2026003103;ES5901280000140000000037;935,61;USD;22/09/2026;Viajes
OP-2026003104;ES7621000000650000000001;878,36;EUR;17/09/2026;Nómina
OP-2026003105;ES8700810000550000000147;1.101,83;EUR;25/09/2026;Servicios profesionales
OP-2026003106;ES0800810000590000000209;17.949,32;MXN;27/09/2026;Viajes
OP-2026003107;ES7201280000110000000144;750,74;EUR;15/09/2026;Formación
OP-2026003108;ES8020850000110000000207;549,16;EUR;24/09/2026;Nómina
OP-2026003109;ES7101280000160000000014;812,31;EUR;17/09/2026;Material de oficina
OP-2026003110;ES7400490000070000000158;4.823.140,08;COP;18/09/2026;Servicios profesionales
OP-2026003111;ES8700810000550000000147;608,81;EUR;17/09/2026;Comisiones
OP-2026003112;ES6701820000910000000047;830,68;EUR;23/09/2026;Comisiones
OP-2026003113;ES8400490000000000000127;952,68;EUR;22/09/2026;Comisiones
OP-2026003114;ES2121000000690000000019;903,43;EUR;19/09/2026;Material de oficina
OP-2026003115;ES7101280000160000000111;995,33;USD;26/09/2026;Viajes
OP-2026003116;ES9601280000110000000197;586,16;USD;14/09/2026;Nómina
OP-2026003117;ES0420850000100000000072;3.707.478,89;COP;23/09/2026;Material de oficina
OP-2026003118;ES7920850000120000000176;1.207,33;EUR;13/09/2026;Nómina
OP-2026003119;ES9601280000110000000197;818,26;EUR;17/09/2026;Seguros
OP-2026003120;ES7501820000900000000146;19.691,10;MXN;19/09/2026;Formación
OP-2026003121;ES8600810000510000000070;21.213,91;MXN;24/09/2026;Transporte
OP-2026003122;ES8620850000160000000242;672,32;USD;19/09/2026;Viajes
OP-2026003123;ES3421000000690000000173;423,63;EUR;25/09/2026;Viajes
OP-2026003124;ES9120850000110000000009;685,28;EUR;25/09/2026;Seguros
OP-2026003125;ES4221000000680000000175;839,06;EUR;13/09/2026;Licencias de software
OP-2026003126;ES7521000000610000000021;13.687,28;MXN;17/09/2026;Seguros
OP-2026003127;ES6201820000960000000183;520,91;EUR;18/09/2026;Nómina
OP-2026003128;ES3401820000930000000058;435,17;EUR;22/09/2026;Seguros
OP-2026003129;ES1500810000540000000134;17.391,19;MXN;14/09/2026;Servicios profesionales
OP-2026003130;ES8121000000680000000249;967,08;USD;16/09/2026;Mantenimiento
OP-2026003131;ES2700490000080000000082;608,15;EUR;15/09/2026;Nómina
OP-2026003132;ES1820850000180000000010;818,96;EUR;24/09/2026;Licencias de software
OP-2026003133;ES3401280000180000000097;1.177,85;EUR;21/09/2026;Seguros
OP-2026003134;ES2420850000110000000245;1.165,83;EUR;19/09/2026;Seguros
OP-2026003135;ES4721000000610000000040;731,06;USD;13/09/2026;Formación
OP-2026003136;ES7001820000920000000138;1.015,07;EUR;23/09/2026;Servicios profesionales
OP-2026003137;ES2120850000190000000004;926,37;EUR;15/09/2026;Comisiones
OP-2026003138;ES3621000000630000000043;657,21;USD;24/09/2026;Transporte
OP-2026003139;ES9120850000140000000250;706,95;EUR;19/09/2026;Servicios profesionales
OP-2026003140;ES6600810000590000000232;1.124,01;EUR;27/09/2026;Material de oficina
OP-2026003141;ES8401820000910000000226;5.250.367,84;COP;18/09/2026;Publicidad
OP-2026003142;ES8321000000620000000119;616,79;EUR;24/09/2026;Nómina
OP-2026003143;ES9100810000580000000025;1.216,14;EUR;13/09/2026;Nómina
OP-2026003144;ES9001820000930000000117;1.016,35;EUR;17/09/2026;Viajes
OP-2026003145;ES8501820000950000000206;3.458.839,25;COP;13/09/2026;Licencias de software
OP-2026003146;ES9201820000900000000034;913,51;EUR;26/09/2026;Nómina
OP-2026003147;ES6101820000980000000103;1.023,03;USD;25/09/2026;Transporte
OP-2026003148;ES7101280000160000000111;244,41;EUR;22/09/2026;Alquiler
OP-2026003149;ES7521000000630000000214;804,57;USD;19/09/2026;Proveedor
OP-2026003150;ES5001280000130000000248;642,19;EUR;14/09/2026;Servicios profesionales
OP-2026003151;ES3721000000670000000217;22.546,67;MXN;14/09/2026;Servicios profesionales
OP-2026003152;ES0500490000070000000236;874,42;USD;24/09/2026;Publicidad
OP-2026003153;ES4300810000570000000162;579,83;EUR;20/09/2026;Alquiler
OP-2026003154;ES4621000000680000000200;1.170,46;USD;20/09/2026;Seguros
OP-2026003155;ES8901280000110000000129;908,68;EUR;14/09/2026;Viajes
OP-2026003156;ES9201280000120000000220;594,41;EUR;26/09/2026;Transporte
OP-2026003157;ES9620850000120000000064;2.508.176,91;COP;20/09/2026;Material de oficina
OP-2026003158;ES9600810000560000000130;832,69;USD;22/09/2026;Transporte
OP-2026003159;ES7020850000180000000044;1.165,05;EUR;18/09/2026;Mantenimiento
OP-2026003160;ES5401280000160000000029;887,58;EUR;17/09/2026;Material de oficina
OP-2026003161;ES2421000000610000000163;607,81;EUR;15/09/2026;Nómina
OP-2026003162;ES3400810000510000000036;925,26;USD;14/09/2026;Publicidad
OP-2026003163;ES5520850000150000000170;1.067,24;USD;14/09/2026;Comisiones
OP-2026003164;ES4400810000520000000098;474,62;EUR;18/09/2026;Material de oficina
OP-2026003165;ES8901280000110000000129;1.016,68;USD;27/09/2026;Suministros
OP-2026003166;ES6700490000010000000190;745,92;EUR;26/09/2026;Servicios profesionales
OP-2026003167;ES0621000000690000000095;832,25;EUR;17/09/2026;Nómina
OP-2026003168;ES7801280000160000000179;659,55;EUR;25/09/2026;Proveedor
OP-2026003169;ES4801280000140000000041;708,48;EUR;13/09/2026;Mantenimiento
OP-2026003170;ES7801280000160000000179;615,97;EUR;18/09/2026;Viajes
OP-2026003171;ES4500810000510000000032;776,02;EUR;13/09/2026;Servicios profesionales
OP-2026003172;ES1501280000130000000005;1.130,04;EUR;24/09/2026;Viajes
OP-2026003173;ES0220850000100000000108;490,33;EUR;17/09/2026;Mantenimiento
OP-2026003174;ES3600810000530000000193;1.419,48;EUR;19/09/2026;Material de oficina
OP-2026003175;ES6920850000110000000211;803,96;EUR;15/09/2026;Nómina
OP-2026003176;ES6001820000960000000219;13.287,45;MXN;14/09/2026;Proveedor
OP-2026003177;ES9301280000190000000247;885,12;USD;21/09/2026;Nómina
OP-2026003178;ES7501820000900000000243;639,68;EUR;16/09/2026;Suministros
OP-2026003179;ES6600810000590000000232;1.243,02;EUR;23/09/2026;Suministros
OP-2026003180;ES3421000000690000000173;782,13;EUR;23/09/2026;Alquiler
OP-2026003181;ES7601820000920000000030;817,04;EUR;19/09/2026;Nómina
OP-2026003182;ES8620850000160000000242;561,61;EUR;15/09/2026;Suministros
OP-2026003183;ES1901820000990000000228;929,07;EUR;16/09/2026;Licencias de software
OP-2026003184;ES7701820000960000000107;1.082,22;USD;21/09/2026;Formación
OP-2026003185;ES2421000000610000000163;1.108,35;USD;26/09/2026;Comisiones
OP-2026003186;ES4221000000680000000175;1.075,95;EUR;15/09/2026;Servicios profesionales
OP-2026003187;ES6501820000970000000177;12.086,37;MXN;23/09/2026;Suministros
OP-2026003188;ES7900810000560000000048;693,31;USD;23/09/2026;Viajes
OP-2026003189;ES9201280000120000000220;725,43;EUR;24/09/2026;Viajes
OP-2026003190;ES3400810000510000000036;756,06;EUR;17/09/2026;Suministros
OP-2026003191;ES4600810000580000000059;1.099,75;USD;20/09/2026;Material de oficina
OP-2026003192;ES1501280000160000000052;1.024,70;EUR;18/09/2026;Proveedor
OP-2026003193;ES6901280000100000000150;1.153,43;EUR;17/09/2026;Formación
OP-2026003194;ES4721000000610000000040;770,45;USD;14/09/2026;Transporte
OP-2026003195;ES7221000000620000000026;852,54;EUR;22/09/2026;Viajes
OP-2026003196;ES2701280000110000000178;4.076.057,03;COP;17/09/2026;Mantenimiento
OP-2026003197;ES0920850000170000000124;17.049,51;MXN;14/09/2026;Material de oficina
OP-2026003198;ES9401820000990000000042;668,54;EUR;23/09/2026;Formación
OP-2026003199;ES2300810000530000000233;667,36;EUR;27/09/2026;Transporte
OP-2026003200;ES6600810000500000000091;816,60;EUR;20/09/2026;Alquiler
OP-2026003201;ES5121000000690000000061;690,92;EUR;23/09/2026;Transporte
OP-2026003202;ES7501280000150000000088;888,49;EUR;24/09/2026;Viajes
OP-2026003203;ES9400810000590000000213;670,65;EUR;14/09/2026;Alquiler
OP-2026003204;ES8521000000620000000083;12.685,97;MXN;15/09/2026;Alquiler
OP-2026003205;ES7500810000510000000074;884,76;EUR;21/09/2026;Transporte
OP-2026003206;ES8400490000000000000127;930,17;USD;23/09/2026;Transporte
OP-2026003207;ES7201280000110000000144;815,91;EUR;19/09/2026;Seguros
OP-2026003208;ES3500810000580000000160;1.029,94;EUR;24/09/2026;Viajes
OP-2026003209;ES8100810000500000000112;978,48;USD;14/09/2026;Formación
OP-2026003210;ES3401280000180000000097;933,72;EUR;14/09/2026;Comisiones
OP-2026003211;ES9201820000900000000034;1.155,24;USD;20/09/2026;Transporte
OP-2026003212;ES5500490000050000000210;3.490.023,97;COP;18/09/2026;Suministros
OP-2026003213;ES6001820000960000000219;953,97;EUR;13/09/2026;Publicidad
OP-2026003214;ES8501820000980000000156;1.000,56;USD;17/09/2026;Transporte
OP-2026003215;ES0620850000190000000080;705,99;EUR;19/09/2026;Material de oficina
OP-2026003216;ES4101820000970000000221;580,91;EUR;26/09/2026;Comisiones
OP-2026003217;ES8020850000110000000013;813,35;EUR;18/09/2026;Viajes
OP-2026003218;ES6000810000540000000100;887,29;EUR;14/09/2026;Publicidad
OP-2026003219;ES6920850000110000000211;463,01;EUR;19/09/2026;Licencias de software
OP-2026003220;ES3400810000530000000229;954,84;EUR;27/09/2026;Servicios profesionales
OP-2026003221;ES0621000000690000000095;1.034,57;USD;24/09/2026;Proveedor
OP-2026003222;ES0520850000170000000196;1.127,81;EUR;27/09/2026;Proveedor
OP-2026003223;ES4300810000570000000162;633,47;EUR;24/09/2026;Seguros
OP-2026003224;ES5420850000100000000239;979,95;EUR;17/09/2026;Transporte
OP-2026003225;ES8700810000550000000244;3.680.165,39;COP;19/09/2026;Comisiones
OP-2026003226;ES8401280000130000000121;678,32;EUR;22/09/2026;Formación
OP-2026003227;ES6701820000910000000047;757,50;USD;16/09/2026;Servicios profesionales
OP-2026003228;ES2421000000610000000163;893,99;EUR;14/09/2026;Licencias de software
OP-2026003229;ES9600490000020000000007;527,20;EUR;13/09/2026;Transporte
OP-2026003230;ES9200810000530000000155;1.454,73;EUR;19/09/2026;Servicios profesionales
OP-2026003231;ES4500810000510000000032;902,65;EUR;21/09/2026;Formación
OP-2026003232;ES9100810000580000000025;19.173,50;MXN;23/09/2026;Alquiler
OP-2026003233;ES1500810000540000000134;1.225,17;EUR;17/09/2026;Seguros
OP-2026003234;ES5100810000560000000067;787,18;USD;17/09/2026;Seguros
OP-2026003235;ES4621000000680000000006;16.968,77;MXN;16/09/2026;Nómina
OP-2026003236;ES9120850000140000000250;916,86;EUR;17/09/2026;Material de oficina
OP-2026003237;ES4500810000510000000032;1.215,67;EUR;14/09/2026;Comisiones
OP-2026003238;ES5901280000140000000037;763,53;EUR;27/09/2026;Suministros
OP-2026003239;ES8321000000620000000119;1.017,05;EUR;22/09/2026;Licencias de software
OP-2026003240;ES4621000000680000000200;1.102,90;EUR;21/09/2026;Formación
OP-2026003241;ES9301280000190000000247;1.125,74;EUR;25/09/2026;Mantenimiento
OP-2026003242;ES3421000000660000000223;853,61;EUR;23/09/2026;Material de oficina
OP-2026003243;ES9621000000620000000079;913,31;USD;13/09/2026;Mantenimiento
OP-2026003244;ES3400810000510000000133;987,94;EUR;24/09/2026;Viajes
OP-2026003245;ES1100490000070000000031;515,63;EUR;15/09/2026;Material de oficina
OP-2026003246;ES5401280000160000000029;885,19;EUR;25/09/2026;Comisiones
OP-2026003247;ES9100490000070000000240;3.235.429,23;COP;14/09/2026;Formación
OP-2026003248;ES2401820000970000000139;476,97;EUR;19/09/2026;Seguros
OP-2026003249;ES0500490000070000000236;1.496,11;USD;21/09/2026;Proveedor
OP-2026003250;ES2800810000510000000241;1.170,00;EUR;22/09/2026;Transporte
OP-2026003251;ES8100810000530000000062;938,88;EUR;15/09/2026;Publicidad
OP-2026003252;ES8321000000620000000119;3.194.242,11;COP;21/09/2026;Servicios profesionales
OP-2026003253;ES4721000000610000000040;730,49;EUR;27/09/2026;Alquiler
OP-2026003254;ES8020850000110000000013;900,18;USD;14/09/2026;Nómina
OP-2026003255;ES2501820000990000000023;1.092,03;EUR;26/09/2026;Alquiler
OP-2026003256;ES0701280000170000000050;786,23;EUR;14/09/2026;Comisiones
OP-2026003257;ES7501820000900000000146;631,78;EUR;23/09/2026;Viajes
OP-2026003258;ES0701280000170000000050;783,05;EUR;25/09/2026;Servicios profesionales
OP-2026003259;ES0301820000920000000180;923,24;EUR;14/09/2026;Servicios profesionales
OP-2026003260;ES7501820000900000000243;1.159,73;EUR;15/09/2026;Formación
OP-2026003261;ES0701280000170000000050;859,42;EUR;23/09/2026;Material de oficina
OP-2026003262;ES3400810000530000000229;732,34;EUR;14/09/2026;Proveedor
OP-2026003263;ES8100810000530000000062;2.739.579,75;COP;13/09/2026;Comisiones
OP-2026003264;ES1520850000100000000068;893,34;EUR;27/09/2026;Comisiones
OP-2026003265;ES9620850000120000000064;927,58;EUR;19/09/2026;Nómina
OP-2026003266;ES2000810000520000000142;994,64;USD;17/09/2026;Material de oficina
OP-2026003267;ES3801820000960000000033;986,32;USD;17/09/2026;Transporte
OP-2026003268;ES9821000000680000000137;905,28;EUR;24/09/2026;Licencias de software
OP-2026003269;ES8020850000110000000110;1.143,78;USD;23/09/2026;Servicios profesionales
OP-2026003270;ES3720850000170000000008;22.899,87;MXN;26/09/2026;Comisiones
OP-2026003271;ES8400490000000000000127;1.060,44;EUR;14/09/2026;Nómina
OP-2026003272;ES0701280000170000000050;693,06;EUR;22/09/2026;Transporte
OP-2026003273;ES0701280000170000000050;881,52;EUR;16/09/2026;Viajes
OP-2026003274;ES7621000000650000000001;3.389.557,81;COP;16/09/2026;Seguros
OP-2026003275;ES5100810000560000000067;662,79;EUR;18/09/2026;Viajes
OP-2026003276;ES2921000000680000000215;1.030,99;EUR;23/09/2026;Transporte
OP-2026003277;ES7400490000070000000158;840,52;USD;16/09/2026;Material de oficina
OP-2026003278;ES7300810000540000000060;1.054,51;USD;27/09/2026;Viajes
OP-2026003279;ES6421000000630000000024;992,20;USD;21/09/2026;Nómina
OP-2026003280;ES3401280000180000000097;1.306,74;USD;16/09/2026;Viajes
OP-2026003281;ES3820850000150000000185;738,08;USD;14/09/2026;Proveedor
OP-2026003282;ES4201280000170000000099;1.025,99;EUR;27/09/2026;Proveedor
OP-2026003283;ES8721000000680000000141;918,13;EUR;17/09/2026;Transporte
OP-2026003284;ES7521000000660000000164;1.045,40;EUR;22/09/2026;Comisiones
OP-2026003285;ES3621000000630000000043;847,77;EUR;15/09/2026;Mantenimiento
OP-2026003286;ES8401280000130000000121;605,31;EUR;26/09/2026;Material de oficina
OP-2026003287;ES9621000000620000000079;1.161,91;EUR;25/09/2026;Formación
OP-2026003288;ES5300810000500000000131;894,40;EUR;17/09/2026;Servicios profesionales
OP-2026003289;ES7500810000510000000074;803,01;EUR;17/09/2026;Transporte
OP-2026003290;ES7300810000540000000060;949,40;EUR;13/09/2026;Proveedor
OP-2026003291;ES1820850000180000000010;3.745.780,45;COP;18/09/2026;Comisiones
OP-2026003292;ES3000810000570000000105;737,42;EUR;15/09/2026;Transporte
OP-2026003293;ES0420850000100000000072;1.089,51;USD;23/09/2026;Alquiler
OP-2026003294;ES5121000000690000000061;984,64;USD;21/09/2026;Alquiler
OP-2026003295;ES3400810000530000000229;634,89;USD;14/09/2026;Suministros
OP-2026003296;ES9100810000580000000025;572,64;EUR;22/09/2026;Publicidad
OP-2026003297;ES5900810000550000000166;21.181,53;MXN;23/09/2026;Suministros
OP-2026003298;ES5420850000100000000239;678,91;EUR;27/09/2026;Servicios profesionales
OP-2026003299;ES8120850000180000000234;886,74;USD;14/09/2026;Alquiler
OP-2026003300;ES3701280000190000000188;951,02;USD;25/09/2026;Comisiones
OP-2026003301;ES8501820000980000000156;764,97;EUR;24/09/2026;Proveedor
OP-2026003302;ES4901820000960000000126;918,95;EUR;18/09/2026;Servicios profesionales
OP-2026003303;ES9401820000990000000042;671,04;USD;16/09/2026;Formación
OP-2026003304;ES0920850000170000000124;14.086,55;MXN;27/09/2026;Formación
OP-2026003305;ES8701820000950000000073;4.391.642,62;COP;23/09/2026;Formación
OP-2026003306;ES9100810000580000000025;888,38;EUR;24/09/2026;Nómina
OP-2026003307;ES6300490000040000000115;14.373,25;MXN;18/09/2026;Comisiones
OP-2026003308;ES2300810000530000000233;2.667.713,27;COP;26/09/2026;Suministros
OP-2026003309;ES2300810000530000000233;685,13;USD;26/09/2026;Mantenimiento
OP-2026003310;ES6901280000100000000150;16.978,78;MXN;25/09/2026;Licencias de software
OP-2026003311;ES8700810000550000000244;4.686.706,59;COP;27/09/2026;Material de oficina
OP-2026003312;ES3801820000960000000033;1.070,32;EUR;17/09/2026;Formación
OP-2026003313;ES3720850000170000000008;755,88;EUR;23/09/2026;Publicidad
OP-2026003314;ES8620850000160000000145;11.959,11;MXN;20/09/2026;Servicios profesionales
OP-2026003315;ES3021000000610000000152;3.864.628,20;COP;19/09/2026;Comisiones
OP-2026003316;ES7600490000040000000172;1.096,16;EUR;17/09/2026;Publicidad
OP-2026003317;ES8100810000500000000112;717,98;EUR;18/09/2026;Viajes
OP-2026003318;ES7001820000920000000138;13.980,76;MXN;27/09/2026;Publicidad
OP-2026003319;ES6501820000970000000177;949,42;EUR;16/09/2026;Nómina
OP-2026003320;ES7920850000120000000176;783,39;USD;21/09/2026;Servicios profesionales
OP-2026003321;ES8400490000000000000127;760,92;EUR;27/09/2026;Comisiones
OP-2026003322;ES9420850000180000000194;763,02;EUR;23/09/2026;Mantenimiento
OP-2026003323;ES9301280000190000000247;785,94;EUR;21/09/2026;Suministros
OP-2026003324;ES8020850000110000000110;922,82;USD;27/09/2026;Material de oficina
OP-2026003325;ES4201280000170000000099;930,84;USD;19/09/2026;Publicidad
OP-2026003326;ES7500810000510000000074;956,93;EUR;27/09/2026;Material de oficina
OP-2026003327;ES7701820000990000000154;995,88;EUR;18/09/2026;Comisiones
OP-2026003328;ES4000490000050000000092;521,83;USD;13/09/2026;Proveedor
OP-2026003329;ES9500490000010000000171;556,95;EUR;14/09/2026;Mantenimiento
OP-2026003330;ES6701820000910000000047;979,51;USD;27/09/2026;Proveedor
OP-2026003331;ES5300810000500000000131;912,16;USD;23/09/2026;Material de oficina
OP-2026003332;ES0421000000600000000087;1.018,97;USD;17/09/2026;Mantenimiento
OP-2026003333;ES4901820000960000000126;946,06;EUR;17/09/2026;Licencias de software
OP-2026003334;ES5800490000060000000204;1.039,71;USD;27/09/2026;Servicios profesionales
OP-2026003335;ES5900490000010000000237;898,04;EUR;16/09/2026;Comisiones
OP-2026003336;ES6320850000140000000075;1.074,87;EUR;20/09/2026;Mantenimiento
OP-2026003337;ES9420850000180000000194;17.456,80;MXN;17/09/2026;Suministros
OP-2026003338;ES7500810000510000000074;3.149.172,26;COP;25/09/2026;Viajes
OP-2026003339;ES5520850000150000000170;827,68;EUR;22/09/2026;Seguros
OP-2026003340;ES3500810000550000000113;614,22;EUR;20/09/2026;Proveedor
OP-2026003341;ES8521000000620000000083;898,26;EUR;17/09/2026;Nómina
OP-2026003342;ES5520850000150000000170;779,09;EUR;15/09/2026;Proveedor
OP-2026003343;ES6701280000160000000086;18.050,75;MXN;16/09/2026;Servicios profesionales
OP-2026003344;ES9120850000140000000250;1.248,93;EUR;17/09/2026;Proveedor
OP-2026003345;ES7520850000130000000102;629,83;EUR;22/09/2026;Nómina
OP-2026003346;ES1100490000070000000031;811,55;USD;19/09/2026;Viajes
OP-2026003347;ES3820850000120000000235;952,29;EUR;13/09/2026;Licencias de software
OP-2026003348;ES7701820000990000000154;544,71;EUR;27/09/2026;Material de oficina
OP-2026003349;ES2120850000190000000004;534,97;USD;25/09/2026;Transporte
OP-2026003350;ES7521000000610000000021;791,06;EUR;21/09/2026;Alquiler
OP-2026003351;ES4101820000970000000221;1.284,71;USD;14/09/2026;Alquiler
OP-2026003352;ES6200810000510000000114;1.179,79;EUR;16/09/2026;Proveedor
OP-2026003353;ES1200490000020000000161;1.272,73;EUR;15/09/2026;Proveedor
OP-2026003354;ES4300810000570000000065;1.130,80;EUR;16/09/2026;Transporte
OP-2026003355;ES6501820000970000000177;18.419,11;MXN;23/09/2026;Formación
OP-2026003356;ES7320850000190000000135;754,02;EUR;17/09/2026;Licencias de software
OP-2026003357;ES1901820000990000000228;472,56;USD;18/09/2026;Comisiones
OP-2026003358;ES5900810000550000000166;2.581.442,04;COP;16/09/2026;Comisiones
OP-2026003359;ES3401820000930000000058;972,28;EUR;17/09/2026;Seguros
OP-2026003360;ES6201820000960000000183;889,72;EUR;24/09/2026;Proveedor
OP-2026003361;ES7620850000110000000085;7.321,14;MXN;27/09/2026;Licencias de software
OP-2026003362;ES7701820000960000000107;977,16;USD;18/09/2026;Seguros
OP-2026003363;ES5901280000140000000037;1.053,25;EUR;24/09/2026;Publicidad
OP-2026003364;ES0500490000070000000236;1.039,94;USD;23/09/2026;Transporte
OP-2026003365;ES1501280000160000000052;975,45;USD;14/09/2026;Suministros
OP-2026003366;ES4101820000970000000221;16.545,06;MXN;26/09/2026;Proveedor
OP-2026003367;ES7301820000910000000230;765,14;EUR;17/09/2026;Material de oficina
OP-2026003368;ES7600810000550000000151;720,84;EUR;14/09/2026;Suministros
OP-2026003369;ES3101280000140000000056;1.100,01;EUR;23/09/2026;Transporte
OP-2026003370;ES9121000000610000000218;977,80;USD;20/09/2026;Publicidad
OP-2026003371;ES5621000000640000000022;1.284,93;EUR;21/09/2026;Licencias de software
OP-2026003372;ES7601820000920000000030;1.060,38;EUR;23/09/2026;Transporte
OP-2026003373;ES1200810000560000000090;515,88;EUR;19/09/2026;Material de oficina
OP-2026003374;ES0420850000100000000072;888,99;EUR;23/09/2026;Formación
OP-2026003375;ES4400810000520000000098;1.221,53;EUR;24/09/2026;Suministros
OP-2026003376;ES4800490000040000000094;906,95;EUR;19/09/2026;Publicidad
OP-2026003377;ES8401820000910000000226;1.147,94;USD;24/09/2026;Proveedor
OP-2026003378;ES1200810000530000000140;1.199,92;EUR;21/09/2026;Viajes
OP-2026003379;ES8401280000130000000121;779,15;EUR;20/09/2026;Suministros
OP-2026003380;ES6200810000510000000017;998,71;EUR;13/09/2026;Comisiones
OP-2026003381;ES8521000000620000000083;750,51;EUR;25/09/2026;Transporte
OP-2026003382;ES8021000000610000000222;4.432.202,85;COP;15/09/2026;Publicidad
OP-2026003383;ES5900490000010000000237;927,22;EUR;15/09/2026;Viajes
OP-2026003384;ES3021000000610000000055;741,48;EUR;13/09/2026;Licencias de software
OP-2026003385;ES8021000000610000000222;1.028,12;EUR;20/09/2026;Alquiler
OP-2026003386;ES6101820000980000000103;13.459,32;MXN;13/09/2026;Proveedor
OP-2026003387;ES1501280000130000000005;1.089,74;EUR;15/09/2026;Alquiler
OP-2026003388;ES6701280000130000000136;4.093.338,40;COP;20/09/2026;Formación
OP-2026003389;ES3221000000600000000165;991,36;EUR;13/09/2026;Mantenimiento
OP-2026003390;ES7501280000150000000088;840,85;EUR;24/09/2026;Formación
OP-2026003391;ES1000810000590000000076;5.227.784,04;COP;23/09/2026;Formación
OP-2026003392;ES3601820000990000000116;930,32;EUR;18/09/2026;Material de oficina
OP-2026003393;ES2101820000910000000002;3.727.544,73;COP;24/09/2026;Servicios profesionales
OP-2026003394;ES3101280000140000000153;1.074,72;USD;13/09/2026;Licencias de software
OP-2026003395;ES4300810000570000000162;680,04;USD;15/09/2026;Transporte
OP-2026003396;ES2720850000120000000045;10.151,40;MXN;23/09/2026;Publicidad
OP-2026003397;ES4220850000180000000063;1.054,54;USD;21/09/2026;Publicidad
OP-2026003398;ES6620850000150000000069;968,89;EUR;14/09/2026;Servicios profesionales
OP-2026003399;ES9100810000580000000025;867,03;USD;17/09/2026;Publicidad
OP-2026003400;ES9820850000180000000122;4.163.502,78;COP;25/09/2026;Publicidad
OP-2026003401;ES2700490000080000000082;18.480,14;MXN;27/09/2026;Proveedor
OP-2026003402;ES5121000000690000000061;447,62;EUR;25/09/2026;Alquiler
OP-2026003403;ES7400490000070000000158;960,80;EUR;22/09/2026;Transporte
OP-2026003404;ES6101280000110000000051;742,07;EUR;23/09/2026;Transporte
OP-2026003405;ES7521000000660000000164;698,65;USD;20/09/2026;Nómina
OP-2026003406;ES6720850000140000000003;772,69;EUR;13/09/2026;Transporte
OP-2026003407;ES5900810000550000000166;842,96;USD;20/09/2026;Suministros
OP-2026003408;ES4300810000570000000162;715,46;USD;13/09/2026;Suministros
OP-2026003409;ES9201820000900000000034;8.180,13;MXN;26/09/2026;Material de oficina
OP-2026003410;ES3820850000120000000235;1.319,69;EUR;24/09/2026;Transporte
OP-2026003411;ES7120850000100000000224;1.056,74;EUR;17/09/2026;Licencias de software
OP-2026003412;ES3221000000600000000165;1.390,39;EUR;23/09/2026;Seguros
OP-2026003413;ES7501820000900000000243;1.223,23;USD;18/09/2026;Material de oficina
OP-2026003414;ES7600810000520000000201;522,26;EUR;23/09/2026;Mantenimiento
OP-2026003415;ES8521000000620000000083;833,16;EUR;17/09/2026;Alquiler
OP-2026003416;ES8501820000980000000156;865,46;EUR;14/09/2026;Publicidad
OP-2026003417;ES1000810000590000000076;811,67;USD;20/09/2026;Seguros
OP-2026003418;ES0701280000170000000050;521,14;EUR;17/09/2026;Seguros
OP-2026003419;ES4800810000520000000123;939,47;EUR;22/09/2026;Formación
OP-2026003420;ES9121000000610000000218;944,88;EUR;22/09/2026;Formación
OP-2026003421;ES7401280000170000000202;871,07;EUR;19/09/2026;Suministros
OP-2026003422;ES8100810000500000000112;744,08;EUR;25/09/2026;Servicios profesionales
OP-2026003423;ES6200810000510000000017;796,52;EUR;14/09/2026;Viajes
OP-2026003424;ES9101280000130000000189;870,80;EUR;23/09/2026;Comisiones
OP-2026003425;ES0500490000070000000236;793,44;EUR;19/09/2026;Mantenimiento
OP-2026003426;ES7520850000130000000102;2.882.527,34;COP;18/09/2026;Alquiler
OP-2026003427;ES1800810000550000000225;639,25;EUR;24/09/2026;Alquiler
OP-2026003428;ES0701280000170000000050;735,84;EUR;21/09/2026;Publicidad
OP-2026003429;ES4800810000520000000123;814,98;EUR;16/09/2026;Publicidad
OP-2026003430;ES4521000000690000000169;10.823,37;MXN;25/09/2026;Seguros
OP-2026003431;ES1501280000160000000052;743,96;EUR;16/09/2026;Viajes
OP-2026003432;ES7521000000660000000164;1.097,28;USD;26/09/2026;Servicios profesionales
OP-2026003433;ES9820850000180000000122;850,55;EUR;26/09/2026;Proveedor
OP-2026003434;ES4201280000170000000099;771,02;EUR;24/09/2026;Alquiler
OP-2026003435;ES3621000000630000000043;4.405.009,42;COP;22/09/2026;Transporte
OP-2026003436;ES3500810000580000000160;507,55;EUR;19/09/2026;Licencias de software
OP-2026003437;ES4000490000050000000092;940,03;EUR;25/09/2026;Material de oficina
OP-2026003438;ES5901280000170000000084;936,39;EUR;16/09/2026;Publicidad
OP-2026003439;ES4300810000570000000162;988,27;EUR;15/09/2026;Material de oficina
OP-2026003440;ES3421000000660000000223;912,87;EUR;25/09/2026;Alquiler
OP-2026003441;ES7500810000510000000074;1.528,21;USD;14/09/2026;Comisiones
OP-2026003442;ES2701280000110000000178;13.004,44;MXN;14/09/2026;Material de oficina
OP-2026003443;ES8401820000910000000226;594,11;EUR;14/09/2026;Transporte
OP-2026003444;ES1100490000070000000031;1.676.130,63;COP;27/09/2026;Nómina
OP-2026003445;ES3921000000640000000231;15.603,54;MXN;27/09/2026;Nómina
OP-2026003446;ES8020850000110000000013;650,16;USD;25/09/2026;Seguros
OP-2026003447;ES3921000000640000000231;852,99;EUR;26/09/2026;Viajes
OP-2026003448;ES8121000000680000000249;963,84;EUR;26/09/2026;Publicidad
OP-2026003449;ES3500810000550000000113;1.081,54;EUR;17/09/2026;Alquiler
OP-2026003450;ES5900810000520000000216;1.013,11;USD;16/09/2026;Formación
OP-2026003451;ES1801280000170000000143;1.230,02;EUR;13/09/2026;Seguros
OP-2026003452;ES9500810000540000000149;3.231.380,32;COP;25/09/2026;Proveedor
OP-2026003453;ES6701280000130000000136;587,10;EUR;24/09/2026;Alquiler
OP-2026003454;ES8320850000120000000104;995,27;EUR;16/09/2026;Licencias de software
OP-2026003455;ES9100490000070000000240;15.486,87;MXN;23/09/2026;Licencias de software
OP-2026003456;ES5500490000050000000210;489,90;EUR;23/09/2026;Suministros
OP-2026003457;ES3421000000690000000173;790,98;EUR;20/09/2026;Viajes
OP-2026003458;ES1320850000160000000198;666,53;USD;18/09/2026;Formación
OP-2026003459;ES3120850000150000000020;515,16;EUR;19/09/2026;Material de oficina
OP-2026003460;ES9320850000110000000167;3.934.510,19;COP;22/09/2026;Alquiler
OP-2026003461;ES0621000000690000000095;739,00;EUR;23/09/2026;Viajes
OP-2026003462;ES3401820000930000000058;768,23;EUR;21/09/2026;Nómina
OP-2026003463;ES7501280000150000000088;630,61;EUR;20/09/2026;Mantenimiento
OP-2026003464;ES6200810000510000000017;752,15;USD;18/09/2026;Nómina
OP-2026003465;ES1800810000550000000225;767,78;EUR;13/09/2026;Transporte
OP-2026003466;ES9100810000580000000025;661,69;EUR;17/09/2026;Formación
OP-2026003467;ES4800810000520000000123;767,20;EUR;21/09/2026;Mantenimiento
OP-2026003468;ES0421000000600000000087;657,67;EUR;16/09/2026;Comisiones
OP-2026003469;ES3221000000600000000165;796,04;USD;26/09/2026;Alquiler
OP-2026003470;ES4000490000050000000092;769,97;EUR;22/09/2026;Formación
OP-2026003471;ES3801820000960000000033;729,13;EUR;22/09/2026;Nómina
OP-2026003472;ES9500810000540000000149;993,64;EUR;24/09/2026;Seguros
OP-2026003473;ES7001820000920000000138;8.550,60;MXN;18/09/2026;Suministros
OP-2026003474;ES8700810000550000000147;643,99;EUR;25/09/2026;Licencias de software
OP-2026003475;ES1501280000160000000052;878,72;EUR;16/09/2026;Alquiler
OP-2026003476;ES2800810000510000000241;986,28;USD;18/09/2026;Publicidad
OP-2026003477;ES7701820000960000000107;842,46;EUR;24/09/2026;Publicidad
OP-2026003478;ES9001820000930000000117;1.217,19;EUR;19/09/2026;Seguros
OP-2026003479;ES0220850000100000000108;3.987.636,71;COP;15/09/2026;Seguros
OP-2026003480;ES7621000000650000000001;1.384,97;EUR;26/09/2026;Suministros
OP-2026003481;ES8501820000950000000206;543,12;USD;24/09/2026;Nómina
OP-2026003482;ES0520850000170000000196;726,51;EUR;23/09/2026;Licencias de software
OP-2026003483;ES7020850000180000000044;9.555,66;MXN;17/09/2026;Formación
OP-2026003484;ES6701280000130000000039;904,30;USD;22/09/2026;Comisiones
OP-2026003485;ES8401820000910000000226;990,14;EUR;15/09/2026;Suministros
OP-2026003486;ES1800490000040000000246;4.358.297,03;COP;18/09/2026;Mantenimiento
OP-2026003487;ES1320850000160000000198;821,57;EUR;21/09/2026;Mantenimiento
OP-2026003488;ES1501280000130000000005;802,11;EUR;13/09/2026;Material de oficina
OP-2026003489;ES3500490000070000000181;1.216,00;EUR;27/09/2026;Comisiones
OP-2026003490;ES9120850000140000000250;1.153,14;EUR;20/09/2026;Servicios profesionales
OP-2026003491;ES3500810000580000000160;925,01;EUR;20/09/2026;Comisiones
OP-2026003492;ES1801280000170000000143;12.133,15;MXN;17/09/2026;Comisiones
OP-2026003493;ES3400810000510000000133;3.869.151,35;COP;23/09/2026;Proveedor
OP-2026003494;ES0600490000090000000120;1.321,57;USD;14/09/2026;Comisiones
OP-2026003495;ES3101280000110000000106;914,19;EUR;14/09/2026;Licencias de software
OP-2026003496;ES9101280000130000000189;944,02;EUR;26/09/2026;Proveedor
OP-2026003497;ES0220850000100000000205;799,84;EUR;24/09/2026;Seguros
OP-2026003498;ES4500810000510000000032;510,82;EUR;13/09/2026;Material de oficina
OP-2026003499;ES9201280000120000000220;444,24;EUR;13/09/2026;Alquiler
OP-2026003500;ES3600810000530000000193;831,07;EUR;22/09/2026;Transporte
OP-2026003501;ES7020850000180000000044;15.256,68;MXN;24/09/2026;Suministros
OP-2026003502;ES3400810000510000000036;813,06;EUR;20/09/2026;Suministros
OP-2026003503;ES6520850000110000000089;1.112,97;USD;19/09/2026;Material de oficina
OP-2026003504;ES9600490000020000000007;919,27;EUR;26/09/2026;Material de oficina
OP-2026003505;ES3621000000630000000043;15.026,14;MXN;20/09/2026;Seguros
OP-2026003506;ES9100810000580000000025;829,50;EUR;14/09/2026;Seguros
OP-2026003507;ES7620850000110000000085;21.027,14;MXN;15/09/2026;Nómina
OP-2026003508;ES8401820000910000000226;1.002,73;EUR;13/09/2026;Transporte
OP-2026003509;ES3401820000930000000058;750,14;USD;16/09/2026;Formación
OP-2026003510;ES2721000000620000000157;13.014,94;MXN;21/09/2026;Suministros
OP-2026003511;ES6500810000520000000011;1.029,13;EUR;17/09/2026;Comisiones
OP-2026003512;ES3101280000140000000153;1.009,08;USD;24/09/2026;Material de oficina
OP-2026003513;ES3701280000190000000188;19.927,94;MXN;15/09/2026;Nómina
OP-2026003514;ES7621000000650000000001;3.398.611,08;COP;27/09/2026;Seguros
OP-2026003515;ES2401280000100000000184;1.081,80;EUR;17/09/2026;Nómina
OP-2026003516;ES5520850000150000000170;941,07;EUR;27/09/2026;Licencias de software
OP-2026003517;ES2401280000100000000184;16.139,56;MXN;26/09/2026;Alquiler
OP-2026003518;ES3120850000150000000020;1.184,31;EUR;16/09/2026;Comisiones
OP-2026003519;ES5100810000560000000067;24.069,85;MXN;13/09/2026;Transporte
OP-2026003520;ES2000810000520000000142;1.171,68;EUR;18/09/2026;Proveedor
OP-2026003521;ES9420850000180000000194;1.363,42;EUR;15/09/2026;Seguros
OP-2026003522;ES7400490000070000000158;829,84;USD;25/09/2026;Transporte
OP-2026003523;ES5701820000950000000128;1.056,39;EUR;24/09/2026;Alquiler
OP-2026003524;ES7500810000510000000074;833,19;EUR;16/09/2026;Seguros
OP-2026003525;ES3500810000580000000160;879,99;EUR;24/09/2026;Licencias de software
OP-2026003526;ES7600810000550000000151;548,68;USD;21/09/2026;Proveedor
OP-2026003527;ES3500490000070000000181;442,17;EUR;13/09/2026;Mantenimiento
OP-2026003528;ES3500810000550000000113;963,45;USD;23/09/2026;Material de oficina
OP-2026003529;ES7600490000040000000172;878,13;EUR;23/09/2026;Mantenimiento
OP-2026003530;ES7501280000150000000088;871,05;EUR;19/09/2026;Formación
OP-2026003531;ES8721000000680000000141;17.509,05;MXN;22/09/2026;Suministros
OP-2026003532;ES0201820000900000000199;928,13;EUR;24/09/2026;Proveedor
OP-2026003533;ES7920850000120000000176;863,38;EUR;22/09/2026;Nómina
OP-2026003534;ES5001280000130000000248;697,61;EUR;20/09/2026;Viajes
OP-2026003535;ES6101820000980000000103;1.357,10;EUR;14/09/2026;Suministros
OP-2026003536;ES7101280000160000000014;1.013,13;EUR;24/09/2026;Servicios profesionales
OP-2026003537;ES2120850000190000000004;917,72;USD;14/09/2026;Nómina
OP-2026003538;ES5600810000510000000125;600,87;EUR;18/09/2026;Servicios profesionales
OP-2026003539;ES8620850000160000000145;1.039,64;USD;14/09/2026;Material de oficina
OP-2026003540;ES8121000000680000000249;760,81;USD;18/09/2026;Servicios profesionales
OP-2026003541;ES9100490000070000000240;905,19;EUR;24/09/2026;Nómina
OP-2026003542;ES6101280000110000000051;1.051,05;EUR;27/09/2026;Seguros
OP-2026003543;ES9620850000120000000064;19.823,86;MXN;26/09/2026;Publicidad
OP-2026003544;ES1901820000990000000228;1.045,41;USD;23/09/2026;Servicios profesionales
OP-2026003545;ES1420850000150000000132;820,84;USD;21/09/2026;Proveedor
OP-2026003546;ES0420850000100000000072;1.332,26;EUR;18/09/2026;Publicidad
OP-2026003547;ES8100810000500000000112;511,59;EUR;27/09/2026;Servicios profesionales
OP-2026003548;ES2700490000080000000082;578,44;USD;14/09/2026;Mantenimiento
OP-2026003549;ES4621000000680000000200;17.346,97;MXN;13/09/2026;Mantenimiento
OP-2026003550;ES4600810000580000000059;537,47;EUR;23/09/2026;Proveedor
OP-2026003551;ES8521000000620000000083;669,48;EUR;18/09/2026;Material de oficina
OP-2026003552;ES7001820000920000000138;1.093,39;EUR;19/09/2026;Material de oficina
OP-2026003553;ES4721000000610000000040;23.031,19;MXN;26/09/2026;Suministros
OP-2026003554;ES7400490000070000000158;562,43;USD;27/09/2026;Formación
OP-2026003555;ES3820850000120000000235;841,97;EUR;16/09/2026;Transporte
OP-2026003556;ES9201820000900000000034;969,07;EUR;15/09/2026;Formación
OP-2026003557;ES7420850000140000000168;13.927,31;MXN;26/09/2026;Alquiler
OP-2026003558;ES6520850000110000000186;833,60;EUR;15/09/2026;Transporte
OP-2026003559;ES9400810000590000000213;918,19;USD;15/09/2026;Seguros
OP-2026003560;ES1520850000100000000068;592,91;EUR;27/09/2026;Alquiler
OP-2026003561;ES9821000000680000000137;969,22;EUR;26/09/2026;Material de oficina
OP-2026003562;ES8021000000610000000222;974,15;EUR;21/09/2026;Mantenimiento
OP-2026003563;ES8901280000110000000129;1.287,86;EUR;19/09/2026;Publicidad
OP-2026003564;ES8700810000550000000147;886,45;EUR;25/09/2026;Viajes
OP-2026003565;ES8100810000500000000015;788,90;EUR;24/09/2026;Mantenimiento
OP-2026003566;ES3600810000530000000193;1.049,96;EUR;15/09/2026;Suministros
OP-2026003567;ES8020850000110000000207;849,26;EUR;24/09/2026;Suministros
OP-2026003568;ES1420850000150000000132;920,55;EUR;26/09/2026;Viajes
OP-2026003569;ES2701280000110000000178;941,03;EUR;17/09/2026;Formación
OP-2026003570;ES3720850000170000000008;800,07;EUR;27/09/2026;Publicidad
OP-2026003571;ES7320850000190000000135;1.008,52;USD;15/09/2026;Servicios profesionales
OP-2026003572;ES9100490000070000000240;629,83;EUR;18/09/2026;Publicidad
OP-2026003573;ES7201280000110000000144;3.800.190,50;COP;15/09/2026;Comisiones
OP-2026003574;ES1520850000100000000068;756,65;EUR;24/09/2026;Alquiler
OP-2026003575;ES5520850000150000000170;796,83;EUR;25/09/2026;Formación
OP-2026003576;ES1420850000150000000132;5.199.575,38;COP;17/09/2026;Formación
OP-2026003577;ES1901820000990000000228;807,14;EUR;27/09/2026;Alquiler
OP-2026003578;ES9120850000140000000250;899,71;USD;25/09/2026;Viajes
OP-2026003579;ES8400490000000000000127;809,04;EUR;16/09/2026;Publicidad
OP-2026003580;ES7400490000070000000158;702,88;USD;16/09/2026;Mantenimiento
OP-2026003581;ES6101820000980000000103;1.116,84;USD;22/09/2026;Comisiones
OP-2026003582;ES3500810000580000000160;633,55;EUR;23/09/2026;Nómina
OP-2026003583;ES3720850000170000000008;772,56;EUR;23/09/2026;Suministros
OP-2026003584;ES9400810000590000000213;921,96;EUR;21/09/2026;Licencias de software
OP-2026003585;ES9820850000180000000122;1.292,90;EUR;26/09/2026;Comisiones
OP-2026003586;ES8100810000530000000062;678,23;EUR;27/09/2026;Seguros
OP-2026003587;ES5401280000160000000029;855,69;EUR;13/09/2026;Comisiones
OP-2026003588;ES5401280000160000000029;823,12;EUR;25/09/2026;Viajes
OP-2026003589;ES9500490000010000000171;3.575.485,52;COP;17/09/2026;Licencias de software
OP-2026003590;ES8501820000950000000206;895,87;EUR;24/09/2026;Licencias de software
OP-2026003591;ES7600810000550000000151;737,72;EUR;19/09/2026;Mantenimiento
OP-2026003592;ES9121000000610000000218;861,54;EUR;13/09/2026;Publicidad
OP-2026003593;ES7020850000180000000044;873,58;EUR;24/09/2026;Formación
OP-2026003594;ES1901820000990000000228;3.450.520,70;COP;23/09/2026;Licencias de software
OP-2026003595;ES4000810000560000000071;1.224,34;USD;23/09/2026;Nómina
OP-2026003596;ES0600490000090000000120;2.214.722,41;COP;14/09/2026;Suministros
OP-2026003597;ES1420850000150000000132;795,31;EUR;21/09/2026;Mantenimiento
OP-2026003598;ES4300810000570000000065;1.115,51;EUR;25/09/2026;Proveedor
OP-2026003599;ES1301820000970000000046;820,51;USD;14/09/2026;Seguros
OP-2026003600;ES3400810000530000000229;663,23;EUR;23/09/2026;Seguros
OP-2026003601;ES6101280000110000000051;11.421,89;MXN;23/09/2026;Nómina
OP-2026003602;ES9201820000900000000034;706,34;EUR;21/09/2026;Viajes
OP-2026003603;ES5801280000190000000101;14.557,87;MXN;14/09/2026;Nómina
OP-2026003604;ES1820850000180000000010;368,06;EUR;19/09/2026;Publicidad
OP-2026003605;ES7101280000160000000111;12.179,83;MXN;17/09/2026;Seguros
OP-2026003606;ES7501280000150000000088;802,03;EUR;27/09/2026;Material de oficina
OP-2026003607;ES7701820000990000000057;958,18;EUR;24/09/2026;Proveedor
OP-2026003608;ES7521000000610000000021;372,10;EUR;17/09/2026;Licencias de software
OP-2026003609;ES0500490000070000000236;854,73;USD;25/09/2026;Nómina
OP-2026003610;ES2420850000110000000245;835,95;EUR;24/09/2026;Servicios profesionales
OP-2026003611;ES5900490000010000000237;715,52;EUR;21/09/2026;Material de oficina
OP-2026003612;ES6201820000960000000183;1.149,08;USD;13/09/2026;Publicidad
OP-2026003613;ES3520850000140000000191;1.096,67;EUR;13/09/2026;Mantenimiento
OP-2026003614;ES6600810000500000000091;800,44;EUR;14/09/2026;Proveedor
OP-2026003615;ES7101280000160000000014;1.342,36;USD;15/09/2026;Proveedor
OP-2026003616;ES7501820000900000000146;790,45;EUR;13/09/2026;Nómina
OP-2026003617;ES7701820000990000000057;1.320,57;EUR;21/09/2026;Formación
OP-2026003618;ES6200810000510000000114;901,41;EUR;19/09/2026;Viajes
OP-2026003619;ES3101280000140000000153;826,67;EUR;20/09/2026;Transporte
OP-2026003620;ES1100490000070000000031;2.402.804,83;COP;16/09/2026;Servicios profesionales
OP-2026003621;ES7001820000920000000138;1.034,52;EUR;17/09/2026;Suministros
OP-2026003622;ES2700490000080000000082;531,40;EUR;23/09/2026;Servicios profesionales
OP-2026003623;ES3400810000530000000229;667,52;EUR;21/09/2026;Suministros
OP-2026003624;ES3900810000540000000187;1.012,27;USD;22/09/2026;Formación
OP-2026003625;ES5900490000010000000237;1.175,92;EUR;27/09/2026;Mantenimiento
OP-2026003626;ES2121000000690000000019;3.186.851,94;COP;27/09/2026;Suministros
OP-2026003627;ES8620850000160000000242;1.162,69;EUR;26/09/2026;Transporte
OP-2026003628;ES6101820000980000000103;834,06;EUR;17/09/2026;Licencias de software
OP-2026003629;ES7120850000130000000174;1.072,97;EUR;18/09/2026;Suministros
OP-2026003630;ES5901280000140000000037;849,76;EUR;18/09/2026;Nómina
OP-2026003631;ES2921000000680000000118;2.478.980,71;COP;26/09/2026;Suministros
OP-2026003632;ES5901280000170000000084;737,45;EUR;14/09/2026;Nómina
OP-2026003633;ES5401280000160000000029;3.929.654,51;COP;15/09/2026;Transporte
OP-2026003634;ES3221000000600000000165;2.045.036,61;COP;15/09/2026;Mantenimiento
OP-2026003635;ES7001280000140000000227;893,19;EUR;27/09/2026;Formación
OP-2026003636;ES4000490000050000000092;471,26;EUR;24/09/2026;Servicios profesionales
OP-2026003637;ES6620850000150000000069;1.020,88;EUR;14/09/2026;Transporte
OP-2026003638;ES0420850000100000000072;1.036,75;EUR;17/09/2026;Comisiones
OP-2026003639;ES3101280000140000000153;841,89;EUR;20/09/2026;Suministros
OP-2026003640;ES8600810000510000000070;1.200,63;USD;15/09/2026;Transporte
OP-2026003641;ES6520850000110000000089;1.113,63;EUR;16/09/2026;Viajes
OP-2026003642;ES8021000000610000000222;12.354,57;MXN;22/09/2026;Licencias de software
OP-2026003643;ES3220850000100000000053;1.025,77;EUR;18/09/2026;Suministros
OP-2026003644;ES8401820000910000000226;781,33;EUR;20/09/2026;Comisiones
OP-2026003645;ES6701280000160000000086;3.096.531,63;COP;13/09/2026;Mantenimiento
OP-2026003646;ES7520850000130000000102;837,80;EUR;19/09/2026;Proveedor
OP-2026003647;ES7501820000900000000243;974,60;EUR;15/09/2026;Viajes
OP-2026003648;ES9500810000540000000149;742,43;EUR;23/09/2026;Nómina
OP-2026003649;ES9621000000620000000079;828,52;USD;17/09/2026;Mantenimiento
OP-2026003650;ES7501280000150000000088;952,00;EUR;13/09/2026;Formación
OP-2026003651;ES2700490000080000000082;517,18;EUR;22/09/2026;Formación
OP-2026003652;ES5520850000150000000170;930,58;EUR;23/09/2026;Suministros
OP-2026003653;ES0701280000170000000050;750,92;EUR;13/09/2026;Seguros
OP-2026003654;ES3101280000140000000056;3.258.562,18;COP;24/09/2026;Alquiler
OP-2026003655;ES3820850000150000000185;16.689,87;MXN;20/09/2026;Publicidad
OP-2026003656;ES5800490000060000000204;868,56;EUR;14/09/2026;Material de oficina
OP-2026003657;ES1100490000070000000031;603,11;EUR;16/09/2026;Servicios profesionales
OP-2026003658;ES6920850000110000000211;16.712,74;MXN;24/09/2026;Nómina
OP-2026003659;ES6701280000130000000136;829,98;EUR;17/09/2026;Comisiones
OP-2026003660;ES6200810000510000000017;12.896,40;MXN;23/09/2026;Formación
OP-2026003661;ES6920850000110000000211;663,45;EUR;22/09/2026;Alquiler
OP-2026003662;ES7701820000990000000154;762,79;EUR;27/09/2026;Suministros
OP-2026003663;ES3500490000070000000181;736,74;EUR;27/09/2026;Transporte
OP-2026003664;ES2421000000610000000163;982,72;EUR;13/09/2026;Proveedor
OP-2026003665;ES6701820000910000000047;838,33;USD;26/09/2026;Viajes
OP-2026003666;ES8521000000620000000083;3.411.026,04;COP;20/09/2026;Mantenimiento
OP-2026003667;ES6520850000110000000089;563,47;EUR;17/09/2026;Mantenimiento
OP-2026003668;ES5800490000060000000204;16.665,91;MXN;16/09/2026;Nómina
OP-2026003669;ES3721000000670000000217;2.500.906,85;COP;21/09/2026;Material de oficina
OP-2026003670;ES3801820000960000000033;799,51;EUR;19/09/2026;Licencias de software
OP-2026003671;ES9200810000530000000155;804,53;EUR;23/09/2026;Suministros
OP-2026003672;ES4800490000040000000094;529,94;EUR;15/09/2026;Viajes
OP-2026003673;ES7521000000630000000214;4.780.043,69;COP;17/09/2026;Nómina
OP-2026003674;ES6500810000520000000011;720,36;EUR;21/09/2026;Proveedor
OP-2026003675;ES3021000000610000000055;923,15;EUR;26/09/2026;Nómina
OP-2026003676;ES6300490000040000000212;17.373,34;MXN;27/09/2026;Servicios profesionales
OP-2026003677;ES3600810000530000000193;544,47;EUR;17/09/2026;Publicidad
OP-2026003678;ES4220850000180000000063;1.005,86;EUR;25/09/2026;Servicios profesionales
OP-2026003679;ES8521000000620000000083;2.867.242,61;COP;17/09/2026;Nómina
OP-2026003680;ES6600810000590000000232;1.385,93;EUR;15/09/2026;Mantenimiento
OP-2026003681;ES9601280000110000000197;748,09;USD;17/09/2026;Alquiler
OP-2026003682;ES6701280000130000000136;17.943,19;MXN;17/09/2026;Suministros
OP-2026003683;ES9401820000990000000042;372,47;EUR;25/09/2026;Proveedor
OP-2026003684;ES1500810000540000000134;886,66;USD;20/09/2026;Mantenimiento
OP-2026003685;ES1800810000550000000225;509,48;EUR;13/09/2026;Alquiler
OP-2026003686;ES5121000000690000000061;985,45;EUR;14/09/2026;Transporte
OP-2026003687;ES2620850000170000000012;4.425.377,17;COP;26/09/2026;Alquiler
OP-2026003688;ES0701280000170000000050;1.504.318,66;COP;15/09/2026;Transporte
OP-2026003689;ES8021000000610000000222;633,21;EUR;14/09/2026;Proveedor
OP-2026003690;ES6701820000910000000047;752,28;USD;26/09/2026;Transporte
OP-2026003691;ES5600810000510000000125;844,96;USD;20/09/2026;Servicios profesionales
OP-2026003692;ES4220850000150000000016;953,25;EUR;25/09/2026;Mantenimiento
OP-2026003693;ES0700490000010000000203;816,10;EUR;17/09/2026;Licencias de software
OP-2026003694;ES4700810000510000000093;785,93;EUR;23/09/2026;Mantenimiento
OP-2026003695;ES0200490000090000000192;918,39;EUR;25/09/2026;Suministros
OP-2026003696;ES4601280000170000000027;23.209,63;MXN;24/09/2026;Viajes
OP-2026003697;ES3700490000010000000148;1.115,52;EUR;18/09/2026;Mantenimiento
OP-2026003698;ES0700490000010000000203;934,84;USD;18/09/2026;Mantenimiento
OP-2026003699;ES3421000000660000000223;1.000,57;EUR;13/09/2026;Comisiones
OP-2026003700;ES3101280000140000000153;866,01;EUR;23/09/2026;Licencias de software
OP-2026003701;ES3400810000510000000133;931,86;EUR;18/09/2026;Material de oficina
OP-2026003702;ES4700810000510000000093;729,54;EUR;17/09/2026;Suministros
OP-2026003703;ES8521000000620000000083;5.123.926,25;COP;27/09/2026;Licencias de software
OP-2026003704;ES9720850000160000000238;704,01;EUR;13/09/2026;Suministros
OP-2026003705;ES2720850000120000000045;1.153,00;EUR;25/09/2026;Servicios profesionales
OP-2026003706;ES8020850000110000000013;633,74;EUR;23/09/2026;Servicios profesionales
OP-2026003707;ES8120850000180000000234;871,59;EUR;21/09/2026;Suministros
OP-2026003708;ES3820850000120000000235;1.039,16;EUR;15/09/2026;Alquiler
OP-2026003709;ES9420850000180000000194;592,12;EUR;14/09/2026;Formación
OP-2026003710;ES9200810000530000000155;730,31;EUR;21/09/2026;Publicidad
OP-2026003711;ES5401280000160000000029;622,10;EUR;13/09/2026;Seguros
OP-2026003712;ES1301820000970000000046;1.079,50;USD;18/09/2026;Comisiones
OP-2026003713;ES8401280000130000000121;844,64;EUR;23/09/2026;Transporte
OP-2026003714;ES6001820000960000000219;1.017,16;USD;18/09/2026;Mantenimiento
OP-2026003715;ES3721000000670000000217;734,96;EUR;19/09/2026;Comisiones
OP-2026003716;ES4300810000570000000162;1.171,89;USD;24/09/2026;Viajes
OP-2026003717;ES2401820000970000000139;993,81;EUR;24/09/2026;Servicios profesionales
OP-2026003718;ES3120850000150000000020;11.275,18;MXN;16/09/2026;Nómina
OP-2026003719;ES1200810000560000000090;23.808,92;MXN;25/09/2026;Alquiler
OP-2026003720;ES7300490000030000000081;760,46;USD;21/09/2026;Publicidad
OP-2026003721;ES2401280000100000000184;993,86;USD;25/09/2026;Formación
OP-2026003722;ES1420850000150000000132;939,11;USD;23/09/2026;Nómina
OP-2026003723;ES7201280000110000000144;640,62;USD;14/09/2026;Publicidad
OP-2026003724;ES9201820000900000000034;5.367.239,40;COP;17/09/2026;Proveedor
OP-2026003725;ES4500810000510000000032;1.050,05;EUR;19/09/2026;Comisiones
OP-2026003726;ES4201280000170000000099;851,96;EUR;21/09/2026;Formación
OP-2026003727;ES3801820000960000000033;991,35;EUR;24/09/2026;Publicidad
OP-2026003728;ES3801820000960000000033;644,84;USD;13/09/2026;Alquiler
OP-2026003729;ES5900810000550000000166;778,99;USD;16/09/2026;Mantenimiento
OP-2026003730;ES5401280000160000000029;577,70;EUR;24/09/2026;Transporte
OP-2026003731;ES9720850000160000000238;1.060,66;EUR;14/09/2026;Licencias de software
OP-2026003732;ES7501820000900000000146;900,94;EUR;18/09/2026;Proveedor
OP-2026003733;ES7600810000520000000201;1.350,93;EUR;25/09/2026;Transporte
OP-2026003734;ES1500810000540000000134;550,83;EUR;15/09/2026;Licencias de software
OP-2026003735;ES1801280000170000000143;431,16;EUR;13/09/2026;Formación
OP-2026003736;ES1200490000020000000161;1.159,14;EUR;22/09/2026;Formación
OP-2026003737;ES4700810000510000000093;4.548.274,28;COP;19/09/2026;Formación
OP-2026003738;ES0500490000070000000236;1.183,23;EUR;13/09/2026;Seguros
OP-2026003739;ES5400810000540000000208;467,75;EUR;24/09/2026;Servicios profesionales
OP-2026003740;ES8321000000620000000119;506,87;EUR;17/09/2026;Suministros
OP-2026003741;ES5600810000510000000125;514,15;EUR;19/09/2026;Viajes
OP-2026003742;ES7600810000550000000151;848,21;EUR;27/09/2026;Mantenimiento
OP-2026003743;ES5300810000500000000131;869,12;EUR;26/09/2026;Suministros
OP-2026003744;ES7801280000160000000179;1.223,00;USD;27/09/2026;Servicios profesionales
OP-2026003745;ES6421000000630000000024;18.894,65;MXN;25/09/2026;Mantenimiento
OP-2026003746;ES2700490000080000000082;1.111,65;EUR;25/09/2026;Viajes
OP-2026003747;ES0620850000190000000080;850,66;USD;19/09/2026;Viajes
OP-2026003748;ES7521000000660000000164;786,26;EUR;16/09/2026;Comisiones
OP-2026003749;ES0500490000070000000236;15.865,40;MXN;26/09/2026;Proveedor
OP-2026003750;ES1800810000550000000225;981,87;USD;15/09/2026;Comisiones
OP-2026003751;ES9100490000070000000240;11.077,18;MXN;27/09/2026;Seguros
OP-2026003752;ES4601280000170000000027;14.493,10;MXN;18/09/2026;Licencias de software
OP-2026003753;ES8620850000160000000242;1.035,56;USD;27/09/2026;Licencias de software
OP-2026003754;ES6700490000010000000190;730,62;EUR;26/09/2026;Seguros
OP-2026003755;ES6901280000100000000150;1.051,18;USD;24/09/2026;Formación
OP-2026003756;ES8100810000530000000062;734,55;EUR;22/09/2026;Publicidad
OP-2026003757;ES8721000000680000000141;1.209,25;EUR;26/09/2026;Transporte
OP-2026003758;ES4000810000560000000071;796,40;USD;25/09/2026;Comisiones
OP-2026003759;ES7300810000540000000060;416,68;EUR;22/09/2026;Proveedor
OP-2026003760;ES4601820000950000000035;828,91;EUR;22/09/2026;Licencias de software
OP-2026003761;ES2120850000190000000004;4.654.382,85;COP;24/09/2026;Mantenimiento
OP-2026003762;ES0220850000100000000108;604,59;EUR;26/09/2026;Comisiones
OP-2026003763;ES7601820000920000000030;903,04;USD;16/09/2026;Transporte
OP-2026003764;ES7621000000650000000001;3.603.560,20;COP;20/09/2026;Material de oficina
OP-2026003765;ES5501280000110000000159;860,55;EUR;26/09/2026;Formación
OP-2026003766;ES2401820000970000000139;772,26;EUR;15/09/2026;Nómina
OP-2026003767;ES8700810000550000000244;665,82;EUR;19/09/2026;Licencias de software
OP-2026003768;ES3820850000120000000235;847,64;EUR;27/09/2026;Publicidad
OP-2026003769;ES6600810000590000000232;11.455,57;MXN;19/09/2026;Servicios profesionales
OP-2026003770;ES5600810000510000000028;3.213.308,32;COP;25/09/2026;Mantenimiento
OP-2026003771;ES6620850000150000000069;934,48;EUR;17/09/2026;Viajes
OP-2026003772;ES1501280000130000000005;18.915,89;MXN;16/09/2026;Suministros
OP-2026003773;ES4721000000610000000040;838,01;EUR;24/09/2026;Comisiones
OP-2026003774;ES9201820000900000000034;19.236,46;MXN;25/09/2026;Comisiones
OP-2026003775;ES7120850000130000000174;1.136,65;USD;23/09/2026;Publicidad
OP-2026003776;ES6101820000980000000103;4.254.148,47;COP;24/09/2026;Publicidad
OP-2026003777;ES2101820000910000000002;15.336,26;MXN;21/09/2026;Transporte
OP-2026003778;ES3820850000120000000235;758,81;EUR;16/09/2026;Proveedor
OP-2026003779;ES1520850000100000000068;731,66;EUR;17/09/2026;Seguros
OP-2026003780;ES4601280000170000000027;681,18;EUR;25/09/2026;Licencias de software
OP-2026003781;ES9201280000120000000220;26.146,00;MXN;18/09/2026;Publicidad
OP-2026003782;ES1801280000170000000143;1.041,54;USD;23/09/2026;Publicidad
OP-2026003783;ES3601820000990000000116;652,68;EUR;20/09/2026;Seguros
OP-2026003784;ES4300810000570000000162;695,90;EUR;15/09/2026;Servicios profesionales
OP-2026003785;ES7701820000990000000154;716,81;EUR;25/09/2026;Mantenimiento
OP-2026003786;ES8100810000530000000062;688,00;USD;22/09/2026;Seguros
OP-2026003787;ES9401820000990000000042;1.119,55;USD;22/09/2026;Material de oficina
OP-2026003788;ES9120850000110000000009;822,94;USD;20/09/2026;Nómina
OP-2026003789;ES7801280000160000000179;842,91;EUR;16/09/2026;Material de oficina
OP-2026003790;ES8121000000680000000249;798,18;USD;16/09/2026;Seguros
OP-2026003791;ES7120850000130000000077;722,10;EUR;18/09/2026;Seguros
OP-2026003792;ES1501280000130000000005;512,82;EUR;18/09/2026;Comisiones
OP-2026003793;ES3400810000530000000229;750,51;EUR;19/09/2026;Alquiler
OP-2026003794;ES5701820000950000000128;1.351,69;EUR;18/09/2026;Mantenimiento
OP-2026003795;ES0220850000100000000108;1.339,54;USD;17/09/2026;Servicios profesionales
OP-2026003796;ES4300810000570000000065;602,76;EUR;25/09/2026;Transporte
OP-2026003797;ES3600810000530000000193;715,71;USD;23/09/2026;Transporte
OP-2026003798;ES7001280000140000000227;943,69;EUR;27/09/2026;Servicios profesionales
OP-2026003799;ES6500810000520000000011;337,99;EUR;19/09/2026;Seguros
OP-2026003800;ES6500810000520000000011;18.918,55;MXN;27/09/2026;Suministros
OP-2026003801;ES8401820000910000000226;697,67;EUR;20/09/2026;Suministros
OP-2026003802;ES3900810000540000000187;1.100,30;USD;13/09/2026;Mantenimiento
OP-2026003803;ES3900810000540000000187;822,59;EUR;17/09/2026;Servicios profesionales
OP-2026003804;ES0621000000690000000095;16.523,61;MXN;14/09/2026;Viajes
OP-2026003805;ES1200490000020000000161;705,02;EUR;13/09/2026;Nómina
OP-2026003806;ES3101280000140000000153;700,64;EUR;25/09/2026;Material de oficina
OP-2026003807;ES1500810000540000000134;870,62;USD;23/09/2026;Suministros
OP-2026003808;ES0200490000090000000192;822,31;EUR;15/09/2026;Nómina
OP-2026003809;ES3120850000150000000020;799,27;EUR;16/09/2026;Transporte
OP-2026003810;ES3101280000140000000056;1.243,64;USD;21/09/2026;Servicios profesionales
OP-2026003811;ES7621000000650000000001;1.154,09;EUR;16/09/2026;Comisiones
OP-2026003812;ES1200490000020000000161;1.124,32;USD;15/09/2026;Proveedor
OP-2026003813;ES6000810000540000000100;986,60;EUR;22/09/2026;Nómina
OP-2026003814;ES6500810000520000000011;1.169,81;EUR;23/09/2026;Mantenimiento
OP-2026003815;ES8700810000550000000147;358,94;EUR;14/09/2026;Alquiler
OP-2026003816;ES9600810000560000000130;792,23;EUR;13/09/2026;Comisiones
OP-2026003817;ES1901820000990000000228;922,01;USD;13/09/2026;Seguros
OP-2026003818;ES5121000000690000000061;2.248.094,78;COP;17/09/2026;Servicios profesionales
OP-2026003819;ES2501820000990000000023;16.617,92;MXN;14/09/2026;Proveedor
OP-2026003820;ES0201820000900000000199;3.408.656,18;COP;26/09/2026;Nómina
OP-2026003821;ES7101280000160000000014;482,28;EUR;22/09/2026;Transporte
OP-2026003822;ES8120850000180000000234;1.013,63;EUR;13/09/2026;Comisiones
OP-2026003823;ES6101280000110000000051;1.165,86;USD;15/09/2026;Licencias de software
OP-2026003824;ES7601820000920000000030;1.064,85;USD;13/09/2026;Suministros
OP-2026003825;ES7501280000150000000088;930,81;EUR;17/09/2026;Seguros
OP-2026003826;ES6101820000980000000103;826,87;EUR;21/09/2026;Servicios profesionales
OP-2026003827;ES7201280000110000000144;14.199,87;MXN;22/09/2026;Seguros
OP-2026003828;ES6520850000110000000186;596,73;USD;27/09/2026;Formación
OP-2026003829;ES6620850000150000000069;912,91;EUR;22/09/2026;Viajes
OP-2026003830;ES9500810000540000000149;4.562.534,53;COP;19/09/2026;Alquiler
OP-2026003831;ES8020850000110000000207;618,81;EUR;20/09/2026;Publicidad
OP-2026003832;ES3401280000180000000097;632,37;EUR;27/09/2026;Publicidad
OP-2026003833;ES5300810000500000000131;921,77;EUR;14/09/2026;Suministros
OP-2026003834;ES6520850000110000000089;1.099,66;EUR;24/09/2026;Suministros
OP-2026003835;ES8901280000110000000129;14.987,39;MXN;18/09/2026;Publicidad
OP-2026003836;ES1200810000530000000140;532,26;EUR;20/09/2026;Transporte
OP-2026003837;ES3401820000930000000058;512,00;USD;17/09/2026;Viajes
OP-2026003838;ES3400810000510000000133;908,40;EUR;20/09/2026;Viajes
OP-2026003839;ES3621000000630000000043;836,05;EUR;23/09/2026;Transporte
OP-2026003840;ES7701820000960000000107;850,64;EUR;17/09/2026;Licencias de software
OP-2026003841;ES3021000000610000000152;18.161,64;MXN;14/09/2026;Licencias de software
OP-2026003842;ES9820850000180000000122;794,76;EUR;22/09/2026;Transporte
OP-2026003843;ES9120850000110000000009;1.053,80;EUR;27/09/2026;Alquiler
OP-2026003844;ES6720850000140000000003;14.200,98;MXN;15/09/2026;Transporte
OP-2026003845;ES8521000000620000000083;791,78;USD;25/09/2026;Mantenimiento
OP-2026003846;ES8400490000000000000127;935,13;EUR;20/09/2026;Nómina
OP-2026003847;ES7120850000130000000077;714,63;EUR;16/09/2026;Licencias de software
OP-2026003848;ES7521000000660000000164;993,08;EUR;13/09/2026;Transporte
OP-2026003849;ES7001280000140000000227;745,26;EUR;22/09/2026;Comisiones
OP-2026003850;ES3500490000070000000181;1.121,87;EUR;26/09/2026;Servicios profesionales
OP-2026003851;ES4621000000680000000200;1.007,39;EUR;20/09/2026;Mantenimiento
OP-2026003852;ES7120850000100000000224;1.048,27;EUR;19/09/2026;Formación
OP-2026003853;ES8401280000130000000121;1.109,39;EUR;27/09/2026;Seguros
OP-2026003854;ES8400490000000000000127;4.601.944,33;COP;27/09/2026;Transporte
OP-2026003855;ES4801280000140000000041;911,28;EUR;26/09/2026;Mantenimiento
OP-2026003856;ES0500490000070000000236;686,06;EUR;24/09/2026;Viajes
OP-2026003857;ES8401820000910000000226;1.046,04;USD;16/09/2026;Servicios profesionales
OP-2026003858;ES9301280000190000000247;972,95;EUR;13/09/2026;Seguros
OP-2026003859;ES9100490000070000000240;24.713,91;MXN;24/09/2026;Transporte
OP-2026003860;ES5121000000690000000061;21.400,15;MXN;17/09/2026;Comisiones
OP-2026003861;ES6101280000110000000051;1.010,46;EUR;26/09/2026;Comisiones
OP-2026003862;ES7701820000990000000154;1.070,61;EUR;21/09/2026;Material de oficina
OP-2026003863;ES6421000000630000000024;800,82;EUR;15/09/2026;Mantenimiento
OP-2026003864;ES8120850000180000000234;1.063,86;EUR;13/09/2026;Formación
OP-2026003865;ES8600810000510000000070;10.179,98;MXN;13/09/2026;Proveedor
OP-2026003866;ES3000810000570000000105;670,09;USD;13/09/2026;Proveedor
OP-2026003867;ES3421000000690000000173;1.010,79;EUR;26/09/2026;Transporte
OP-2026003868;ES4500810000510000000032;1.011,81;EUR;14/09/2026;Mantenimiento
OP-2026003869;ES9400810000590000000213;1.096,58;EUR;20/09/2026;Servicios profesionales
OP-2026003870;ES4000810000560000000071;20.244,45;MXN;24/09/2026;Comisiones
OP-2026003871;ES2921000000680000000118;954,02;USD;23/09/2026;Viajes
OP-2026003872;ES7600810000520000000201;636,41;EUR;20/09/2026;Licencias de software
OP-2026003873;ES0500490000070000000236;2.403.590,61;COP;16/09/2026;Transporte
OP-2026003874;ES3820850000150000000185;1.146,02;EUR;14/09/2026;Viajes
OP-2026003875;ES6901280000100000000150;916,08;EUR;16/09/2026;Comisiones
OP-2026003876;ES1000810000590000000076;903,19;EUR;15/09/2026;Formación
OP-2026003877;ES3520850000140000000191;916,60;USD;20/09/2026;Suministros
OP-2026003878;ES1301820000970000000046;1.067,53;USD;15/09/2026;Comisiones
OP-2026003879;ES3021000000610000000055;907,13;EUR;26/09/2026;Material de oficina
OP-2026003880;ES6920850000110000000211;864,74;EUR;20/09/2026;Mantenimiento
OP-2026003881;ES4800810000520000000123;762,85;EUR;20/09/2026;Licencias de software
OP-2026003882;ES3120850000150000000020;786,41;EUR;18/09/2026;Alquiler
OP-2026003883;ES6720850000140000000003;826,42;EUR;24/09/2026;Servicios profesionales
OP-2026003884;ES0800810000590000000209;976,22;EUR;17/09/2026;Proveedor
OP-2026003885;ES8501820000950000000206;2.987.838,94;COP;16/09/2026;Mantenimiento
OP-2026003886;ES8020850000110000000110;1.359,30;EUR;20/09/2026;Suministros
OP-2026003887;ES9120850000110000000009;889,51;EUR;26/09/2026;Publicidad
OP-2026003888;ES8501820000950000000206;1.076,26;EUR;21/09/2026;Suministros
OP-2026003889;ES3101280000110000000106;553,76;EUR;16/09/2026;Licencias de software
OP-2026003890;ES8700810000550000000244;777,41;EUR;18/09/2026;Seguros
OP-2026003891;ES2921000000680000000215;14.501,53;MXN;17/09/2026;Comisiones
OP-2026003892;ES6720850000140000000003;868,61;EUR;24/09/2026;Licencias de software
OP-2026003893;ES7320850000190000000135;920,48;EUR;21/09/2026;Nómina
OP-2026003894;ES3801820000960000000033;1.113,14;EUR;13/09/2026;Material de oficina
OP-2026003895;ES5621000000640000000022;777,06;EUR;24/09/2026;Comisiones
OP-2026003896;ES5600810000510000000125;657,41;EUR;18/09/2026;Suministros
OP-2026003897;ES3101280000140000000056;13.342,97;MXN;21/09/2026;Mantenimiento
OP-2026003898;ES6501820000970000000177;969,58;EUR;20/09/2026;Mantenimiento
OP-2026003899;ES7320850000190000000135;1.044,26;EUR;15/09/2026;Publicidad
OP-2026003900;ES7521000000630000000214;729,32;EUR;14/09/2026;Transporte
OP-2026003901;ES6320850000140000000075;956,51;EUR;20/09/2026;Formación
OP-2026003902;ES4220850000150000000016;499,89;EUR;20/09/2026;Suministros
OP-2026003903;ES3720850000170000000008;919,50;EUR;15/09/2026;Comisiones
OP-2026003904;ES4901820000960000000126;1.095,66;EUR;13/09/2026;Formación
OP-2026003905;ES1100490000070000000031;1.030,50;EUR;26/09/2026;Viajes
OP-2026003906;ES3621000000630000000043;552,68;EUR;18/09/2026;Suministros
OP-2026003907;ES9321000000610000000182;861,63;EUR;24/09/2026;Alquiler
OP-2026003908;ES4300810000570000000162;968,12;EUR;20/09/2026;Publicidad
OP-2026003909;ES9120850000110000000009;2.496.712,17;COP;24/09/2026;Nómina
OP-2026003910;ES4400810000520000000098;1.166,20;EUR;20/09/2026;Alquiler
OP-2026003911;ES6101820000980000000103;734,59;EUR;22/09/2026;Material de oficina
OP-2026003912;ES8120850000180000000234;702,09;EUR;21/09/2026;Servicios profesionales
OP-2026003913;ES8701820000950000000073;889,17;EUR;14/09/2026;Suministros
OP-2026003914;ES3101280000140000000056;819,39;EUR;24/09/2026;Comisiones
OP-2026003915;ES2120850000190000000004;1.032,01;EUR;17/09/2026;Publicidad
OP-2026003916;ES2701280000110000000178;686,64;EUR;14/09/2026;Nómina
OP-2026003917;ES8100810000500000000112;1.179,37;EUR;18/09/2026;Transporte
OP-2026003918;ES6920850000110000000211;830,06;EUR;25/09/2026;Mantenimiento
OP-2026003919;ES9301280000190000000247;853,95;USD;15/09/2026;Nómina
OP-2026003920;ES4400810000520000000098;938,92;EUR;17/09/2026;Comisiones
OP-2026003921;ES4300810000570000000065;3.491.609,88;COP;25/09/2026;Material de oficina
OP-2026003922;ES5100810000560000000067;808,44;USD;22/09/2026;Mantenimiento
OP-2026003923;ES4500810000510000000032;1.163,85;EUR;13/09/2026;Suministros
OP-2026003924;ES4700810000510000000093;901,74;EUR;18/09/2026;Formación
OP-2026003925;ES9400810000590000000213;13.493,87;MXN;24/09/2026;Formación
OP-2026003926;ES8100810000500000000112;996,81;EUR;13/09/2026;Servicios profesionales
OP-2026003927;ES3801820000960000000033;877,79;EUR;22/09/2026;Seguros
OP-2026003928;ES3000810000570000000105;784,47;EUR;24/09/2026;Seguros
OP-2026003929;ES6520850000110000000089;801,87;USD;21/09/2026;Transporte
OP-2026003930;ES7521000000660000000164;859,17;EUR;19/09/2026;Alquiler
OP-2026003931;ES3820850000150000000185;716,04;EUR;26/09/2026;Servicios profesionales
OP-2026003932;ES3900810000540000000187;858,42;EUR;25/09/2026;Licencias de software
OP-2026003933;ES4621000000680000000200;725,95;EUR;21/09/2026;Material de oficina
OP-2026003934;ES0420850000100000000072;672,41;EUR;18/09/2026;Alquiler
OP-2026003935;ES4221000000680000000175;997,16;EUR;14/09/2026;Comisiones
OP-2026003936;ES7120850000100000000224;698,89;EUR;26/09/2026;Comisiones
OP-2026003937;ES6701820000910000000047;1.188,50;EUR;13/09/2026;Mantenimiento
OP-2026003938;ES9600490000020000000007;1.022,01;EUR;25/09/2026;Nómina
OP-2026003939;ES1501280000160000000052;513,37;EUR;19/09/2026;Servicios profesionales
OP-2026003940;ES9320850000110000000167;908,42;EUR;17/09/2026;Seguros
OP-2026003941;ES5001280000130000000248;968,71;EUR;22/09/2026;Material de oficina
OP-2026003942;ES9821000000680000000137;1.072,28;EUR;21/09/2026;Mantenimiento
OP-2026003943;ES3401820000930000000058;2.984.807,60;COP;18/09/2026;Nómina
OP-2026003944;ES3721000000670000000217;737,01;EUR;21/09/2026;Publicidad
OP-2026003945;ES1320850000160000000198;982,83;EUR;22/09/2026;Publicidad
OP-2026003946;ES4220850000180000000063;1.232,33;EUR;16/09/2026;Licencias de software
OP-2026003947;ES7201280000110000000144;1.060,28;EUR;27/09/2026;Suministros
OP-2026003948;ES3801820000960000000033;624,17;EUR;13/09/2026;Comisiones
OP-2026003949;ES8700810000550000000244;1.324,34;USD;14/09/2026;Alquiler
OP-2026003950;ES6701280000160000000086;847,16;EUR;17/09/2026;Alquiler
OP-2026003951;ES9500810000540000000149;459,39;EUR;17/09/2026;Seguros
OP-2026003952;ES4000810000560000000071;1.205,51;USD;17/09/2026;Alquiler
OP-2026003953;ES9121000000610000000218;1.217,65;EUR;18/09/2026;Mantenimiento
OP-2026003954;ES8120850000180000000234;13.794,37;MXN;26/09/2026;Nómina
OP-2026003955;ES2501820000990000000023;755,25;EUR;25/09/2026;Comisiones
OP-2026003956;ES6701280000160000000086;1.134,82;EUR;27/09/2026;Publicidad
OP-2026003957;ES8700810000550000000147;3.694.633,25;COP;16/09/2026;Licencias de software
OP-2026003958;ES7501820000900000000146;841,49;USD;27/09/2026;Suministros
OP-2026003959;ES4700810000510000000093;824,66;EUR;18/09/2026;Seguros
OP-2026003960;ES9100810000580000000025;740,35;EUR;24/09/2026;Nómina
OP-2026003961;ES9601280000110000000197;23.319,15;MXN;17/09/2026;Nómina
OP-2026003962;ES5901280000170000000084;12.120,34;MXN;18/09/2026;Publicidad
OP-2026003963;ES0201820000900000000199;539,03;EUR;19/09/2026;Transporte
OP-2026003964;ES3900810000540000000187;17.373,82;MXN;22/09/2026;Comisiones
OP-2026003965;ES9601280000110000000197;1.387,71;USD;19/09/2026;Viajes
OP-2026003966;ES3900810000540000000187;631,99;EUR;16/09/2026;Servicios profesionales
OP-2026003967;ES2520850000180000000078;3.420.051,39;COP;14/09/2026;Nómina
OP-2026003968;ES2721000000620000000157;807,90;USD;19/09/2026;Transporte
OP-2026003969;ES6000810000540000000100;4.391.351,67;COP;17/09/2026;Transporte
OP-2026003970;ES5801280000190000000101;1.003.217,40;COP;17/09/2026;Mantenimiento
OP-2026003971;ES3921000000640000000231;937,87;USD;26/09/2026;Viajes
OP-2026003972;ES5300810000500000000131;548,24;EUR;25/09/2026;Material de oficina
OP-2026003973;ES2421000000610000000163;11.449,49;MXN;15/09/2026;Material de oficina
OP-2026003974;ES9600810000560000000130;1.027,42;EUR;22/09/2026;Formación
OP-2026003975;ES7920850000120000000176;566,42;EUR;26/09/2026;Material de oficina
OP-2026003976;ES1500810000540000000134;1.062,26;USD;24/09/2026;Mantenimiento
OP-2026003977;ES5100810000560000000067;650,22;EUR;26/09/2026;Servicios profesionales
OP-2026003978;ES7420850000140000000168;486,69;EUR;17/09/2026;Nómina
OP-2026003979;ES6300490000040000000018;719,34;USD;13/09/2026;Licencias de software
OP-2026003980;ES9621000000620000000079;765,27;EUR;22/09/2026;Suministros
OP-2026003981;ES4300810000570000000065;832,66;EUR;19/09/2026;Material de oficina
OP-2026003982;ES0701280000170000000050;590,45;EUR;16/09/2026;Comisiones
OP-2026003983;ES8521000000620000000083;10.748,53;MXN;14/09/2026;Publicidad
OP-2026003984;ES3900810000540000000187;814,75;EUR;21/09/2026;Publicidad
OP-2026003985;ES9601280000110000000197;876,46;EUR;19/09/2026;Material de oficina
OP-2026003986;ES2701280000110000000178;739.672,63;MXN;14/09/2026;Compra extraordinaria
OP-2026003987;ES7620850000110000000085;1.169,31;USD;17/09/2026;Transporte
OP-2026003988;ES4801280000140000000041;642,92;EUR;20/09/2026;Proveedor
OP-2026003989;ES8021000000610000000222;607,31;EUR;13/09/2026;Material de oficina
OP-2026003990;ES8100810000500000000112;1.200,67;USD;23/09/2026;Mantenimiento
OP-2026003991;ES7600810000520000000201;1.071,41;USD;21/09/2026;Servicios profesionales
OP-2026003992;ES9001820000930000000117;904,83;USD;16/09/2026;Mantenimiento
OP-2026003993;ES6520850000110000000186;1.260,69;USD;16/09/2026;Proveedor
OP-2026003994;ES8620850000160000000242;1.108,90;USD;17/09/2026;Transporte
OP-2026003995;ES5901280000170000000084;807,51;EUR;16/09/2026;Alquiler
OP-2026003996;ES8020850000110000000013;3.055.439,72;COP;24/09/2026;Seguros
OP-2026003997;ES3101280000110000000106;993,74;EUR;25/09/2026;Comisiones
OP-2026003998;ES9400810000590000000213;1.062,44;EUR;16/09/2026;Formación
OP-2026003999;ES9200810000530000000155;1.035,49;EUR;25/09/2026;Seguros
OP-2026004000;ES5900490000010000000237;1.138,37;EUR;18/09/2026;Material de oficina
OP-2026004001;ES8401820000910000000226;994,38;EUR;25/09/2026;Suministros
OP-2026004002;ES6101820000980000000103;970,36;EUR;19/09/2026;Servicios profesionales
OP-2026004003;ES9200810000530000000155;867,72;EUR;16/09/2026;Comisiones
OP-2026004004;ES1200810000530000000140;853,20;EUR;21/09/2026;Transporte
OP-2026004005;ES9321000000610000000182;990,04;EUR;21/09/2026;Mantenimiento
OP-2026004006;ES9301280000190000000247;771,20;EUR;16/09/2026;Comisiones
OP-2026004007;ES4801280000140000000041;1.008,11;EUR;15/09/2026;Viajes
OP-2026004008;ES3701280000190000000188;2.800.207,50;COP;20/09/2026;Alquiler
OP-2026004009;ES7320850000190000000135;529,51;EUR;17/09/2026;Mantenimiento
OP-2026004010;ES5901280000140000000037;909,80;EUR;23/09/2026;Viajes
OP-2026004011;ES3601820000990000000116;557,50;EUR;21/09/2026;Suministros
OP-2026004012;ES1800490000040000000246;668,58;EUR;24/09/2026;Publicidad
OP-2026004013;ES8600810000510000000070;695,24;EUR;27/09/2026;Publicidad
OP-2026004014;ES5420850000100000000239;777,18;USD;26/09/2026;Material de oficina
OP-2026004015;ES6600810000500000000091;629,03;EUR;23/09/2026;Publicidad
OP-2026004016;ES3401280000180000000097;1.138,45;EUR;16/09/2026;Alquiler
OP-2026004017;ES9200810000530000000155;17.445,37;MXN;14/09/2026;Nómina
OP-2026004018;ES5900490000010000000237;912,74;EUR;23/09/2026;Suministros
OP-2026004019;ES7900810000560000000048;1.123,78;EUR;23/09/2026;Suministros
OP-2026004020;ES2401280000100000000184;1.291,93;USD;13/09/2026;Material de oficina
OP-2026004021;ES5701820000950000000128;16.293,92;MXN;25/09/2026;Comisiones
OP-2026004022;ES2300810000530000000233;848,79;EUR;19/09/2026;Licencias de software
OP-2026004023;ES3600810000530000000193;1.490,15;EUR;26/09/2026;Licencias de software
OP-2026004024;ES6701280000130000000136;746,31;EUR;16/09/2026;Seguros
OP-2026004025;ES0621000000690000000095;4.645.247,15;COP;17/09/2026;Viajes
OP-2026004026;ES9201280000120000000220;11.287,81;MXN;26/09/2026;Proveedor
OP-2026004027;ES4400810000520000000098;1.014,92;EUR;17/09/2026;Comisiones
OP-2026004028;ES7620850000110000000085;1.017,50;EUR;18/09/2026;Proveedor
OP-2026004029;ES7501820000900000000243;844,87;EUR;25/09/2026;Alquiler
OP-2026004030;ES6200810000510000000114;418,70;EUR;23/09/2026;Suministros
OP-2026004031;ES9101280000130000000189;16.560,40;MXN;17/09/2026;Servicios profesionales
OP-2026004032;ES3820850000120000000235;824,70;EUR;19/09/2026;Suministros
OP-2026004033;ES2921000000680000000215;773,05;EUR;16/09/2026;Comisiones
OP-2026004034;ES3021000000610000000152;571,76;EUR;27/09/2026;Servicios profesionales
OP-2026004035;ES4721000000610000000040;624,84;EUR;25/09/2026;Licencias de software
OP-2026004036;ES6320850000140000000075;881,99;EUR;20/09/2026;Viajes
OP-2026004037;ES9201820000900000000034;11.882,10;MXN;14/09/2026;Formación
OP-2026004038;ES2300810000530000000233;619,56;USD;14/09/2026;Proveedor
OP-2026004039;ES4901820000960000000126;956,12;EUR;16/09/2026;Material de oficina
OP-2026004040;ES2921000000680000000118;18.519,57;MXN;20/09/2026;Alquiler
OP-2026004041;ES3621000000630000000043;1.024,22;EUR;18/09/2026;Servicios profesionales
OP-2026004042;ES1820850000180000000010;582,91;EUR;13/09/2026;Comisiones
OP-2026004043;ES4000490000050000000092;964,64;EUR;21/09/2026;Publicidad
OP-2026004044;ES6300490000040000000115;846,88;EUR;14/09/2026;Nómina
OP-2026004045;ES7300810000540000000060;3.106.044,43;COP;27/09/2026;Nómina
OP-2026004046;ES1000810000590000000076;902,69;EUR;25/09/2026;Transporte
OP-2026004047;ES7001280000140000000227;1.004,65;EUR;21/09/2026;Comisiones
OP-2026004048;ES6400490000020000000195;749,97;EUR;20/09/2026;Licencias de software
OP-2026004049;ES8401280000130000000121;618,28;EUR;23/09/2026;Viajes
OP-2026004050;ES6320850000140000000075;1.152,96;EUR;19/09/2026;Suministros
OP-2026004051;ES4601280000170000000027;656,11;EUR;24/09/2026;Proveedor
OP-2026004052;ES0800810000590000000209;1.105,43;EUR;22/09/2026;Alquiler
OP-2026004053;ES3720850000170000000008;688,55;USD;20/09/2026;Alquiler
OP-2026004054;ES0701280000170000000050;2.237.085,53;COP;13/09/2026;Transporte
OP-2026004055;ES8001280000130000000096;16.064,50;MXN;17/09/2026;Alquiler
OP-2026004056;ES0200490000090000000192;579,88;EUR;19/09/2026;Suministros
OP-2026004057;ES5900810000550000000166;1.329,43;USD;22/09/2026;Seguros
OP-2026004058;ES2700490000080000000082;3.022.112,33;COP;18/09/2026;Seguros
OP-2026004059;ES9121000000610000000218;1.217,31;USD;24/09/2026;Formación
OP-2026004060;ES0301820000920000000180;738,21;EUR;19/09/2026;Transporte
OP-2026004061;ES0420850000100000000072;1.038,95;EUR;18/09/2026;Servicios profesionales
OP-2026004062;ES6421000000630000000024;699,13;USD;20/09/2026;Proveedor
OP-2026004063;ES0220850000100000000205;651,98;EUR;19/09/2026;Proveedor
OP-2026004064;ES6000810000540000000100;13.174,23;MXN;25/09/2026;Proveedor
OP-2026004065;ES0201820000900000000199;765,34;EUR;17/09/2026;Seguros
OP-2026004066;ES8400490000000000000127;1.047,67;USD;15/09/2026;Comisiones
OP-2026004067;ES6501820000970000000177;420,20;EUR;21/09/2026;Comisiones
OP-2026004068;ES0700490000010000000203;926,41;EUR;24/09/2026;Material de oficina
OP-2026004069;ES9320850000110000000167;900,66;EUR;13/09/2026;Suministros
OP-2026004070;ES6400490000020000000195;899,36;EUR;26/09/2026;Seguros
OP-2026004071;ES7420850000140000000168;882,53;USD;17/09/2026;Comisiones
OP-2026004072;ES9600490000020000000007;866,15;EUR;23/09/2026;Suministros
OP-2026004073;ES7221000000620000000026;1.530.571,80;COP;19/09/2026;Proveedor
OP-2026004074;ES0421000000600000000087;1.221,56;EUR;27/09/2026;Servicios profesionales
OP-2026004075;ES6600810000500000000091;906,61;EUR;24/09/2026;Publicidad
OP-2026004076;ES7001280000140000000227;1.025,09;EUR;14/09/2026;Seguros
OP-2026004077;ES7600810000550000000151;1.019,41;EUR;26/09/2026;Licencias de software
OP-2026004078;ES9821000000680000000137;1.021,19;EUR;23/09/2026;Formación
OP-2026004079;ES8020850000110000000110;826,92;USD;19/09/2026;Proveedor
OP-2026004080;ES5621000000640000000022;773,89;EUR;22/09/2026;Viajes
OP-2026004081;ES3500490000070000000181;24.239,37;MXN;21/09/2026;Licencias de software
OP-2026004082;ES1901820000990000000228;682,58;EUR;27/09/2026;Servicios profesionales
OP-2026004083;ES2501820000990000000023;3.393.006,53;COP;14/09/2026;Mantenimiento
OP-2026004084;ES4300810000570000000162;12.279,16;MXN;25/09/2026;Licencias de software
OP-2026004085;ES0200490000090000000192;815,19;USD;14/09/2026;Formación
OP-2026004086;ES1520850000100000000068;911,12;EUR;26/09/2026;Material de oficina
OP-2026004087;ES1200810000530000000140;859,89;EUR;19/09/2026;Proveedor
OP-2026004088;ES7620850000110000000085;993,53;EUR;15/09/2026;Seguros
OP-2026004089;ES1320850000160000000198;923,88;EUR;25/09/2026;Suministros
OP-2026004090;ES3820850000150000000185;895,93;EUR;15/09/2026;Seguros
OP-2026004091;ES8701820000950000000073;749,84;EUR;14/09/2026;Alquiler
OP-2026004092;ES9100810000580000000025;999,90;EUR;13/09/2026;Comisiones
OP-2026004093;ES0301820000920000000180;1.005,94;USD;18/09/2026;Material de oficina
OP-2026004094;ES5901280000170000000084;794,18;USD;23/09/2026;Proveedor
OP-2026004095;ES0220850000100000000108;729,05;EUR;21/09/2026;Mantenimiento
OP-2026004096;ES8700810000550000000147;1.038,09;EUR;19/09/2026;Servicios profesionales
OP-2026004097;ES5901280000140000000037;980,95;EUR;26/09/2026;Proveedor
OP-2026004098;ES2720850000120000000045;622,75;USD;24/09/2026;Seguros
OP-2026004099;ES9600490000020000000007;848,05;USD;21/09/2026;Transporte
OP-2026004100;ES1500810000540000000134;741,07;EUR;20/09/2026;Transporte
OP-2026004101;ES3720850000170000000008;744,55;EUR;19/09/2026;Viajes
OP-2026004102;ES1501280000160000000052;1.214,76;EUR;27/09/2026;Mantenimiento
OP-2026004103;ES3801820000960000000033;1.023,20;EUR;22/09/2026;Licencias de software
OP-2026004104;ES6901280000100000000150;645,48;EUR;21/09/2026;Alquiler
OP-2026004105;ES6320850000140000000075;1.241,33;USD;14/09/2026;Mantenimiento
OP-2026004106;ES3220850000100000000053;1.254,14;EUR;21/09/2026;Proveedor
OP-2026004107;ES0800810000590000000209;1.106,70;EUR;21/09/2026;Viajes
OP-2026004108;ES4621000000680000000200;429,48;EUR;23/09/2026;Publicidad
OP-2026004109;ES4600810000580000000059;962,50;EUR;13/09/2026;Comisiones
OP-2026004110;ES8700810000550000000244;660,55;EUR;24/09/2026;Material de oficina
OP-2026004111;ES2520850000180000000078;839,76;EUR;27/09/2026;Seguros
OP-2026004112;ES2520850000180000000078;523,12;EUR;16/09/2026;Alquiler
OP-2026004113;ES9400810000590000000213;675,97;EUR;23/09/2026;Seguros
OP-2026004114;ES3720850000170000000008;1.572,23;USD;23/09/2026;Publicidad
OP-2026004115;ES2000810000520000000142;709,61;EUR;15/09/2026;Nómina
OP-2026004116;ES9120850000110000000009;529,61;EUR;17/09/2026;Publicidad
OP-2026004117;ES3820850000120000000235;1.261,85;EUR;22/09/2026;Mantenimiento
OP-2026004118;ES7920850000120000000176;637,56;EUR;21/09/2026;Seguros
OP-2026004119;ES2501820000990000000023;914,93;USD;23/09/2026;Viajes
OP-2026004120;ES0520850000170000000196;649,80;EUR;16/09/2026;Formación
OP-2026004121;ES6421000000630000000024;976,80;USD;22/09/2026;Licencias de software
OP-2026004122;ES4700810000510000000093;1.099,15;EUR;19/09/2026;Alquiler
OP-2026004123;ES7301820000910000000230;868,19;EUR;20/09/2026;Comisiones
OP-2026004124;ES0701280000170000000050;1.126,00;USD;13/09/2026;Transporte
OP-2026004125;ES9100810000580000000025;736,52;USD;20/09/2026;Publicidad
OP-2026004126;ES7001820000920000000138;684,43;EUR;18/09/2026;Mantenimiento
OP-2026004127;ES4500810000510000000032;731,63;EUR;27/09/2026;Formación
OP-2026004128;ES6701280000130000000136;4.219.819,21;COP;26/09/2026;Nómina
OP-2026004129;ES0520850000170000000196;1.143,36;EUR;17/09/2026;Viajes
OP-2026004130;ES3101280000140000000056;524,43;USD;23/09/2026;Seguros
OP-2026004131;ES8320850000120000000104;666,20;USD;25/09/2026;Publicidad
OP-2026004132;ES8700810000550000000244;1.633.583,46;COP;13/09/2026;Suministros
OP-2026004133;ES7301820000910000000230;1.151,36;EUR;17/09/2026;Nómina
OP-2026004134;ES6920850000110000000211;16.331,96;MXN;23/09/2026;Mantenimiento
OP-2026004135;ES0201820000900000000199;968,31;EUR;25/09/2026;Nómina
OP-2026004136;ES6600810000590000000232;982,70;USD;22/09/2026;Comisiones
OP-2026004137;ES6701280000130000000136;898,77;EUR;17/09/2026;Suministros
OP-2026004138;ES7520850000130000000102;600,34;EUR;25/09/2026;Licencias de software
OP-2026004139;ES3000810000570000000105;720,55;EUR;21/09/2026;Comisiones
OP-2026004140;ES7501820000900000000146;2.909.618,73;COP;20/09/2026;Servicios profesionales
OP-2026004141;ES9821000000680000000137;718,89;EUR;24/09/2026;Seguros
OP-2026004142;ES4800810000520000000123;1.072,67;USD;24/09/2026;Formación
OP-2026004143;ES6200810000510000000017;1.219,76;USD;22/09/2026;Comisiones
OP-2026004144;ES4300810000570000000162;13.388,64;MXN;13/09/2026;Transporte
OP-2026004145;ES9200810000530000000155;1.035,86;USD;22/09/2026;Seguros
OP-2026004146;ES4221000000680000000175;608,68;EUR;14/09/2026;Formación
OP-2026004147;ES9500810000540000000149;718,27;EUR;20/09/2026;Proveedor
OP-2026004148;ES2700490000080000000082;877,19;USD;15/09/2026;Servicios profesionales
OP-2026004149;ES0800810000590000000209;1.084,29;EUR;15/09/2026;Nómina
OP-2026004150;ES7120850000130000000174;13.636,40;MXN;20/09/2026;Comisiones
OP-2026004151;ES2121000000690000000019;3.687.538,75;COP;16/09/2026;Proveedor
OP-2026004152;ES2800810000510000000241;816,94;EUR;18/09/2026;Mantenimiento
OP-2026004153;ES7600810000520000000201;937,21;EUR;22/09/2026;Alquiler
OP-2026004154;ES5801280000190000000101;3.166.843,77;COP;22/09/2026;Transporte
OP-2026004155;ES7600810000520000000201;690,61;EUR;27/09/2026;Seguros
OP-2026004156;ES7401280000170000000202;1.209,89;EUR;18/09/2026;Viajes
OP-2026004157;ES6500810000520000000011;512,24;USD;22/09/2026;Proveedor
OP-2026004158;ES0500490000070000000236;1.103,60;USD;13/09/2026;Formación
OP-2026004159;ES6421000000630000000024;13.702,11;MXN;24/09/2026;Publicidad
OP-2026004160;ES4800490000040000000094;1.088,38;EUR;22/09/2026;Mantenimiento
OP-2026004161;ES9420850000180000000194;720,82;EUR;13/09/2026;Servicios profesionales
OP-2026004162;ES5520850000150000000170;708,00;USD;16/09/2026;Nómina
OP-2026004163;ES6701280000160000000086;1.054,72;EUR;22/09/2026;Alquiler
OP-2026004164;ES6400490000020000000195;913,82;EUR;23/09/2026;Viajes
OP-2026004165;ES5401280000160000000029;966,96;EUR;25/09/2026;Alquiler
OP-2026004166;ES1320850000160000000198;727,51;EUR;18/09/2026;Mantenimiento
OP-2026004167;ES2520850000180000000078;1.149,73;EUR;27/09/2026;Comisiones
OP-2026004168;ES3600810000530000000193;516,54;EUR;21/09/2026;Proveedor
OP-2026004169;ES3720850000170000000008;943,69;EUR;26/09/2026;Mantenimiento
OP-2026004170;ES9301280000190000000247;1.025,32;EUR;19/09/2026;Seguros
OP-2026004171;ES6300490000040000000018;1.031,52;EUR;15/09/2026;Publicidad
OP-2026004172;ES4721000000610000000040;638,68;EUR;24/09/2026;Mantenimiento
OP-2026004173;ES2501820000990000000023;497,82;EUR;20/09/2026;Viajes
OP-2026004174;ES4621000000680000000006;775,72;USD;23/09/2026;Nómina
OP-2026004175;ES6701820000910000000047;1.138,50;EUR;21/09/2026;Licencias de software
OP-2026004176;ES7020850000180000000044;1.191,75;USD;24/09/2026;Alquiler
OP-2026004177;ES4500810000510000000032;1.087,19;EUR;20/09/2026;Mantenimiento
OP-2026004178;ES2921000000680000000215;907,05;USD;18/09/2026;Proveedor
OP-2026004179;ES5600810000510000000125;986,10;EUR;15/09/2026;Publicidad
OP-2026004180;ES2520850000180000000078;4.808.117,00;COP;14/09/2026;Material de oficina
OP-2026004181;ES3021000000610000000152;468,42;EUR;23/09/2026;Alquiler
OP-2026004182;ES7120850000130000000077;1.043,11;EUR;20/09/2026;Comisiones
OP-2026004183;ES4101820000970000000221;1.219,11;EUR;25/09/2026;Alquiler
OP-2026004184;ES4800810000520000000123;16.336,92;MXN;14/09/2026;Formación
OP-2026004185;ES4601820000950000000035;1.162,96;USD;22/09/2026;Servicios profesionales
OP-2026004186;ES8021000000610000000222;715,64;EUR;19/09/2026;Proveedor
OP-2026004187;ES7501820000900000000243;900,47;USD;24/09/2026;Proveedor
OP-2026004188;ES2401820000970000000139;941,44;USD;15/09/2026;Nómina
OP-2026004189;ES2421000000610000000163;3.479.367,31;COP;23/09/2026;Licencias de software
OP-2026004190;ES3701280000190000000188;1.126,13;EUR;19/09/2026;Transporte
OP-2026004191;ES8020850000110000000110;1.058,93;EUR;16/09/2026;Material de oficina
OP-2026004192;ES7120850000130000000077;6.753,43;MXN;15/09/2026;Licencias de software
OP-2026004193;ES6700490000010000000190;925,07;EUR;23/09/2026;Proveedor
OP-2026004194;ES4201280000170000000099;934,07;EUR;27/09/2026;Viajes
OP-2026004195;ES8701820000950000000073;835,87;EUR;26/09/2026;Nómina
OP-2026004196;ES1200490000020000000161;870,71;EUR;24/09/2026;Material de oficina
OP-2026004197;ES7521000000660000000164;853,89;EUR;18/09/2026;Proveedor
OP-2026004198;ES7120850000100000000224;10.282,43;MXN;23/09/2026;Publicidad
OP-2026004199;ES6101820000980000000103;800,35;EUR;22/09/2026;Viajes
OP-2026004200;ES7221000000620000000026;1.121,48;EUR;27/09/2026;Servicios profesionales
OP-2026004201;ES8701820000950000000073;751,13;USD;17/09/2026;Material de oficina
OP-2026004202;ES3820850000150000000185;692,44;EUR;17/09/2026;Servicios profesionales
OP-2026004203;ES7501280000150000000088;697,57;USD;27/09/2026;Servicios profesionales
OP-2026004204;ES3400810000510000000133;744,33;EUR;24/09/2026;Servicios profesionales
OP-2026004205;ES8700810000550000000147;588,68;EUR;20/09/2026;Material de oficina
OP-2026004206;ES7701820000960000000107;681,25;USD;14/09/2026;Formación
OP-2026004207;ES0800810000590000000209;409,36;EUR;24/09/2026;Nómina
OP-2026004208;ES9321000000610000000182;9.445,87;MXN;21/09/2026;Comisiones
OP-2026004209;ES9601280000110000000197;872,56;EUR;25/09/2026;Mantenimiento
OP-2026004210;ES8121000000680000000249;1.008,35;EUR;25/09/2026;Formación
OP-2026004211;ES1500810000540000000134;368,11;EUR;24/09/2026;Comisiones
OP-2026004212;ES0220850000100000000108;450,76;EUR;16/09/2026;Mantenimiento
OP-2026004213;ES1801820000950000000054;925,81;EUR;14/09/2026;Viajes
OP-2026004214;ES1000810000590000000076;655,78;USD;15/09/2026;Suministros
OP-2026004215;ES4901820000960000000126;836,41;EUR;17/09/2026;Servicios profesionales
OP-2026004216;ES7701820000990000000057;921,16;EUR;13/09/2026;Suministros
OP-2026004217;ES7120850000130000000174;437,47;EUR;15/09/2026;Mantenimiento
OP-2026004218;ES1000810000590000000076;1.075,96;EUR;25/09/2026;Material de oficina
OP-2026004219;ES7600810000520000000201;620,17;EUR;14/09/2026;Comisiones
OP-2026004220;ES5901280000140000000037;695,99;EUR;17/09/2026;Alquiler
OP-2026004221;ES7600810000550000000151;1.006,54;EUR;19/09/2026;Material de oficina
OP-2026004222;ES7600810000520000000201;824,64;EUR;19/09/2026;Licencias de software
OP-2026004223;ES7801280000160000000179;17.904,65;MXN;18/09/2026;Servicios profesionales
OP-2026004224;ES3000810000570000000105;702,89;USD;19/09/2026;Comisiones
OP-2026004225;ES4220850000150000000016;625,76;USD;19/09/2026;Nómina
OP-2026004226;ES9821000000680000000137;786,28;EUR;26/09/2026;Seguros
OP-2026004227;ES9121000000610000000218;503,25;EUR;22/09/2026;Transporte
OP-2026004228;ES2300810000530000000233;646,78;USD;27/09/2026;Suministros
OP-2026004229;ES7101280000160000000111;682,83;EUR;19/09/2026;Licencias de software
OP-2026004230;ES3500810000580000000160;905,84;EUR;18/09/2026;Proveedor
OP-2026004231;ES1501280000130000000005;1.428,29;USD;16/09/2026;Seguros
OP-2026004232;ES6101820000980000000103;1.201,37;EUR;15/09/2026;Suministros
OP-2026004233;ES4000490000050000000092;3.028.437,23;COP;16/09/2026;Servicios profesionales
OP-2026004234;ES9620850000120000000064;2.570.785,91;COP;26/09/2026;Comisiones
OP-2026004235;ES5901280000140000000037;865,28;USD;27/09/2026;Publicidad
OP-2026004236;ES7600810000550000000151;756,45;EUR;27/09/2026;Material de oficina
OP-2026004237;ES7001820000920000000138;618,17;USD;17/09/2026;Material de oficina
OP-2026004238;ES6920850000110000000211;1.232,65;EUR;27/09/2026;Suministros
OP-2026004239;ES4220850000180000000063;497,05;EUR;14/09/2026;Servicios profesionales
OP-2026004240;ES0500490000070000000236;737,85;EUR;27/09/2026;Servicios profesionales
OP-2026004241;ES1301820000970000000046;670,86;EUR;18/09/2026;Proveedor
OP-2026004242;ES9620850000120000000064;4.720.243,09;COP;26/09/2026;Formación
OP-2026004243;ES2401820000970000000139;721,48;EUR;18/09/2026;Formación
OP-2026004244;ES8100810000500000000015;595,97;EUR;14/09/2026;Material de oficina
OP-2026004245;ES7621000000650000000001;1.163,69;EUR;25/09/2026;Viajes
OP-2026004246;ES4601820000950000000035;13.160,02;MXN;18/09/2026;Seguros
OP-2026004247;ES5801280000190000000101;15.356,48;MXN;18/09/2026;Licencias de software
OP-2026004248;ES3500810000550000000113;13.549,93;MXN;23/09/2026;Transporte
OP-2026004249;ES9120850000140000000250;1.042,92;EUR;18/09/2026;Formación
OP-2026004250;ES3600810000530000000193;22.720,48;MXN;25/09/2026;Nómina
OP-2026004251;ES9001820000930000000117;22.545,13;MXN;27/09/2026;Licencias de software
OP-2026004252;ES1200810000560000000090;958,52;EUR;15/09/2026;Seguros
OP-2026004253;ES6720850000140000000003;864,32;EUR;17/09/2026;Mantenimiento
OP-2026004254;ES7020850000180000000044;654,42;EUR;21/09/2026;Suministros
OP-2026004255;ES8401280000130000000121;894,16;EUR;23/09/2026;Transporte
OP-2026004256;ES2401820000970000000139;608,11;USD;20/09/2026;Licencias de software
OP-2026004257;ES7521000000660000000164;865,07;EUR;21/09/2026;Transporte
OP-2026004258;ES9120850000110000000009;1.033,30;USD;17/09/2026;Mantenimiento
OP-2026004259;ES1801820000950000000054;744,89;EUR;21/09/2026;Suministros
OP-2026004260;ES9121000000610000000218;750,53;EUR;15/09/2026;Transporte
OP-2026004261;ES8701820000950000000073;902,60;EUR;13/09/2026;Nómina
OP-2026004262;ES6520850000110000000186;1.080,81;EUR;21/09/2026;Formación
OP-2026004263;ES5900810000520000000216;1.225,85;EUR;17/09/2026;Comisiones
OP-2026004264;ES1520850000100000000068;807,85;EUR;14/09/2026;Transporte
OP-2026004265;ES7621000000650000000001;447,34;EUR;21/09/2026;Proveedor
OP-2026004266;ES4600810000580000000059;742,65;EUR;25/09/2026;Alquiler
OP-2026004267;ES7020850000180000000044;733,29;EUR;17/09/2026;Publicidad
OP-2026004268;ES1000810000590000000076;3.730.721,05;COP;22/09/2026;Seguros
OP-2026004269;ES1200810000530000000140;17.058,64;MXN;15/09/2026;Proveedor
OP-2026004270;ES3820850000150000000185;1.164,77;EUR;18/09/2026;Formación
OP-2026004271;ES7501280000150000000088;990,88;EUR;20/09/2026;Transporte
OP-2026004272;ES2000810000520000000142;618,96;EUR;14/09/2026;Alquiler
OP-2026004273;ES7120850000100000000224;1.139,36;USD;27/09/2026;Mantenimiento
OP-2026004274;ES8120850000180000000234;956,82;EUR;25/09/2026;Suministros
OP-2026004275;ES4400810000520000000098;726,66;USD;26/09/2026;Licencias de software
OP-2026004276;ES5800490000060000000204;1.149,71;EUR;25/09/2026;Transporte
OP-2026004277;ES7521000000660000000164;1.053,74;USD;14/09/2026;Suministros
OP-2026004278;ES0420850000100000000072;265,88;EUR;21/09/2026;Seguros
OP-2026004279;ES4500810000510000000032;992,99;EUR;24/09/2026;Mantenimiento
OP-2026004280;ES6520850000110000000186;969,39;EUR;20/09/2026;Licencias de software
OP-2026004281;ES6701820000910000000047;963,02;EUR;15/09/2026;Nómina
OP-2026004282;ES4801280000140000000041;13.129,53;MXN;21/09/2026;Proveedor
OP-2026004283;ES2921000000680000000118;887,05;EUR;26/09/2026;Suministros
OP-2026004284;ES3400810000510000000133;13.536,89;MXN;16/09/2026;Formación
OP-2026004285;ES0620850000190000000080;11.787,31;MXN;23/09/2026;Mantenimiento
OP-2026004286;ES2421000000610000000163;488,97;EUR;18/09/2026;Seguros
OP-2026004287;ES7801280000160000000179;2.001.827,52;COP;23/09/2026;Proveedor
OP-2026004288;ES6101820000980000000103;3.907.415,34;COP;13/09/2026;Servicios profesionales
OP-2026004289;ES5121000000690000000061;1.074,69;EUR;22/09/2026;Nómina
OP-2026004290;ES0200490000090000000192;874,10;EUR;25/09/2026;Proveedor
OP-2026004291;ES2421000000610000000163;485,19;EUR;23/09/2026;Publicidad
OP-2026004292;ES9100490000070000000240;1.161,02;USD;13/09/2026;Formación
OP-2026004293;ES7521000000610000000021;536,78;EUR;25/09/2026;Publicidad
OP-2026004294;ES6600810000500000000091;786,50;USD;15/09/2026;Material de oficina
OP-2026004295;ES9600490000020000000007;870,48;EUR;15/09/2026;Seguros
OP-2026004296;ES6101820000980000000103;1.115,91;EUR;19/09/2026;Formación
OP-2026004297;ES2120850000190000000004;1.187,10;EUR;24/09/2026;Transporte
OP-2026004298;ES7521000000660000000164;23.721,17;MXN;17/09/2026;Licencias de software
OP-2026004299;ES6421000000630000000024;17.723,52;MXN;21/09/2026;Suministros
OP-2026004300;ES1800490000040000000246;944,45;EUR;13/09/2026;Material de oficina
OP-2026004301;ES1000810000590000000076;823,59;EUR;19/09/2026;Viajes
OP-2026004302;ES5600490000000000000049;675,54;EUR;17/09/2026;Publicidad
OP-2026004303;ES6421000000630000000024;734,54;EUR;18/09/2026;Formación
OP-2026004304;ES7521000000630000000214;1.243,12;EUR;15/09/2026;Comisiones
OP-2026004305;ES1420850000150000000132;2.928.963,25;COP;16/09/2026;Viajes
OP-2026004306;ES8100810000500000000112;1.002,34;EUR;25/09/2026;Suministros
OP-2026004307;ES4500810000510000000032;739,91;EUR;16/09/2026;Proveedor
OP-2026004308;ES0800810000590000000209;841,69;EUR;27/09/2026;Mantenimiento
OP-2026004309;ES8701820000950000000073;712,62;EUR;27/09/2026;Mantenimiento
OP-2026004310;ES6700490000010000000190;819,73;EUR;15/09/2026;Nómina
OP-2026004311;ES6101280000110000000051;766,15;EUR;22/09/2026;Seguros
OP-2026004312;ES5401280000160000000029;891,64;EUR;24/09/2026;Publicidad
OP-2026004313;ES6320850000140000000075;535,23;EUR;19/09/2026;Mantenimiento
OP-2026004314;ES6320850000140000000075;15.960,59;MXN;22/09/2026;Licencias de software
OP-2026004315;ES8100810000530000000062;1.171,75;EUR;25/09/2026;Material de oficina
OP-2026004316;ES8700810000550000000244;1.146,46;EUR;25/09/2026;Seguros
OP-2026004317;ES9601280000110000000197;1.177,25;USD;25/09/2026;Material de oficina
OP-2026004318;ES0421000000600000000087;812,76;EUR;14/09/2026;Suministros
OP-2026004319;ES6001820000960000000219;756,88;EUR;19/09/2026;Comisiones
OP-2026004320;ES8701820000950000000073;733,23;EUR;18/09/2026;Viajes
OP-2026004321;ES7120850000130000000077;724,22;EUR;14/09/2026;Mantenimiento
OP-2026004322;ES4801280000140000000041;5.356.597,88;COP;13/09/2026;Licencias de software
OP-2026004323;ES7221000000620000000026;815,37;USD;27/09/2026;Nómina
OP-2026004324;ES1501280000160000000052;15.196,18;MXN;19/09/2026;Seguros
OP-2026004325;ES6600810000500000000091;1.382,57;USD;27/09/2026;Material de oficina
OP-2026004326;ES3801820000960000000033;917.013,92;COP;24/09/2026;Material de oficina
OP-2026004327;ES4621000000680000000200;1.004,44;EUR;23/09/2026;Seguros
OP-2026004328;ES2421000000610000000163;16.784,26;MXN;14/09/2026;Proveedor
OP-2026004329;ES8020850000110000000110;9.738,80;MXN;15/09/2026;Mantenimiento
OP-2026004330;ES1200810000560000000090;361,10;EUR;26/09/2026;Alquiler
OP-2026004331;ES1901820000990000000228;905,78;EUR;18/09/2026;Mantenimiento
OP-2026004332;ES8501820000980000000156;17.387,10;MXN;17/09/2026;Proveedor
OP-2026004333;ES5100810000560000000067;20.521,71;MXN;17/09/2026;Publicidad
OP-2026004334;ES7501820000900000000146;15.132,56;MXN;22/09/2026;Alquiler
OP-2026004335;ES7320850000190000000135;956,77;EUR;19/09/2026;Material de oficina
OP-2026004336;ES8600810000510000000070;936,81;EUR;15/09/2026;Mantenimiento
OP-2026004337;ES3021000000610000000152;12.469,99;MXN;16/09/2026;Formación
OP-2026004338;ES2120850000190000000004;1.287,68;USD;26/09/2026;Nómina
OP-2026004339;ES1301820000970000000046;900,64;EUR;26/09/2026;Publicidad
OP-2026004340;ES6200810000510000000017;1.135,73;EUR;19/09/2026;Nómina
OP-2026004341;ES7621000000650000000001;750,41;EUR;24/09/2026;Mantenimiento
OP-2026004342;ES8001280000130000000096;867,59;USD;18/09/2026;Nómina
OP-2026004343;ES9100810000580000000025;766,79;EUR;26/09/2026;Alquiler
OP-2026004344;ES2000810000520000000142;815,86;USD;22/09/2026;Comisiones
OP-2026004345;ES5300810000500000000131;1.169,41;EUR;25/09/2026;Nómina
OP-2026004346;ES1801280000170000000143;914,66;EUR;14/09/2026;Publicidad
OP-2026004347;ES4220850000180000000063;12.394,47;MXN;21/09/2026;Seguros
OP-2026004348;ES5600490000000000000049;1.164,15;USD;13/09/2026;Alquiler
OP-2026004349;ES3820850000150000000185;457,17;EUR;24/09/2026;Alquiler
OP-2026004350;ES2401280000100000000184;590,83;USD;21/09/2026;Mantenimiento
OP-2026004351;ES7501820000900000000243;1.147,68;EUR;15/09/2026;Comisiones
OP-2026004352;ES9200810000530000000155;547,30;EUR;20/09/2026;Viajes
OP-2026004353;ES7621000000650000000001;848,14;EUR;13/09/2026;Transporte
OP-2026004354;ES8620850000160000000145;12.586,15;MXN;24/09/2026;Licencias de software
OP-2026004355;ES1000810000590000000076;1.567.856,79;COP;23/09/2026;Servicios profesionales
OP-2026004356;ES7501820000900000000243;597,90;EUR;18/09/2026;Comisiones
OP-2026004357;ES7420850000140000000168;13.524,91;MXN;19/09/2026;Mantenimiento
OP-2026004358;ES8620850000160000000242;778,11;EUR;21/09/2026;Servicios profesionales
OP-2026004359;ES3000810000570000000105;689,76;EUR;22/09/2026;Material de oficina
OP-2026004360;ES2520850000180000000078;9.230,00;MXN;27/09/2026;Suministros
OP-2026004361;ES7201280000110000000144;1.224,82;EUR;24/09/2026;Suministros
OP-2026004362;ES3500490000070000000181;702,81;USD;27/09/2026;Licencias de software
OP-2026004363;ES0621000000690000000095;1.241,28;EUR;27/09/2026;Licencias de software
OP-2026004364;ES1800490000040000000246;881,41;EUR;19/09/2026;Servicios profesionales
OP-2026004365;ES7120850000130000000077;692,51;EUR;22/09/2026;Nómina
OP-2026004366;ES9720850000160000000238;14.688,48;MXN;14/09/2026;Suministros
OP-2026004367;ES8620850000160000000242;1.196,02;USD;15/09/2026;Comisiones
OP-2026004368;ES5900810000520000000216;802,20;EUR;21/09/2026;Material de oficina
OP-2026004369;ES4621000000680000000006;992,51;USD;15/09/2026;Mantenimiento
OP-2026004370;ES5420850000100000000239;11.437,10;MXN;27/09/2026;Seguros
OP-2026004371;ES7701820000990000000057;1.145,07;USD;15/09/2026;Publicidad
OP-2026004372;ES6920850000110000000211;938,15;EUR;27/09/2026;Servicios profesionales
OP-2026004373;ES6700490000010000000190;1.035,17;USD;20/09/2026;Mantenimiento
OP-2026004374;ES3120850000150000000020;20.580,23;MXN;20/09/2026;Comisiones
OP-2026004375;ES5600810000510000000125;816,24;EUR;16/09/2026;Servicios profesionales
OP-2026004376;ES6600810000500000000091;1.065,90;USD;27/09/2026;Alquiler
OP-2026004377;ES8501820000950000000206;1.035,57;USD;13/09/2026;Comisiones
OP-2026004378;ES2000810000520000000142;1.315,97;USD;25/09/2026;Material de oficina
OP-2026004379;ES9320850000110000000167;953,14;USD;18/09/2026;Alquiler
OP-2026004380;ES1200810000530000000140;818,37;EUR;15/09/2026;Viajes
OP-2026004381;ES6520850000110000000186;885,76;USD;18/09/2026;Servicios profesionales
OP-2026004382;ES9401820000990000000042;2.254.920,70;COP;26/09/2026;Formación
OP-2026004383;ES4300810000570000000162;910,37;USD;15/09/2026;Mantenimiento
OP-2026004384;ES3400810000510000000036;895,99;EUR;22/09/2026;Viajes
OP-2026004385;ES3220850000100000000053;1.247,74;USD;24/09/2026;Material de oficina
OP-2026004386;ES4000490000050000000092;1.178,51;EUR;15/09/2026;Mantenimiento
OP-2026004387;ES6300490000040000000115;709,51;EUR;14/09/2026;Proveedor
OP-2026004388;ES2000810000520000000142;874,88;EUR;24/09/2026;Transporte
OP-2026004389;ES4000490000050000000092;14.825,50;MXN;21/09/2026;Material de oficina
OP-2026004390;ES3700490000010000000148;924,22;EUR;21/09/2026;Alquiler
OP-2026004391;ES2921000000680000000118;793,01;EUR;27/09/2026;Alquiler
OP-2026004392;ES8020850000110000000207;870,55;EUR;25/09/2026;Publicidad
OP-2026004393;ES1501280000130000000005;681,19;USD;23/09/2026;Formación
OP-2026004394;ES8121000000680000000249;559,19;EUR;24/09/2026;Seguros
OP-2026004395;ES3500810000550000000113;1.079,65;USD;22/09/2026;Proveedor
OP-2026004396;ES8120850000180000000234;2.317.953,85;COP;25/09/2026;Publicidad
OP-2026004397;ES8701820000950000000073;931,76;EUR;22/09/2026;Publicidad
OP-2026004398;ES3221000000600000000165;694,35;EUR;23/09/2026;Nómina
OP-2026004399;ES9400810000590000000213;1.238,74;EUR;17/09/2026;Suministros
OP-2026004400;ES2401820000970000000139;983,77;EUR;24/09/2026;Viajes
OP-2026004401;ES5300810000500000000131;994,62;EUR;25/09/2026;Mantenimiento
OP-2026004402;ES4700810000510000000093;607,79;EUR;21/09/2026;Viajes
OP-2026004403;ES5800490000060000000204;614,04;EUR;23/09/2026;Proveedor
OP-2026004404;ES9601280000110000000197;1.030,26;EUR;22/09/2026;Viajes
OP-2026004405;ES9120850000110000000009;16.639,02;MXN;26/09/2026;Alquiler
OP-2026004406;ES4221000000680000000175;778,72;EUR;17/09/2026;Nómina
OP-2026004407;ES5600490000000000000049;851,80;USD;23/09/2026;Material de oficina
OP-2026004408;ES0200490000090000000192;15.779,45;MXN;19/09/2026;Licencias de software
OP-2026004409;ES2421000000610000000066;936,63;EUR;13/09/2026;Material de oficina
OP-2026004410;ES4400810000520000000098;671,91;EUR;27/09/2026;Licencias de software
OP-2026004411;ES8100810000530000000062;786,64;EUR;19/09/2026;Comisiones
OP-2026004412;ES3021000000610000000055;858,72;EUR;21/09/2026;Transporte
OP-2026004413;ES4300810000570000000065;20.319,19;MXN;14/09/2026;Nómina
OP-2026004414;ES7501280000150000000088;752,36;EUR;19/09/2026;Publicidad
OP-2026004415;ES8620850000160000000145;899,78;EUR;16/09/2026;Material de oficina
OP-2026004416;ES3421000000690000000173;606,34;EUR;19/09/2026;Licencias de software
OP-2026004417;ES9100810000580000000025;1.121,14;EUR;22/09/2026;Publicidad
OP-2026004418;ES3101280000140000000153;857,91;USD;14/09/2026;Nómina
OP-2026004419;ES4901820000960000000126;841,28;EUR;19/09/2026;Alquiler
OP-2026004420;ES3721000000670000000217;1.074,35;USD;15/09/2026;Seguros
OP-2026004421;ES4801280000140000000041;1.150,57;EUR;23/09/2026;Alquiler
OP-2026004422;ES3520850000140000000191;994,77;EUR;25/09/2026;Publicidad
OP-2026004423;ES2620850000170000000012;942,67;EUR;21/09/2026;Proveedor
OP-2026004424;ES9100490000070000000240;787,52;EUR;24/09/2026;Material de oficina
OP-2026004425;ES8721000000680000000141;751,45;EUR;27/09/2026;Proveedor
OP-2026004426;ES7501820000900000000146;811,49;EUR;25/09/2026;Formación
OP-2026004427;ES1800490000040000000246;19.216,25;MXN;18/09/2026;Suministros
OP-2026004428;ES1200490000020000000161;20.835,65;MXN;24/09/2026;Viajes
OP-2026004429;ES4700810000510000000093;609,82;EUR;24/09/2026;Formación
OP-2026004430;ES7400490000070000000158;929,69;EUR;13/09/2026;Alquiler
OP-2026004431;ES8100810000500000000015;698,28;EUR;13/09/2026;Mantenimiento
OP-2026004432;ES4801280000140000000041;1.405,06;USD;25/09/2026;Proveedor
OP-2026004433;ES5400810000540000000208;886,80;EUR;24/09/2026;Nómina
OP-2026004434;ES8001280000130000000096;4.419.403,00;COP;13/09/2026;Suministros
OP-2026004435;ES5901280000140000000037;676,79;EUR;20/09/2026;Viajes
OP-2026004436;ES8401280000130000000121;1.037,68;USD;20/09/2026;Alquiler
OP-2026004437;ES3500810000580000000160;1.102,68;EUR;25/09/2026;Suministros
OP-2026004438;ES0421000000600000000087;668,71;EUR;27/09/2026;Transporte
OP-2026004439;ES1301820000970000000046;908,13;EUR;22/09/2026;Nómina
OP-2026004440;ES6520850000110000000089;4.939.047,15;COP;19/09/2026;Servicios profesionales
OP-2026004441;ES5600490000000000000049;934,56;EUR;14/09/2026;Transporte
OP-2026004442;ES2620850000170000000012;905,30;EUR;15/09/2026;Mantenimiento
OP-2026004443;ES9600810000560000000130;4.150.797,88;COP;14/09/2026;Alquiler
OP-2026004444;ES8120850000180000000234;959,61;USD;24/09/2026;Suministros
OP-2026004445;ES4601280000170000000027;615,88;EUR;21/09/2026;Material de oficina
OP-2026004446;ES3500810000580000000160;1.192,45;USD;20/09/2026;Publicidad
OP-2026004447;ES6600810000590000000232;15.558,88;MXN;18/09/2026;Transporte
OP-2026004448;ES7320850000190000000135;14.037,33;MXN;13/09/2026;Formación
OP-2026004449;ES7221000000620000000026;948,87;EUR;22/09/2026;Mantenimiento
OP-2026004450;ES8400490000000000000127;14.058,04;MXN;21/09/2026;Formación
OP-2026004451;ES7600490000040000000172;21.375,60;MXN;23/09/2026;Licencias de software
OP-2026004452;ES2120850000190000000004;666,85;EUR;20/09/2026;Seguros
OP-2026004453;ES8021000000610000000222;914,40;EUR;18/09/2026;Viajes
OP-2026004454;ES3421000000690000000173;774,25;EUR;23/09/2026;Publicidad
OP-2026004455;ES5800490000060000000204;16.560,16;MXN;27/09/2026;Suministros
OP-2026004456;ES8401280000130000000121;1.161,36;EUR;26/09/2026;Mantenimiento
OP-2026004457;ES4521000000690000000169;3.070.889,36;COP;18/09/2026;Servicios profesionales
OP-2026004458;ES7520850000130000000102;18.834,08;MXN;27/09/2026;Nómina
OP-2026004459;ES0701280000170000000050;1.251,08;EUR;13/09/2026;Nómina
OP-2026004460;ES3401820000930000000058;1.025,76;EUR;24/09/2026;Proveedor
OP-2026004461;ES6300490000040000000115;914,88;EUR;23/09/2026;Alquiler
OP-2026004462;ES4800490000040000000094;490,03;USD;25/09/2026;Servicios profesionales
OP-2026004463;ES7701820000960000000107;721,70;EUR;24/09/2026;Transporte
OP-2026004464;ES8001280000130000000096;3.826.381,02;COP;27/09/2026;Viajes
OP-2026004465;ES7101280000160000000014;770,46;EUR;23/09/2026;Publicidad
OP-2026004466;ES5520850000150000000170;567,85;EUR;17/09/2026;Suministros
OP-2026004467;ES3401280000180000000097;954,38;EUR;18/09/2026;Mantenimiento
OP-2026004468;ES6200810000510000000114;1.377,07;USD;21/09/2026;Mantenimiento
OP-2026004469;ES9500810000540000000149;995,97;EUR;14/09/2026;Comisiones
OP-2026004470;ES4621000000680000000006;1.173,64;EUR;25/09/2026;Transporte
OP-2026004471;ES3101280000140000000056;332,87;USD;25/09/2026;Mantenimiento
OP-2026004472;ES6600810000500000000091;647,22;EUR;25/09/2026;Alquiler
OP-2026004473;ES8721000000680000000141;854,84;EUR;21/09/2026;Suministros
OP-2026004474;ES7501280000150000000088;692,80;EUR;24/09/2026;Material de oficina
OP-2026004475;ES1000810000590000000076;684,35;EUR;15/09/2026;Publicidad
OP-2026004476;ES2421000000610000000163;4.368.745,23;COP;21/09/2026;Mantenimiento
OP-2026004477;ES4601280000170000000027;1.017,15;EUR;20/09/2026;Proveedor
OP-2026004478;ES9500810000540000000149;1.069,85;EUR;25/09/2026;Servicios profesionales
OP-2026004479;ES6901280000100000000150;1.435,09;USD;19/09/2026;Formación
OP-2026004480;ES7601820000920000000030;1.062,64;EUR;26/09/2026;Proveedor
OP-2026004481;ES6300490000040000000018;583,45;EUR;24/09/2026;Comisiones
OP-2026004482;ES5801280000190000000101;836,13;USD;23/09/2026;Formación
OP-2026004483;ES8501820000950000000206;568,12;USD;16/09/2026;Publicidad
OP-2026004484;ES6620850000150000000069;931,32;EUR;18/09/2026;Alquiler
OP-2026004485;ES8100810000530000000062;2.518.669,33;COP;14/09/2026;Formación
OP-2026004486;ES7600810000550000000151;818,30;EUR;13/09/2026;Alquiler
OP-2026004487;ES1420850000150000000132;954,14;USD;16/09/2026;Seguros
OP-2026004488;ES8401280000130000000121;606,87;EUR;21/09/2026;Material de oficina
OP-2026004489;ES4500810000510000000032;1.291,81;EUR;24/09/2026;Formación
OP-2026004490;ES8901280000110000000129;833,23;EUR;20/09/2026;Formación
OP-2026004491;ES8901280000110000000129;956,35;EUR;24/09/2026;Publicidad
OP-2026004492;ES6600810000500000000091;825,61;EUR;26/09/2026;Transporte
OP-2026004493;ES8901280000110000000129;835,60;EUR;15/09/2026;Nómina
OP-2026004494;ES8001280000130000000096;6.458,31;MXN;14/09/2026;Material de oficina
OP-2026004495;ES2120850000190000000004;1.015,01;EUR;23/09/2026;Nómina
OP-2026004496;ES7501820000900000000243;20.196,33;MXN;14/09/2026;Material de oficina
OP-2026004497;ES4101820000970000000221;979,64;USD;26/09/2026;Formación
OP-2026004498;ES7301820000910000000230;726,89;EUR;21/09/2026;Proveedor
OP-2026004499;ES3921000000640000000231;1.211,06;USD;19/09/2026;Alquiler
OP-2026004500;ES5621000000640000000022;684,62;EUR;25/09/2026;Nómina
OP-2026004501;ES2721000000620000000157;1.087,79;EUR;26/09/2026;Seguros
OP-2026004502;ES4800810000520000000123;921,94;EUR;15/09/2026;Mantenimiento
OP-2026004503;ES9600490000020000000007;583,03;EUR;17/09/2026;Material de oficina
OP-2026004504;ES8020850000110000000013;22.643,16;MXN;24/09/2026;Suministros
OP-2026004505;ES5800490000060000000204;3.277.967,89;COP;21/09/2026;Comisiones
OP-2026004506;ES8401280000130000000121;8.111,00;MXN;27/09/2026;Viajes
OP-2026004507;ES9401820000990000000042;3.986.236,18;COP;19/09/2026;Servicios profesionales
OP-2026004508;ES3401280000180000000097;885,58;USD;15/09/2026;Publicidad
OP-2026004509;ES7400490000070000000158;793,16;EUR;24/09/2026;Publicidad
OP-2026004510;ES9500810000540000000149;1.084,93;EUR;13/09/2026;Nómina
OP-2026004511;ES2420850000110000000245;11.722,33;MXN;15/09/2026;Servicios profesionales
OP-2026004512;ES4201280000170000000099;798,21;USD;21/09/2026;Alquiler
OP-2026004513;ES8120850000180000000234;937,02;USD;22/09/2026;Mantenimiento
OP-2026004514;ES6201820000960000000183;914,90;USD;18/09/2026;Transporte
OP-2026004515;ES9401820000990000000042;16.466,00;MXN;19/09/2026;Proveedor
OP-2026004516;ES5121000000690000000061;903,20;EUR;23/09/2026;Material de oficina
OP-2026004517;ES2120850000190000000004;1.033,42;USD;26/09/2026;Publicidad
OP-2026004518;ES9121000000610000000218;1.244,58;USD;20/09/2026;Alquiler
OP-2026004519;ES2921000000680000000118;709,68;EUR;17/09/2026;Proveedor
OP-2026004520;ES6101280000110000000051;670,72;EUR;23/09/2026;Nómina
OP-2026004521;ES9001280000150000000109;3.782.413,55;COP;15/09/2026;Formación
OP-2026004522;ES8401280000130000000121;654,30;EUR;26/09/2026;Seguros
OP-2026004523;ES5901280000170000000084;3.326.554,63;COP;13/09/2026;Mantenimiento
OP-2026004524;ES6400490000020000000195;900,41;EUR;13/09/2026;Comisiones
OP-2026004525;ES5900810000520000000216;17.428,75;MXN;25/09/2026;Servicios profesionales
OP-2026004526;ES1800810000550000000225;4.469.093,45;COP;13/09/2026;Mantenimiento
OP-2026004527;ES7300810000540000000060;686,68;EUR;14/09/2026;Material de oficina
OP-2026004528;ES0520850000170000000196;513,72;EUR;21/09/2026;Proveedor
OP-2026004529;ES5300810000500000000131;3.587.577,61;COP;23/09/2026;Publicidad
OP-2026004530;ES3221000000600000000165;1.169,80;USD;24/09/2026;Suministros
OP-2026004531;ES7621000000650000000001;921,11;USD;13/09/2026;Formación
OP-2026004532;ES5121000000690000000061;888,86;EUR;13/09/2026;Nómina
OP-2026004533;ES0421000000600000000087;3.632.592,91;COP;20/09/2026;Mantenimiento
OP-2026004534;ES3101280000110000000106;1.230,37;USD;15/09/2026;Alquiler
OP-2026004535;ES4521000000690000000169;1.065,65;EUR;25/09/2026;Alquiler
OP-2026004536;ES0220850000100000000108;21.540,33;MXN;16/09/2026;Mantenimiento
OP-2026004537;ES1901820000990000000228;641,71;EUR;19/09/2026;Viajes
OP-2026004538;ES8901280000110000000129;4.418.750,58;COP;20/09/2026;Material de oficina
OP-2026004539;ES9820850000180000000122;3.827.481,90;COP;27/09/2026;Formación
OP-2026004540;ES3801820000960000000033;1.083,15;EUR;22/09/2026;Servicios profesionales
OP-2026004541;ES7320850000190000000135;741,70;EUR;20/09/2026;Viajes
OP-2026004542;ES7300490000030000000081;991,27;EUR;23/09/2026;Licencias de software
OP-2026004543;ES8600810000510000000070;622,04;EUR;23/09/2026;Nómina
OP-2026004544;ES5901280000170000000084;926,21;EUR;25/09/2026;Formación
OP-2026004545;ES9100810000580000000025;1.001,03;USD;21/09/2026;Suministros
OP-2026004546;ES7001280000140000000227;763,47;EUR;18/09/2026;Publicidad
OP-2026004547;ES7420850000140000000168;703,74;EUR;18/09/2026;Alquiler
OP-2026004548;ES9600490000020000000007;1.180,83;USD;26/09/2026;Viajes
OP-2026004549;ES7801280000160000000179;1.012,98;EUR;19/09/2026;Suministros
OP-2026004550;ES6300490000040000000018;927,22;EUR;21/09/2026;Viajes
OP-2026004551;ES7600810000550000000151;1.456,12;EUR;27/09/2026;Mantenimiento
OP-2026004552;ES7001280000140000000227;1.112,65;USD;13/09/2026;Licencias de software
OP-2026004553;ES4521000000690000000169;17.016,71;MXN;16/09/2026;Nómina
OP-2026004554;ES0500490000070000000236;1.045,99;EUR;24/09/2026;Comisiones
OP-2026004555;ES9401820000990000000042;488,16;EUR;24/09/2026;Suministros
OP-2026004556;ES6300490000040000000212;748,02;EUR;18/09/2026;Transporte
OP-2026004557;ES7601820000920000000030;3.001.077,44;COP;21/09/2026;Publicidad
OP-2026004558;ES6000810000540000000100;944,49;EUR;24/09/2026;Servicios profesionales
OP-2026004559;ES4300810000570000000065;980,27;USD;25/09/2026;Alquiler
OP-2026004560;ES6701280000130000000136;2.742.761,28;COP;19/09/2026;Seguros
OP-2026004561;ES2520850000180000000078;1.029,18;USD;25/09/2026;Material de oficina
OP-2026004562;ES6701280000160000000086;4.918,17;MXN;24/09/2026;Servicios profesionales
OP-2026004563;ES3600810000530000000193;875,09;USD;19/09/2026;Viajes
OP-2026004564;ES2800810000510000000241;998,99;EUR;18/09/2026;Viajes
OP-2026004565;ES7920850000120000000176;11.541,08;MXN;21/09/2026;Suministros
OP-2026004566;ES0920850000170000000124;642,12;EUR;19/09/2026;Viajes
OP-2026004567;ES7120850000130000000077;3.749.154,11;COP;27/09/2026;Proveedor
OP-2026004568;ES0420850000100000000072;788,74;USD;21/09/2026;Mantenimiento
OP-2026004569;ES2401280000100000000184;759,85;EUR;13/09/2026;Suministros
OP-2026004570;ES4800810000520000000123;1.008,14;EUR;27/09/2026;Mantenimiento
OP-2026004571;ES6101820000980000000103;1.058,99;USD;17/09/2026;Viajes
OP-2026004572;ES7521000000630000000214;804,91;EUR;15/09/2026;Suministros
OP-2026004573;ES9600490000020000000007;660,25;EUR;17/09/2026;Licencias de software
OP-2026004574;ES3700490000010000000148;823,50;EUR;18/09/2026;Nómina
OP-2026004575;ES5001280000130000000248;17.038,92;MXN;15/09/2026;Material de oficina
OP-2026004576;ES4601280000170000000027;650,90;EUR;15/09/2026;Publicidad
OP-2026004577;ES9500490000010000000171;1.064,84;EUR;18/09/2026;Alquiler
OP-2026004578;ES5121000000690000000061;1.050,73;EUR;27/09/2026;Material de oficina
OP-2026004579;ES4000490000050000000092;763,72;EUR;19/09/2026;Licencias de software
OP-2026004580;ES7120850000130000000174;10.935,10;MXN;19/09/2026;Licencias de software
OP-2026004581;ES7101280000160000000014;981,14;EUR;24/09/2026;Comisiones
OP-2026004582;ES4621000000680000000006;15.785,61;MXN;18/09/2026;Transporte
OP-2026004583;ES6501820000970000000177;1.023,31;USD;22/09/2026;Nómina
OP-2026004584;ES3000810000570000000105;768,73;EUR;13/09/2026;Alquiler
OP-2026004585;ES7001280000140000000227;391,16;EUR;20/09/2026;Proveedor
OP-2026004586;ES3400810000510000000036;886,03;EUR;26/09/2026;Publicidad
OP-2026004587;ES6400490000020000000195;797,54;EUR;22/09/2026;Seguros
OP-2026004588;ES8100810000500000000015;1.090,09;EUR;26/09/2026;Seguros
OP-2026004589;ES0920850000170000000124;3.690.456,93;COP;24/09/2026;Material de oficina
OP-2026004590;ES7501820000900000000146;947,04;USD;20/09/2026;Comisiones
OP-2026004591;ES7621000000650000000001;988,79;USD;22/09/2026;Nómina
OP-2026004592;ES9500810000540000000149;14.802,20;MXN;24/09/2026;Nómina
OP-2026004593;ES3601820000990000000116;1.152,13;EUR;18/09/2026;Licencias de software
OP-2026004594;ES8701820000950000000073;700,95;EUR;24/09/2026;Transporte
OP-2026004595;ES3021000000610000000152;1.066,30;USD;13/09/2026;Servicios profesionales
OP-2026004596;ES5401280000160000000029;1.006,92;EUR;20/09/2026;Servicios profesionales
OP-2026004597;ES8100810000500000000112;625,18;EUR;17/09/2026;Viajes
OP-2026004598;ES5401280000160000000029;2.991.874,18;COP;18/09/2026;Suministros
OP-2026004599;ES1520850000100000000068;518,77;EUR;16/09/2026;Suministros
OP-2026004600;ES3720850000170000000008;1.002,86;USD;27/09/2026;Seguros
OP-2026004601;ES4801280000140000000041;569,41;EUR;16/09/2026;Suministros
OP-2026004602;ES0200490000090000000192;909,88;EUR;27/09/2026;Servicios profesionales
OP-2026004603;ES6701820000910000000047;1.131,64;EUR;25/09/2026;Comisiones
OP-2026004604;ES6500810000520000000011;594,82;EUR;21/09/2026;Formación
OP-2026004605;ES5600810000510000000028;847,89;EUR;27/09/2026;Alquiler
OP-2026004606;ES5420850000100000000239;1.144,02;EUR;26/09/2026;Servicios profesionales
OP-2026004607;ES0920850000170000000124;573,18;EUR;22/09/2026;Licencias de software
OP-2026004608;ES3021000000610000000055;1.061,16;EUR;21/09/2026;Servicios profesionales
OP-2026004609;ES8400490000000000000127;923,68;EUR;24/09/2026;Seguros
OP-2026004610;ES2620850000170000000012;13.809,46;MXN;25/09/2026;Viajes
OP-2026004611;ES2921000000680000000215;719,87;EUR;21/09/2026;Comisiones
OP-2026004612;ES1500810000540000000134;942,45;EUR;20/09/2026;Mantenimiento
OP-2026004613;ES7001280000140000000227;912,41;EUR;27/09/2026;Servicios profesionales
OP-2026004614;ES4221000000680000000175;3.641.273,96;COP;21/09/2026;Comisiones
OP-2026004615;ES6500810000520000000011;985,07;EUR;24/09/2026;Transporte
OP-2026004616;ES2401280000100000000184;19.677,95;MXN;27/09/2026;Transporte
OP-2026004617;ES7001280000140000000227;853,90;EUR;21/09/2026;Licencias de software
OP-2026004618;ES8321000000620000000119;1.298,45;EUR;24/09/2026;Material de oficina
OP-2026004619;ES5621000000640000000022;673,54;EUR;15/09/2026;Formación
OP-2026004620;ES8721000000680000000141;398,90;USD;16/09/2026;Licencias de software
OP-2026004621;ES3801820000960000000033;15.715,89;MXN;25/09/2026;Viajes
OP-2026004622;ES5500490000050000000210;1.043,24;EUR;18/09/2026;Seguros
OP-2026004623;ES3500810000580000000160;2.493.183,05;COP;22/09/2026;Formación
OP-2026004624;ES1320850000160000000198;939,18;EUR;23/09/2026;Proveedor
OP-2026004625;ES1800490000040000000246;395,26;EUR;27/09/2026;Publicidad
OP-2026004626;ES8121000000680000000249;852,88;EUR;18/09/2026;Servicios profesionales
OP-2026004627;ES5600810000510000000028;548,91;EUR;20/09/2026;Proveedor
OP-2026004628;ES2800810000510000000241;1.059,28;EUR;24/09/2026;Material de oficina
OP-2026004629;ES1820850000180000000010;1.146,52;EUR;21/09/2026;Alquiler
OP-2026004630;ES5701820000950000000128;714,72;EUR;27/09/2026;Publicidad
OP-2026004631;ES6901280000100000000150;17.391,23;MXN;16/09/2026;Comisiones
OP-2026004632;ES6700490000010000000190;3.669.734,82;COP;25/09/2026;Publicidad
OP-2026004633;ES7320850000190000000038;550,70;EUR;20/09/2026;Mantenimiento
OP-2026004634;ES5300810000500000000131;1.136,98;USD;25/09/2026;Material de oficina
OP-2026004635;ES7600810000520000000201;3.170.896,12;COP;19/09/2026;Proveedor
OP-2026004636;ES3801820000960000000033;892,76;EUR;22/09/2026;Transporte
OP-2026004637;ES9320850000110000000167;773,51;EUR;25/09/2026;Nómina
OP-2026004638;ES5900490000010000000237;13.199,92;MXN;22/09/2026;Mantenimiento
OP-2026004639;ES6001820000960000000219;936,93;USD;18/09/2026;Nómina
OP-2026004640;ES3921000000640000000231;955,55;USD;27/09/2026;Formación
OP-2026004641;ES4000810000560000000071;1.182,63;USD;20/09/2026;Publicidad
OP-2026004642;ES7221000000620000000026;876,02;EUR;16/09/2026;Publicidad
OP-2026004643;ES9320850000110000000167;913,82;EUR;23/09/2026;Material de oficina
OP-2026004644;ES3720850000170000000008;1.044,48;EUR;24/09/2026;Viajes
OP-2026004645;ES0200490000090000000192;549,41;EUR;25/09/2026;Licencias de software
OP-2026004646;ES4500810000510000000032;685,54;USD;16/09/2026;Nómina
OP-2026004647;ES7320850000190000000135;700,34;EUR;14/09/2026;Servicios profesionales
OP-2026004648;ES4220850000150000000016;1.066,08;USD;24/09/2026;Viajes
OP-2026004649;ES5600490000000000000049;1.183,65;EUR;13/09/2026;Comisiones
OP-2026004650;ES7221000000620000000026;884,03;USD;21/09/2026;Suministros
OP-2026004651;ES3500490000070000000181;12.791,04;MXN;20/09/2026;Proveedor
OP-2026004652;ES9601280000110000000197;847,58;EUR;27/09/2026;Servicios profesionales
OP-2026004653;ES4300810000570000000065;978,30;USD;26/09/2026;Suministros
OP-2026004654;ES6101280000110000000051;812,00;EUR;16/09/2026;Nómina
OP-2026004655;ES4220850000180000000063;823,35;EUR;22/09/2026;Formación
OP-2026004656;ES3721000000670000000217;804,46;EUR;19/09/2026;Publicidad
OP-2026004657;ES5600810000510000000028;645,07;EUR;21/09/2026;Suministros
OP-2026004658;ES6701280000160000000086;1.064,73;EUR;14/09/2026;Transporte
OP-2026004659;ES3900810000540000000187;874,61;USD;14/09/2026;Material de oficina
OP-2026004660;ES4101820000970000000221;618,53;EUR;24/09/2026;Material de oficina
OP-2026004661;ES4600810000580000000059;987,35;EUR;15/09/2026;Licencias de software
OP-2026004662;ES3101280000110000000106;352,31;USD;15/09/2026;Nómina
OP-2026004663;ES2700490000080000000082;1.155,36;EUR;17/09/2026;Material de oficina
OP-2026004664;ES4500810000510000000032;1.038,82;EUR;22/09/2026;Material de oficina
OP-2026004665;ES6701280000130000000039;822,02;EUR;18/09/2026;Proveedor
OP-2026004666;ES9500490000010000000171;2.791.342,57;COP;27/09/2026;Transporte
OP-2026004667;ES2721000000620000000157;1.157,15;EUR;19/09/2026;Seguros
OP-2026004668;ES2720850000120000000045;901,06;EUR;23/09/2026;Seguros
OP-2026004669;ES2421000000610000000066;15.632,17;MXN;27/09/2026;Alquiler
OP-2026004670;ES3220850000100000000053;3.720.141,66;COP;25/09/2026;Nómina
OP-2026004671;ES3700490000010000000148;1.004,03;EUR;13/09/2026;Servicios profesionales
OP-2026004672;ES6421000000630000000024;1.182,43;USD;21/09/2026;Seguros
OP-2026004673;ES5600810000510000000125;879,36;EUR;20/09/2026;Viajes
OP-2026004674;ES5600810000510000000028;807,28;EUR;23/09/2026;Formación
OP-2026004675;ES9120850000110000000009;15.611,85;MXN;22/09/2026;Transporte
OP-2026004676;ES4700810000510000000093;768,79;EUR;26/09/2026;Suministros
OP-2026004677;ES8701820000950000000073;657,20;EUR;14/09/2026;Formación
OP-2026004678;ES3120850000150000000020;1.061,75;USD;21/09/2026;Material de oficina
OP-2026004679;ES0701280000170000000050;796,30;EUR;27/09/2026;Servicios profesionales
OP-2026004680;ES4601280000170000000027;968,65;EUR;13/09/2026;Publicidad
OP-2026004681;ES7521000000660000000164;937,79;EUR;20/09/2026;Nómina
OP-2026004682;ES9201820000900000000034;908,15;EUR;17/09/2026;Licencias de software
OP-2026004683;ES6920850000110000000211;540,01;EUR;18/09/2026;Material de oficina
OP-2026004684;ES8020850000110000000110;899,74;EUR;20/09/2026;Comisiones
OP-2026004685;ES2421000000610000000066;7.433,43;MXN;22/09/2026;Seguros
OP-2026004686;ES5801280000190000000101;1.061,83;EUR;18/09/2026;Licencias de software
OP-2026004687;ES7920850000120000000176;1.244,74;USD;20/09/2026;Formación
OP-2026004688;ES2721000000620000000157;904,05;EUR;24/09/2026;Seguros
OP-2026004689;ES9100810000580000000025;915,48;EUR;19/09/2026;Material de oficina
OP-2026004690;ES7601820000920000000030;1.022,88;EUR;15/09/2026;Licencias de software
OP-2026004691;ES7301820000910000000230;848,84;USD;15/09/2026;Viajes
OP-2026004692;ES1520850000100000000068;1.180,08;EUR;13/09/2026;Formación
OP-2026004693;ES6001820000960000000219;1.023,60;EUR;16/09/2026;Nómina
OP-2026004694;ES4800490000040000000094;14.056,09;MXN;22/09/2026;Proveedor
OP-2026004695;ES0200490000090000000192;1.140,04;USD;18/09/2026;Alquiler
OP-2026004696;ES4500810000510000000032;886,67;EUR;21/09/2026;Transporte
OP-2026004697;ES0220850000100000000108;756,82;EUR;27/09/2026;Transporte
OP-2026004698;ES6501820000970000000177;805,20;EUR;18/09/2026;Alquiler
OP-2026004699;ES5600490000000000000049;779,52;EUR;21/09/2026;Viajes
OP-2026004700;ES2720850000120000000045;1.412,42;USD;26/09/2026;Transporte
OP-2026004701;ES6901280000100000000150;13.541,23;MXN;13/09/2026;Mantenimiento
OP-2026004702;ES8320850000120000000104;16.750,23;MXN;19/09/2026;Viajes
OP-2026004703;ES9821000000680000000137;15.727,30;MXN;22/09/2026;Alquiler
OP-2026004704;ES7500810000510000000074;15.820,76;MXN;24/09/2026;Seguros
OP-2026004705;ES4601820000950000000035;1.122,55;USD;21/09/2026;Servicios profesionales
OP-2026004706;ES8100810000500000000015;3.200,00;MXN;18/09/2026;Publicidad
OP-2026004707;ES6000810000540000000100;779,73;EUR;20/09/2026;Seguros
OP-2026004708;ES4300810000570000000162;869,35;USD;16/09/2026;Servicios profesionales
OP-2026004709;ES3500810000550000000113;607,52;EUR;16/09/2026;Viajes
OP-2026004710;ES3401820000930000000058;11.103,96;MXN;13/09/2026;Publicidad
OP-2026004711;ES5801280000190000000101;823,31;USD;22/09/2026;Material de oficina
OP-2026004712;ES5621000000640000000022;909,54;EUR;19/09/2026;Transporte
OP-2026004713;ES6600810000500000000091;495,68;EUR;20/09/2026;Transporte
OP-2026004714;ES4221000000680000000175;1.071,10;USD;27/09/2026;Nómina
OP-2026004715;ES9200810000530000000155;1.216,44;EUR;20/09/2026;Transporte
OP-2026004716;ES9120850000140000000250;462,25;EUR;24/09/2026;Formación
OP-2026004717;ES3421000000690000000173;709,67;USD;17/09/2026;Proveedor
OP-2026004718;ES1520850000100000000068;766,20;USD;17/09/2026;Formación
OP-2026004719;ES7900810000560000000048;1.008,81;EUR;21/09/2026;Licencias de software
OP-2026004720;ES7601820000920000000030;606,66;EUR;14/09/2026;Seguros
OP-2026004721;ES8901280000110000000129;700,13;EUR;16/09/2026;Comisiones
OP-2026004722;ES7620850000110000000085;491,35;EUR;14/09/2026;Formación
OP-2026004723;ES8701820000950000000073;989,86;EUR;14/09/2026;Viajes
OP-2026004724;ES5401280000160000000029;902,03;EUR;20/09/2026;Viajes
OP-2026004725;ES4800490000040000000094;975,31;EUR;26/09/2026;Publicidad
OP-2026004726;ES6501820000970000000177;710,33;EUR;16/09/2026;Material de oficina
OP-2026004727;ES5420850000100000000239;1.044,82;EUR;25/09/2026;Publicidad
OP-2026004728;ES9400810000590000000213;820,58;EUR;26/09/2026;Mantenimiento
OP-2026004729;ES3621000000630000000043;1.201,37;EUR;13/09/2026;Suministros
OP-2026004730;ES2921000000680000000215;1.102,74;EUR;17/09/2026;Licencias de software
OP-2026004731;ES2520850000180000000078;682,55;USD;13/09/2026;Viajes
OP-2026004732;ES5501280000110000000159;640,08;EUR;15/09/2026;Mantenimiento
OP-2026004733;ES6600810000500000000091;609,19;EUR;19/09/2026;Nómina
OP-2026004734;ES6300490000040000000018;1.058,31;EUR;22/09/2026;Suministros
OP-2026004735;ES8020850000110000000013;904,82;EUR;18/09/2026;Servicios profesionales
OP-2026004736;ES1801280000170000000143;992,08;EUR;21/09/2026;Seguros
OP-2026004737;ES0701280000170000000050;956,73;EUR;23/09/2026;Publicidad
OP-2026004738;ES0500490000070000000236;843,28;USD;13/09/2026;Licencias de software
OP-2026004739;ES7701820000990000000057;525,37;USD;18/09/2026;Suministros
OP-2026004740;ES1901820000990000000228;685,22;EUR;15/09/2026;Alquiler
OP-2026004741;ES0301820000920000000180;725,01;EUR;20/09/2026;Nómina
OP-2026004742;ES5900490000010000000237;845,57;EUR;24/09/2026;Servicios profesionales
OP-2026004743;ES4721000000610000000040;4.825.955,91;COP;18/09/2026;Mantenimiento
OP-2026004744;ES5701820000950000000128;927,41;USD;20/09/2026;Nómina
OP-2026004745;ES1901820000990000000228;670,43;EUR;19/09/2026;Formación
OP-2026004746;ES5500490000050000000210;1.027,68;EUR;18/09/2026;Publicidad
OP-2026004747;ES7101280000160000000014;13.955,11;MXN;18/09/2026;Servicios profesionales
OP-2026004748;ES9001820000930000000117;1.330,76;EUR;18/09/2026;Publicidad
OP-2026004749;ES8021000000610000000222;862,10;EUR;15/09/2026;Nómina
OP-2026004750;ES6101820000980000000103;647,16;USD;20/09/2026;Transporte
OP-2026004751;ES6101820000980000000103;964,10;USD;15/09/2026;Suministros
OP-2026004752;ES1000810000590000000076;15.435,84;MXN;13/09/2026;Servicios profesionales
OP-2026004753;ES2401820000970000000139;720,45;EUR;19/09/2026;Alquiler
OP-2026004754;ES6600810000500000000091;740,74;EUR;22/09/2026;Material de oficina
OP-2026004755;ES3520850000140000000191;886,87;EUR;25/09/2026;Material de oficina
OP-2026004756;ES2921000000680000000215;934,62;EUR;21/09/2026;Viajes
OP-2026004757;ES4621000000680000000006;896,36;EUR;15/09/2026;Nómina
OP-2026004758;ES7320850000190000000038;739,05;EUR;20/09/2026;Nómina
OP-2026004759;ES3101280000140000000056;887,81;EUR;20/09/2026;Seguros
OP-2026004760;ES5420850000100000000239;1.342,95;EUR;13/09/2026;Alquiler
OP-2026004761;ES6920850000110000000211;975,99;EUR;22/09/2026;Alquiler
OP-2026004762;ES1200810000530000000140;733,47;EUR;26/09/2026;Nómina
OP-2026004763;ES6701280000130000000136;14.492,12;MXN;18/09/2026;Mantenimiento
OP-2026004764;ES8020850000110000000110;753,61;EUR;13/09/2026;Licencias de software
OP-2026004765;ES9120850000110000000009;4.238.883,73;COP;17/09/2026;Mantenimiento
OP-2026004766;ES9601280000110000000197;839,75;USD;27/09/2026;Proveedor
OP-2026004767;ES9001280000150000000109;878,27;EUR;27/09/2026;Comisiones
OP-2026004768;ES2701280000110000000178;578,98;EUR;25/09/2026;Nómina
OP-2026004769;ES3421000000690000000173;883,13;EUR;13/09/2026;Seguros
OP-2026004770;ES3700490000010000000148;554,66;EUR;25/09/2026;Licencias de software
OP-2026004771;ES8021000000610000000222;19.284,72;MXN;16/09/2026;Nómina
OP-2026004772;ES1820850000180000000010;1.133,11;EUR;23/09/2026;Comisiones
OP-2026004773;ES9720850000160000000238;21.682,02;MXN;16/09/2026;Comisiones
OP-2026004774;ES7221000000620000000026;18.993,09;MXN;25/09/2026;Mantenimiento
OP-2026004775;ES8020850000110000000207;742,53;EUR;16/09/2026;Nómina
OP-2026004776;ES7020850000180000000044;11.318,99;MXN;22/09/2026;Transporte
OP-2026004777;ES8501820000980000000156;912,25;USD;27/09/2026;Material de oficina
OP-2026004778;ES2501820000990000000023;674,39;EUR;24/09/2026;Seguros
OP-2026004779;ES6701820000910000000047;4.541.582,27;COP;25/09/2026;Material de oficina
OP-2026004780;ES6600810000590000000232;654,59;EUR;21/09/2026;Mantenimiento
OP-2026004781;ES9720850000160000000238;703,91;EUR;13/09/2026;Nómina
OP-2026004782;ES3421000000690000000173;635,00;USD;21/09/2026;Seguros
OP-2026004783;ES1420850000150000000132;905,84;USD;19/09/2026;Servicios profesionales
OP-2026004784;ES7120850000100000000224;707,89;USD;27/09/2026;Comisiones
OP-2026004785;ES8021000000610000000222;945,18;EUR;17/09/2026;Publicidad
OP-2026004786;ES8020850000110000000013;825,38;USD;24/09/2026;Comisiones
OP-2026004787;ES4700810000510000000093;17.232,83;MXN;26/09/2026;Mantenimiento
OP-2026004788;ES2721000000620000000157;520,18;EUR;23/09/2026;Material de oficina
OP-2026004789;ES6701280000130000000136;709,87;EUR;14/09/2026;Comisiones
OP-2026004790;ES6400490000020000000195;495,57;EUR;13/09/2026;Viajes
OP-2026004791;ES9621000000620000000079;779,90;USD;20/09/2026;Material de oficina
OP-2026004792;ES8620850000160000000145;946,94;EUR;27/09/2026;Transporte
OP-2026004793;ES4901820000960000000126;955,63;USD;23/09/2026;Comisiones
OP-2026004794;ES3421000000690000000173;3.956.161,47;COP;18/09/2026;Licencias de software
OP-2026004795;ES6701280000160000000086;3.625.176,25;COP;13/09/2026;Nómina
OP-2026004796;ES3820850000120000000235;904,28;EUR;13/09/2026;Suministros
OP-2026004797;ES8901280000110000000129;998,82;USD;26/09/2026;Formación
OP-2026004798;ES1801820000950000000054;3.942.858,96;COP;16/09/2026;Licencias de software
OP-2026004799;ES8620850000160000000145;885,48;USD;25/09/2026;Licencias de software
OP-2026004800;ES7301820000910000000230;2.961.044,67;COP;25/09/2026;Mantenimiento
OP-2026004801;ES6520850000110000000186;745,11;EUR;17/09/2026;Comisiones
OP-2026004802;ES6421000000630000000024;13.807,21;MXN;27/09/2026;Formación
OP-2026004803;ES7600490000040000000172;1.119,60;USD;19/09/2026;Suministros
OP-2026004804;ES7600810000550000000151;902,19;USD;25/09/2026;Transporte
OP-2026004805;ES8401280000130000000121;880,09;USD;25/09/2026;Material de oficina
OP-2026004806;ES4800810000520000000123;1.090,61;USD;16/09/2026;Mantenimiento
OP-2026004807;ES9301280000190000000247;1.255,99;EUR;25/09/2026;Nómina
OP-2026004808;ES6701280000130000000136;833,21;USD;27/09/2026;Suministros
OP-2026004809;ES3500490000070000000181;1.014,90;USD;27/09/2026;Nómina
OP-2026004810;ES3421000000690000000173;20.190,60;MXN;22/09/2026;Mantenimiento
OP-2026004811;ES4220850000180000000063;20.369,74;MXN;25/09/2026;Seguros
OP-2026004812;ES8321000000620000000119;4.390.407,46;COP;15/09/2026;Transporte
OP-2026004813;ES0600490000090000000120;772,88;EUR;21/09/2026;Mantenimiento
OP-2026004814;ES7621000000650000000001;970,69;EUR;19/09/2026;Viajes
OP-2026004815;ES3700490000010000000148;761,38;EUR;19/09/2026;Viajes
OP-2026004816;ES5001280000130000000248;1.022,12;EUR;15/09/2026;Servicios profesionales
OP-2026004817;ES6500810000520000000011;708,32;EUR;27/09/2026;Suministros
OP-2026004818;ES8100810000530000000062;1.177,27;USD;13/09/2026;Servicios profesionales
OP-2026004819;ES6300490000040000000018;903,34;EUR;22/09/2026;Servicios profesionales
OP-2026004820;ES9120850000110000000009;726,70;EUR;22/09/2026;Alquiler
OP-2026004821;ES5701820000950000000128;1.092,73;EUR;14/09/2026;Comisiones
OP-2026004822;ES1320850000160000000198;1.095,67;EUR;22/09/2026;Formación
OP-2026004823;ES3601820000990000000116;15.861,41;MXN;14/09/2026;Suministros
OP-2026004824;ES3400810000510000000036;1.145,55;EUR;16/09/2026;Material de oficina
OP-2026004825;ES7620850000110000000085;281,05;USD;27/09/2026;Publicidad
OP-2026004826;ES2421000000610000000163;1.210,43;EUR;22/09/2026;Servicios profesionales
OP-2026004827;ES6600810000590000000232;699,09;EUR;17/09/2026;Alquiler
OP-2026004828;ES6300490000040000000115;772,33;USD;27/09/2026;Suministros
OP-2026004829;ES9320850000110000000167;762,00;EUR;23/09/2026;Proveedor
OP-2026004830;ES7521000000660000000164;4.223.676,12;COP;22/09/2026;Publicidad
OP-2026004831;ES9321000000610000000182;774,78;USD;20/09/2026;Transporte
OP-2026004832;ES2401820000970000000139;700,39;EUR;24/09/2026;Material de oficina
OP-2026004833;ES0600490000090000000120;1.128,44;EUR;25/09/2026;Servicios profesionales
OP-2026004834;ES9321000000610000000182;988,77;EUR;19/09/2026;Seguros
OP-2026004835;ES4800490000040000000094;13.332,90;MXN;18/09/2026;Transporte
OP-2026004836;ES7221000000620000000026;2.279.513,59;COP;14/09/2026;Mantenimiento
OP-2026004837;ES2701280000110000000178;560,65;EUR;16/09/2026;Suministros
OP-2026004838;ES3421000000690000000173;574,75;EUR;18/09/2026;Suministros
OP-2026004839;ES8501820000950000000206;773,35;EUR;14/09/2026;Comisiones
OP-2026004840;ES1200810000560000000090;867,84;USD;27/09/2026;Proveedor
OP-2026004841;ES8700810000550000000147;562,33;EUR;16/09/2026;Formación
OP-2026004842;ES3220850000100000000053;10.321,93;MXN;26/09/2026;Comisiones
OP-2026004843;ES8321000000620000000119;826,77;EUR;22/09/2026;Mantenimiento
OP-2026004844;ES5420850000100000000239;953,28;EUR;27/09/2026;Servicios profesionales
OP-2026004845;ES6600810000590000000232;795,15;EUR;22/09/2026;Transporte
OP-2026004846;ES7701820000960000000107;1.109,83;USD;16/09/2026;Transporte
OP-2026004847;ES7600810000520000000201;1.155,29;EUR;19/09/2026;Licencias de software
OP-2026004848;ES1800490000040000000246;704,31;EUR;14/09/2026;Formación
OP-2026004849;ES6300490000040000000018;13.493,46;MXN;14/09/2026;Mantenimiento
OP-2026004850;ES7500810000510000000074;1.425,10;USD;24/09/2026;Servicios profesionales
OP-2026004851;ES9001280000150000000109;14.741,50;MXN;17/09/2026;Seguros
OP-2026004852;ES0200490000090000000192;898,29;EUR;27/09/2026;Comisiones
OP-2026004853;ES6501820000970000000177;3.661.251,07;COP;26/09/2026;Formación
OP-2026004854;ES7801280000160000000179;1.028,25;EUR;15/09/2026;Material de oficina
OP-2026004855;ES3520850000140000000191;4.226.032,54;COP;16/09/2026;Licencias de software
OP-2026004856;ES5500490000050000000210;796,62;EUR;14/09/2026;Formación
OP-2026004857;ES6701820000910000000047;843,36;EUR;26/09/2026;Licencias de software
OP-2026004858;ES7521000000630000000214;427,52;USD;24/09/2026;Formación
OP-2026004859;ES7521000000660000000164;4.553.825,48;COP;21/09/2026;Publicidad
OP-2026004860;ES0201820000900000000199;793,35;EUR;27/09/2026;Seguros
OP-2026004861;ES3500810000580000000160;864,10;EUR;13/09/2026;Nómina
OP-2026004862;ES9100490000070000000240;807,81;EUR;13/09/2026;Publicidad
OP-2026004863;ES2121000000690000000019;538,69;EUR;27/09/2026;Suministros
OP-2026004864;ES3700490000010000000148;725,66;EUR;27/09/2026;Seguros
OP-2026004865;ES7620850000110000000085;612,09;EUR;21/09/2026;Material de oficina
OP-2026004866;ES4700810000510000000093;4.127.435,76;COP;27/09/2026;Licencias de software
OP-2026004867;ES8401280000130000000121;1.163,27;USD;27/09/2026;Proveedor
OP-2026004868;ES7600810000550000000151;12.524,11;MXN;14/09/2026;Seguros
OP-2026004869;ES7420850000140000000168;1.360,19;EUR;21/09/2026;Mantenimiento
OP-2026004870;ES8320850000120000000104;1.305,19;USD;20/09/2026;Seguros
OP-2026004871;ES8901280000110000000129;1.024,98;USD;22/09/2026;Formación
OP-2026004872;ES2721000000620000000157;1.022,46;USD;24/09/2026;Comisiones
OP-2026004873;ES8100810000500000000015;977,39;EUR;23/09/2026;Servicios profesionales
OP-2026004874;ES4601280000170000000027;3.452.568,11;COP;18/09/2026;Comisiones
OP-2026004875;ES5801280000190000000101;792,23;USD;21/09/2026;Mantenimiento
OP-2026004876;ES2101820000910000000002;1.409,10;EUR;15/09/2026;Formación
OP-2026004877;ES9301280000190000000247;600,12;EUR;26/09/2026;Alquiler
OP-2026004878;ES5701820000950000000128;920,65;EUR;14/09/2026;Licencias de software
OP-2026004879;ES4220850000150000000016;1.216,42;USD;20/09/2026;Publicidad
OP-2026004880;ES7601820000920000000030;1.144,58;EUR;22/09/2026;Seguros
OP-2026004881;ES7120850000100000000224;1.080,00;USD;21/09/2026;Viajes
OP-2026004882;ES4721000000610000000040;21.636,59;MXN;14/09/2026;Comisiones
OP-2026004883;ES7001280000140000000227;865,37;EUR;20/09/2026;Suministros
OP-2026004884;ES7701820000960000000107;790,82;EUR;20/09/2026;Material de oficina
OP-2026004885;ES3900810000540000000187;7.514,44;MXN;13/09/2026;Seguros
OP-2026004886;ES1501280000160000000052;846,32;USD;27/09/2026;Material de oficina
OP-2026004887;ES1200490000020000000161;955,46;EUR;24/09/2026;Alquiler
OP-2026004888;ES6620850000150000000069;974,10;EUR;27/09/2026;Material de oficina
OP-2026004889;ES3400810000510000000036;1.706.965,27;COP;15/09/2026;Transporte
OP-2026004890;ES1320850000160000000198;448,35;EUR;13/09/2026;Viajes
OP-2026004891;ES3400810000510000000133;3.737.358,31;COP;26/09/2026;Mantenimiento
OP-2026004892;ES7101280000160000000111;592,01;USD;20/09/2026;Seguros
OP-2026004893;ES9401820000990000000042;1.629.006,67;COP;15/09/2026;Formación
OP-2026004894;ES5901280000140000000037;47.571,11;EUR;14/09/2026;Compra extraordinaria
OP-2026004895;ES2421000000610000000066;936,90;EUR;17/09/2026;Transporte
OP-2026004896;ES7701820000990000000154;739,45;EUR;22/09/2026;Material de oficina
OP-2026004897;ES5400810000540000000208;972,92;EUR;24/09/2026;Transporte
OP-2026004898;ES9601280000110000000197;1.022,91;EUR;24/09/2026;Nómina
OP-2026004899;ES5600810000510000000125;4.210.650,15;COP;24/09/2026;Transporte
OP-2026004900;ES4600810000580000000059;518,87;EUR;13/09/2026;Transporte
OP-2026004901;ES7300810000540000000060;3.944.716,81;COP;27/09/2026;Material de oficina
OP-2026004902;ES3401820000930000000058;2.582.296,06;COP;17/09/2026;Publicidad
OP-2026004903;ES1420850000150000000132;1.069,65;USD;17/09/2026;Comisiones
OP-2026004904;ES7920850000120000000176;2.996.091,37;COP;15/09/2026;Material de oficina
OP-2026004905;ES5300810000500000000131;1.101,62;EUR;22/09/2026;Seguros
OP-2026004906;ES0421000000600000000087;808,36;EUR;26/09/2026;Alquiler
OP-2026004907;ES8020850000110000000110;1.036,70;USD;21/09/2026;Suministros
OP-2026004908;ES4201280000170000000099;1.254,76;EUR;27/09/2026;Alquiler
OP-2026004909;ES2000810000520000000142;17.543,09;MXN;27/09/2026;Comisiones
OP-2026004910;ES8320850000120000000104;15.774,15;MXN;16/09/2026;Nómina
OP-2026004911;ES7521000000660000000164;816,86;EUR;20/09/2026;Formación
OP-2026004912;ES3421000000660000000223;912,00;EUR;20/09/2026;Nómina
OP-2026004913;ES6700490000010000000190;849,98;EUR;14/09/2026;Transporte
OP-2026004914;ES8901280000110000000129;1.162,90;EUR;19/09/2026;Mantenimiento
OP-2026004915;ES7400490000070000000158;18.463,86;MXN;27/09/2026;Comisiones
OP-2026004916;ES8721000000680000000141;3.786.901,27;COP;17/09/2026;Material de oficina
OP-2026004917;ES2520850000180000000078;866,01;USD;26/09/2026;Comisiones
OP-2026004918;ES4601820000950000000035;4.367.799,98;COP;21/09/2026;Transporte
OP-2026004919;ES8701820000950000000073;3.578.704,70;COP;18/09/2026;Licencias de software
OP-2026004920;ES2121000000690000000019;692,42;EUR;17/09/2026;Material de oficina
OP-2026004921;ES8121000000680000000249;975,41;EUR;27/09/2026;Proveedor
OP-2026004922;ES3221000000600000000165;741,71;EUR;25/09/2026;Mantenimiento
OP-2026004923;ES0700490000010000000203;844,27;EUR;14/09/2026;Nómina
OP-2026004924;ES4400810000520000000098;983,73;EUR;15/09/2026;Viajes
OP-2026004925;ES1000810000590000000076;1.217,03;USD;20/09/2026;Proveedor
OP-2026004926;ES7120850000130000000077;945,64;EUR;16/09/2026;Suministros
OP-2026004927;ES0220850000100000000205;969,39;EUR;18/09/2026;Comisiones
OP-2026004928;ES1901820000990000000228;962,55;EUR;13/09/2026;Alquiler
OP-2026004929;ES8120850000180000000234;877,27;EUR;20/09/2026;Formación
OP-2026004930;ES7701820000990000000057;2.107.967,86;COP;23/09/2026;Comisiones
OP-2026004931;ES8721000000680000000141;782,14;EUR;24/09/2026;Servicios profesionales
OP-2026004932;ES1200490000020000000161;827,25;EUR;24/09/2026;Proveedor
OP-2026004933;ES7120850000100000000224;993,40;EUR;13/09/2026;Mantenimiento
OP-2026004934;ES8401820000910000000226;977,33;USD;18/09/2026;Nómina
OP-2026004935;ES6300490000040000000212;578,10;EUR;14/09/2026;Seguros
OP-2026004936;ES8020850000110000000110;755,31;EUR;19/09/2026;Servicios profesionales
OP-2026004937;ES0421000000600000000087;1.024,64;EUR;27/09/2026;Transporte
OP-2026004938;ES4000810000560000000071;4.426.316,53;COP;22/09/2026;Viajes
OP-2026004939;ES6320850000140000000075;1.833.942,88;COP;21/09/2026;Alquiler
OP-2026004940;ES9321000000610000000182;1.200,17;EUR;26/09/2026;Transporte
OP-2026004941;ES7701820000990000000057;15.221,83;MXN;23/09/2026;Nómina
OP-2026004942;ES6520850000110000000089;905,11;EUR;21/09/2026;Licencias de software
OP-2026004943;ES1200810000530000000140;1.074,48;EUR;15/09/2026;Transporte
OP-2026004944;ES6300490000040000000212;977,72;USD;20/09/2026;Publicidad
OP-2026004945;ES4500810000510000000032;1.013,47;EUR;24/09/2026;Proveedor
OP-2026004946;ES5600810000510000000028;1.006,13;USD;15/09/2026;Proveedor
OP-2026004947;ES5001280000130000000248;1.122,59;USD;19/09/2026;Publicidad
OP-2026004948;ES0220850000100000000205;485,62;EUR;26/09/2026;Suministros
OP-2026004949;ES6500810000520000000011;836,21;USD;13/09/2026;Formación
OP-2026004950;ES3621000000630000000043;861,15;USD;18/09/2026;Publicidad
OP-2026004951;ES2300810000530000000233;16.160,37;MXN;27/09/2026;Alquiler
OP-2026004952;ES3600810000530000000193;870,14;EUR;13/09/2026;Material de oficina
OP-2026004953;ES8400490000000000000127;931,88;EUR;16/09/2026;Alquiler
OP-2026004954;ES1820850000180000000010;18.482,08;MXN;14/09/2026;Suministros
OP-2026004955;ES2420850000110000000245;995,76;USD;22/09/2026;Seguros
OP-2026004956;ES9600810000560000000130;381,42;EUR;23/09/2026;Comisiones
OP-2026004957;ES5701820000950000000128;948,09;EUR;21/09/2026;Seguros
OP-2026004958;ES7020850000180000000044;14.753,15;MXN;27/09/2026;Material de oficina
OP-2026004959;ES4621000000680000000006;1.000,62;EUR;19/09/2026;Alquiler
OP-2026004960;ES3101280000140000000153;725,23;EUR;18/09/2026;Formación
OP-2026004961;ES5401280000160000000029;1.201,65;EUR;15/09/2026;Comisiones
OP-2026004962;ES7621000000650000000001;982,48;EUR;14/09/2026;Material de oficina
OP-2026004963;ES3120850000150000000020;783,09;EUR;21/09/2026;Viajes
OP-2026004964;ES2421000000610000000066;652,35;EUR;21/09/2026;Nómina
OP-2026004965;ES7201280000110000000144;1.049,66;EUR;15/09/2026;Alquiler
OP-2026004966;ES6901280000100000000150;22.702,54;MXN;15/09/2026;Seguros
OP-2026004967;ES6300490000040000000212;801,67;EUR;24/09/2026;Licencias de software
OP-2026004968;ES7701820000990000000057;1.316,24;USD;18/09/2026;Licencias de software
OP-2026004969;ES0500490000070000000236;962,58;USD;13/09/2026;Proveedor
OP-2026004970;ES9120850000110000000009;983,79;EUR;27/09/2026;Material de oficina
OP-2026004971;ES5100810000560000000067;675,41;USD;18/09/2026;Seguros
OP-2026004972;ES7701820000990000000057;964,18;EUR;15/09/2026;Formación
OP-2026004973;ES2401280000100000000184;812,26;EUR;26/09/2026;Publicidad
OP-2026004974;ES3600810000530000000193;666,23;USD;18/09/2026;Licencias de software
OP-2026004975;ES2701280000110000000178;661,07;EUR;26/09/2026;Viajes
OP-2026004976;ES4400810000520000000098;1.107,41;EUR;21/09/2026;Comisiones
OP-2026004977;ES2000810000520000000142;626,47;EUR;21/09/2026;Formación
OP-2026004978;ES1501280000130000000005;802,42;USD;14/09/2026;Nómina
OP-2026004979;ES7300810000540000000060;1.200,48;EUR;26/09/2026;Material de oficina
OP-2026004980;ES9120850000140000000250;658,55;EUR;26/09/2026;Suministros
OP-2026004981;ES9401820000990000000042;3.458.597,04;COP;23/09/2026;Seguros
OP-2026004982;ES9601280000110000000197;909,53;EUR;16/09/2026;Licencias de software
OP-2026004983;ES0500490000070000000236;797,28;EUR;18/09/2026;Seguros
OP-2026004984;ES6701820000910000000047;782,80;EUR;22/09/2026;Servicios profesionales
OP-2026004985;ES9401820000990000000042;651,27;EUR;14/09/2026;Licencias de software
OP-2026004986;ES7701820000960000000107;625,54;EUR;23/09/2026;Servicios profesionales
OP-2026004987;ES6720850000140000000003;19.602,82;MXN;22/09/2026;Material de oficina
OP-2026004988;ES7120850000130000000174;784,42;EUR;20/09/2026;Transporte
OP-2026004989;ES4221000000680000000175;660,97;EUR;24/09/2026;Suministros
OP-2026004990;ES8700810000550000000244;763,81;USD;17/09/2026;Material de oficina
OP-2026004991;ES8400490000000000000127;1.082,33;EUR;22/09/2026;Alquiler
OP-2026004992;ES3801820000960000000033;256,00;USD;15/09/2026;Mantenimiento
OP-2026004993;ES3400810000510000000036;1.031,20;EUR;27/09/2026;Servicios profesionales
OP-2026004994;ES5501280000110000000159;1.069,43;EUR;24/09/2026;Alquiler
OP-2026004995;ES2120850000190000000004;322,17;EUR;17/09/2026;Comisiones
OP-2026004996;ES8400490000000000000127;912,96;EUR;14/09/2026;Suministros
OP-2026004997;ES8620850000160000000242;816,81;EUR;20/09/2026;Nómina
OP-2026004998;ES6200810000510000000017;19.408,30;MXN;20/09/2026;Mantenimiento
OP-2026004999;ES8001280000130000000096;734,13;USD;18/09/2026;Comisiones
OP-2026005000;ES8121000000680000000249;896,57;EUR;27/09/2026;Alquiler
